ЭТАП 1/2 — обучение: 60 моделей | seeds=20 | conditions=3

--- запуск 1/60: seed=0, condition=INTERLEAVED ---
ЭТАП 1/2 — обучение ░░░░░░░░░░░░░░░░░░░░░░░░░░░░   0.0% 1/60 | seed=0 INTERLEAVED | step 0/20000 | ETA текущего run 0м 00с | started
ЭТАП 1/2 — обучение ░░░░░░░░░░░░░░░░░░░░░░░░░░░░   0.0% 1/60 | seed=0 INTERLEAVED | step 500/20000 | ETA текущего run 1м 54с | training
ЭТАП 1/2 — обучение ░░░░░░░░░░░░░░░░░░░░░░░░░░░░   0.1% 1/60 | seed=0 INTERLEAVED | step 1000/20000 | ETA текущего run 2м 41с | training
ЭТАП 1/2 — обучение ░░░░░░░░░░░░░░░░░░░░░░░░░░░░   0.1% 1/60 | seed=0 INTERLEAVED | step 1500/20000 | ETA текущего run 2м 51с | training
ЭТАП 1/2 — обучение ░░░░░░░░░░░░░░░░░░░░░░░░░░░░   0.2% 1/60 | seed=0 INTERLEAVED | step 2000/20000 | ETA текущего run 2м 56с | training
ЭТАП 1/2 — обучение ░░░░░░░░░░░░░░░░░░░░░░░░░░░░   0.2% 1/60 | seed=0 INTERLEAVED | step 2500/20000 | ETA текущего run 2м 43с | training
ЭТАП 1/2 — обучение ░░░░░░░░░░░░░░░░░░░░░░░░░░░░   0.2% 1/60 | seed=0 INTERLEAVED | step 3000/20000 | ETA текущего run 2м 24с | training
ЭТАП 1/2 — обучение ░░░░░░░░░░░░░░░░░░░░░░░░░░░░   0.3% 1/60 | seed=0 INTERLEAVED | step 3500/20000 | ETA текущего run 2м 09с | training
ЭТАП 1/2 — обучение ░░░░░░░░░░░░░░░░░░░░░░░░░░░░   0.3% 1/60 | seed=0 INTERLEAVED | step 4000/20000 | ETA текущего run 2м 10с | training
ЭТАП 1/2 — обучение ░░░░░░░░░░░░░░░░░░░░░░░░░░░░   0.3% 1/60 | seed=0 INTERLEAVED | step 4000/20000 | ETA текущего run 2м 10с | checkpoint
ЭТАП 1/2 — обучение ░░░░░░░░░░░░░░░░░░░░░░░░░░░░   0.4% 1/60 | seed=0 INTERLEAVED | step 4500/20000 | ETA текущего run 2м 09с | training
ЭТАП 1/2 — обучение ░░░░░░░░░░░░░░░░░░░░░░░░░░░░   0.4% 1/60 | seed=0 INTERLEAVED | step 5000/20000 | ETA текущего run 2м 02с | training
ЭТАП 1/2 — обучение ░░░░░░░░░░░░░░░░░░░░░░░░░░░░   0.5% 1/60 | seed=0 INTERLEAVED | step 5500/20000 | ETA текущего run 1м 52с | training
ЭТАП 1/2 — обучение ░░░░░░░░░░░░░░░░░░░░░░░░░░░░   0.5% 1/60 | seed=0 INTERLEAVED | step 6000/20000 | ETA текущего run 1м 44с | training
ЭТАП 1/2 — обучение ░░░░░░░░░░░░░░░░░░░░░░░░░░░░   0.5% 1/60 | seed=0 INTERLEAVED | step 6500/20000 | ETA текущего run 1м 37с | training
ЭТАП 1/2 — обучение ░░░░░░░░░░░░░░░░░░░░░░░░░░░░   0.6% 1/60 | seed=0 INTERLEAVED | step 7000/20000 | ETA текущего run 1м 31с | training
ЭТАП 1/2 — обучение ░░░░░░░░░░░░░░░░░░░░░░░░░░░░   0.6% 1/60 | seed=0 INTERLEAVED | step 7500/20000 | ETA текущего run 1м 25с | training
ЭТАП 1/2 — обучение ░░░░░░░░░░░░░░░░░░░░░░░░░░░░   0.7% 1/60 | seed=0 INTERLEAVED | step 8000/20000 | ETA текущего run 1м 20с | training
ЭТАП 1/2 — обучение ░░░░░░░░░░░░░░░░░░░░░░░░░░░░   0.7% 1/60 | seed=0 INTERLEAVED | step 8500/20000 | ETA текущего run 1м 21с | training
ЭТАП 1/2 — обучение ░░░░░░░░░░░░░░░░░░░░░░░░░░░░   0.8% 1/60 | seed=0 INTERLEAVED | step 9000/20000 | ETA текущего run 1м 19с | training
ЭТАП 1/2 — обучение ░░░░░░░░░░░░░░░░░░░░░░░░░░░░   0.8% 1/60 | seed=0 INTERLEAVED | step 9500/20000 | ETA текущего run 1м 18с | training
ЭТАП 1/2 — обучение ░░░░░░░░░░░░░░░░░░░░░░░░░░░░   0.8% 1/60 | seed=0 INTERLEAVED | step 10000/20000 | ETA текущего run 1м 15с | training
ЭТАП 1/2 — обучение ░░░░░░░░░░░░░░░░░░░░░░░░░░░░   0.8% 1/60 | seed=0 INTERLEAVED | step 10000/20000 | ETA текущего run 1м 15с | checkpoint
ЭТАП 1/2 — обучение ░░░░░░░░░░░░░░░░░░░░░░░░░░░░   0.9% 1/60 | seed=0 INTERLEAVED | step 10500/20000 | ETA текущего run 1м 13с | training
ЭТАП 1/2 — обучение ░░░░░░░░░░░░░░░░░░░░░░░░░░░░   0.9% 1/60 | seed=0 INTERLEAVED | step 11000/20000 | ETA текущего run 1м 10с | training
ЭТАП 1/2 — обучение ░░░░░░░░░░░░░░░░░░░░░░░░░░░░   1.0% 1/60 | seed=0 INTERLEAVED | step 11500/20000 | ETA текущего run 1м 07с | training
ЭТАП 1/2 — обучение ░░░░░░░░░░░░░░░░░░░░░░░░░░░░   1.0% 1/60 | seed=0 INTERLEAVED | step 12000/20000 | ETA текущего run 1м 04с | training
ЭТАП 1/2 — обучение ░░░░░░░░░░░░░░░░░░░░░░░░░░░░   1.0% 1/60 | seed=0 INTERLEAVED | step 12500/20000 | ETA текущего run 1м 01с | training
ЭТАП 1/2 — обучение ░░░░░░░░░░░░░░░░░░░░░░░░░░░░   1.1% 1/60 | seed=0 INTERLEAVED | step 13000/20000 | ETA текущего run 0м 57с | training
ЭТАП 1/2 — обучение ░░░░░░░░░░░░░░░░░░░░░░░░░░░░   1.1% 1/60 | seed=0 INTERLEAVED | step 13500/20000 | ETA текущего run 0м 54с | training
ЭТАП 1/2 — обучение ░░░░░░░░░░░░░░░░░░░░░░░░░░░░   1.2% 1/60 | seed=0 INTERLEAVED | step 14000/20000 | ETA текущего run 0м 50с | training
ЭТАП 1/2 — обучение ░░░░░░░░░░░░░░░░░░░░░░░░░░░░   1.2% 1/60 | seed=0 INTERLEAVED | step 14500/20000 | ETA текущего run 0м 46с | training
ЭТАП 1/2 — обучение ░░░░░░░░░░░░░░░░░░░░░░░░░░░░   1.2% 1/60 | seed=0 INTERLEAVED | step 15000/20000 | ETA текущего run 0м 43с | training
ЭТАП 1/2 — обучение ░░░░░░░░░░░░░░░░░░░░░░░░░░░░   1.3% 1/60 | seed=0 INTERLEAVED | step 15500/20000 | ETA текущего run 0м 39с | training
ЭТАП 1/2 — обучение ░░░░░░░░░░░░░░░░░░░░░░░░░░░░   1.3% 1/60 | seed=0 INTERLEAVED | step 16000/20000 | ETA текущего run 0м 34с | training
ЭТАП 1/2 — обучение ░░░░░░░░░░░░░░░░░░░░░░░░░░░░   1.4% 1/60 | seed=0 INTERLEAVED | step 16500/20000 | ETA текущего run 0м 30с | training
ЭТАП 1/2 — обучение ░░░░░░░░░░░░░░░░░░░░░░░░░░░░   1.4% 1/60 | seed=0 INTERLEAVED | step 17000/20000 | ETA текущего run 0м 25с | training
ЭТАП 1/2 — обучение ░░░░░░░░░░░░░░░░░░░░░░░░░░░░   1.5% 1/60 | seed=0 INTERLEAVED | step 17500/20000 | ETA текущего run 0м 21с | training
ЭТАП 1/2 — обучение ░░░░░░░░░░░░░░░░░░░░░░░░░░░░   1.5% 1/60 | seed=0 INTERLEAVED | step 18000/20000 | ETA текущего run 0м 16с | training
ЭТАП 1/2 — обучение ░░░░░░░░░░░░░░░░░░░░░░░░░░░░   1.5% 1/60 | seed=0 INTERLEAVED | step 18500/20000 | ETA текущего run 0м 12с | training
ЭТАП 1/2 — обучение ░░░░░░░░░░░░░░░░░░░░░░░░░░░░   1.6% 1/60 | seed=0 INTERLEAVED | step 19000/20000 | ETA текущего run 0м 08с | training
ЭТАП 1/2 — обучение ░░░░░░░░░░░░░░░░░░░░░░░░░░░░   1.6% 1/60 | seed=0 INTERLEAVED | step 19500/20000 | ETA текущего run 0м 04с | training
ЭТАП 1/2 — обучение ░░░░░░░░░░░░░░░░░░░░░░░░░░░░   1.7% 1/60 | seed=0 INTERLEAVED | step 20000/20000 | ETA текущего run 0м 00с | training
ЭТАП 1/2 — обучение ░░░░░░░░░░░░░░░░░░░░░░░░░░░░   1.7% 1/60 | seed=0 INTERLEAVED | step 20000/20000 | ETA текущего run 0м 00с | checkpoint
ЭТАП 1/2 — обучение ░░░░░░░░░░░░░░░░░░░░░░░░░░░░   1.7% 1/60 | seed=0 INTERLEAVED | step 20000/20000 | ETA текущего run 0м 00с | completed

--- запуск 2/60: seed=0, condition=BLOCKED_AB ---
ЭТАП 1/2 — обучение ░░░░░░░░░░░░░░░░░░░░░░░░░░░░   1.7% 2/60 | seed=0 BLOCKED_AB | step 0/20000 | ETA текущего run 0м 00с | started
ЭТАП 1/2 — обучение ░░░░░░░░░░░░░░░░░░░░░░░░░░░░   1.7% 2/60 | seed=0 BLOCKED_AB | step 500/20000 | ETA текущего run 1м 11с | training
ЭТАП 1/2 — обучение ░░░░░░░░░░░░░░░░░░░░░░░░░░░░   1.8% 2/60 | seed=0 BLOCKED_AB | step 1000/20000 | ETA текущего run 1м 26с | training
ЭТАП 1/2 — обучение ░░░░░░░░░░░░░░░░░░░░░░░░░░░░   1.8% 2/60 | seed=0 BLOCKED_AB | step 1500/20000 | ETA текущего run 1м 30с | training
ЭТАП 1/2 — обучение ░░░░░░░░░░░░░░░░░░░░░░░░░░░░   1.8% 2/60 | seed=0 BLOCKED_AB | step 2000/20000 | ETA текущего run 1м 31с | training
ЭТАП 1/2 — обучение ░░░░░░░░░░░░░░░░░░░░░░░░░░░░   1.9% 2/60 | seed=0 BLOCKED_AB | step 2500/20000 | ETA текущего run 1м 27с | training
ЭТАП 1/2 — обучение ░░░░░░░░░░░░░░░░░░░░░░░░░░░░   1.9% 2/60 | seed=0 BLOCKED_AB | step 3000/20000 | ETA текущего run 1м 26с | training
ЭТАП 1/2 — обучение ░░░░░░░░░░░░░░░░░░░░░░░░░░░░   2.0% 2/60 | seed=0 BLOCKED_AB | step 3500/20000 | ETA текущего run 1м 25с | training
ЭТАП 1/2 — обучение ░░░░░░░░░░░░░░░░░░░░░░░░░░░░   2.0% 2/60 | seed=0 BLOCKED_AB | step 4000/20000 | ETA текущего run 1м 23с | training
ЭТАП 1/2 — обучение ░░░░░░░░░░░░░░░░░░░░░░░░░░░░   2.0% 2/60 | seed=0 BLOCKED_AB | step 4000/20000 | ETA текущего run 1м 23с | checkpoint
ЭТАП 1/2 — обучение ░░░░░░░░░░░░░░░░░░░░░░░░░░░░   2.0% 2/60 | seed=0 BLOCKED_AB | step 4500/20000 | ETA текущего run 1м 21с | training
ЭТАП 1/2 — обучение ░░░░░░░░░░░░░░░░░░░░░░░░░░░░   2.1% 2/60 | seed=0 BLOCKED_AB | step 5000/20000 | ETA текущего run 1м 20с | training
ЭТАП 1/2 — обучение ░░░░░░░░░░░░░░░░░░░░░░░░░░░░   2.1% 2/60 | seed=0 BLOCKED_AB | step 5500/20000 | ETA текущего run 1м 17с | training
ЭТАП 1/2 — обучение ░░░░░░░░░░░░░░░░░░░░░░░░░░░░   2.2% 2/60 | seed=0 BLOCKED_AB | step 6000/20000 | ETA текущего run 1м 15с | training
ЭТАП 1/2 — обучение ░░░░░░░░░░░░░░░░░░░░░░░░░░░░   2.2% 2/60 | seed=0 BLOCKED_AB | step 6500/20000 | ETA текущего run 1м 13с | training
ЭТАП 1/2 — обучение ░░░░░░░░░░░░░░░░░░░░░░░░░░░░   2.3% 2/60 | seed=0 BLOCKED_AB | step 7000/20000 | ETA текущего run 1м 10с | training
ЭТАП 1/2 — обучение ░░░░░░░░░░░░░░░░░░░░░░░░░░░░   2.3% 2/60 | seed=0 BLOCKED_AB | step 7500/20000 | ETA текущего run 1м 07с | training
ЭТАП 1/2 — обучение ░░░░░░░░░░░░░░░░░░░░░░░░░░░░   2.3% 2/60 | seed=0 BLOCKED_AB | step 8000/20000 | ETA текущего run 1м 05с | training
ЭТАП 1/2 — обучение ░░░░░░░░░░░░░░░░░░░░░░░░░░░░   2.4% 2/60 | seed=0 BLOCKED_AB | step 8500/20000 | ETA текущего run 1м 02с | training
ЭТАП 1/2 — обучение ░░░░░░░░░░░░░░░░░░░░░░░░░░░░   2.4% 2/60 | seed=0 BLOCKED_AB | step 9000/20000 | ETA текущего run 1м 00с | training
ЭТАП 1/2 — обучение ░░░░░░░░░░░░░░░░░░░░░░░░░░░░   2.5% 2/60 | seed=0 BLOCKED_AB | step 9500/20000 | ETA текущего run 0м 57с | training
ЭТАП 1/2 — обучение ░░░░░░░░░░░░░░░░░░░░░░░░░░░░   2.5% 2/60 | seed=0 BLOCKED_AB | step 10000/20000 | ETA текущего run 0м 54с | training
ЭТАП 1/2 — обучение ░░░░░░░░░░░░░░░░░░░░░░░░░░░░   2.5% 2/60 | seed=0 BLOCKED_AB | step 10000/20000 | ETA текущего run 0м 54с | checkpoint
ЭТАП 1/2 — обучение ░░░░░░░░░░░░░░░░░░░░░░░░░░░░   2.5% 2/60 | seed=0 BLOCKED_AB | step 10500/20000 | ETA текущего run 0м 52с | training
ЭТАП 1/2 — обучение ░░░░░░░░░░░░░░░░░░░░░░░░░░░░   2.6% 2/60 | seed=0 BLOCKED_AB | step 11000/20000 | ETA текущего run 0м 49с | training
ЭТАП 1/2 — обучение ░░░░░░░░░░░░░░░░░░░░░░░░░░░░   2.6% 2/60 | seed=0 BLOCKED_AB | step 11500/20000 | ETA текущего run 0м 46с | training
ЭТАП 1/2 — обучение ░░░░░░░░░░░░░░░░░░░░░░░░░░░░   2.7% 2/60 | seed=0 BLOCKED_AB | step 12000/20000 | ETA текущего run 0м 43с | training
ЭТАП 1/2 — обучение ░░░░░░░░░░░░░░░░░░░░░░░░░░░░   2.7% 2/60 | seed=0 BLOCKED_AB | step 12500/20000 | ETA текущего run 0м 41с | training
ЭТАП 1/2 — обучение ░░░░░░░░░░░░░░░░░░░░░░░░░░░░   2.8% 2/60 | seed=0 BLOCKED_AB | step 13000/20000 | ETA текущего run 0м 38с | training
ЭТАП 1/2 — обучение ░░░░░░░░░░░░░░░░░░░░░░░░░░░░   2.8% 2/60 | seed=0 BLOCKED_AB | step 13500/20000 | ETA текущего run 0м 35с | training
ЭТАП 1/2 — обучение ░░░░░░░░░░░░░░░░░░░░░░░░░░░░   2.8% 2/60 | seed=0 BLOCKED_AB | step 14000/20000 | ETA текущего run 0м 32с | training
ЭТАП 1/2 — обучение ░░░░░░░░░░░░░░░░░░░░░░░░░░░░   2.9% 2/60 | seed=0 BLOCKED_AB | step 14500/20000 | ETA текущего run 0м 30с | training
ЭТАП 1/2 — обучение ░░░░░░░░░░░░░░░░░░░░░░░░░░░░   2.9% 2/60 | seed=0 BLOCKED_AB | step 15000/20000 | ETA текущего run 0м 27с | training
ЭТАП 1/2 — обучение ░░░░░░░░░░░░░░░░░░░░░░░░░░░░   3.0% 2/60 | seed=0 BLOCKED_AB | step 15500/20000 | ETA текущего run 0м 24с | training
ЭТАП 1/2 — обучение ░░░░░░░░░░░░░░░░░░░░░░░░░░░░   3.0% 2/60 | seed=0 BLOCKED_AB | step 16000/20000 | ETA текущего run 0м 22с | training
ЭТАП 1/2 — обучение ░░░░░░░░░░░░░░░░░░░░░░░░░░░░   3.0% 2/60 | seed=0 BLOCKED_AB | step 16500/20000 | ETA текущего run 0м 20с | training
ЭТАП 1/2 — обучение ░░░░░░░░░░░░░░░░░░░░░░░░░░░░   3.1% 2/60 | seed=0 BLOCKED_AB | step 17000/20000 | ETA текущего run 0м 17с | training
ЭТАП 1/2 — обучение ░░░░░░░░░░░░░░░░░░░░░░░░░░░░   3.1% 2/60 | seed=0 BLOCKED_AB | step 17500/20000 | ETA текущего run 0м 15с | training
ЭТАП 1/2 — обучение ░░░░░░░░░░░░░░░░░░░░░░░░░░░░   3.2% 2/60 | seed=0 BLOCKED_AB | step 18000/20000 | ETA текущего run 0м 12с | training
ЭТАП 1/2 — обучение ░░░░░░░░░░░░░░░░░░░░░░░░░░░░   3.2% 2/60 | seed=0 BLOCKED_AB | step 18500/20000 | ETA текущего run 0м 09с | training
ЭТАП 1/2 — обучение ░░░░░░░░░░░░░░░░░░░░░░░░░░░░   3.2% 2/60 | seed=0 BLOCKED_AB | step 19000/20000 | ETA текущего run 0м 06с | training
ЭТАП 1/2 — обучение ░░░░░░░░░░░░░░░░░░░░░░░░░░░░   3.3% 2/60 | seed=0 BLOCKED_AB | step 19500/20000 | ETA текущего run 0м 03с | training
ЭТАП 1/2 — обучение ░░░░░░░░░░░░░░░░░░░░░░░░░░░░   3.3% 2/60 | seed=0 BLOCKED_AB | step 20000/20000 | ETA текущего run 0м 00с | training
ЭТАП 1/2 — обучение ░░░░░░░░░░░░░░░░░░░░░░░░░░░░   3.3% 2/60 | seed=0 BLOCKED_AB | step 20000/20000 | ETA текущего run 0м 00с | checkpoint
ЭТАП 1/2 — обучение ░░░░░░░░░░░░░░░░░░░░░░░░░░░░   3.3% 2/60 | seed=0 BLOCKED_AB | step 20000/20000 | ETA текущего run 0м 00с | completed

--- запуск 3/60: seed=0, condition=BLOCKED_BA ---
ЭТАП 1/2 — обучение ░░░░░░░░░░░░░░░░░░░░░░░░░░░░   3.3% 3/60 | seed=0 BLOCKED_BA | step 0/20000 | ETA текущего run 0м 00с | started
ЭТАП 1/2 — обучение ░░░░░░░░░░░░░░░░░░░░░░░░░░░░   3.4% 3/60 | seed=0 BLOCKED_BA | step 500/20000 | ETA текущего run 1м 26с | training
ЭТАП 1/2 — обучение ░░░░░░░░░░░░░░░░░░░░░░░░░░░░   3.4% 3/60 | seed=0 BLOCKED_BA | step 1000/20000 | ETA текущего run 1м 42с | training
ЭТАП 1/2 — обучение ░░░░░░░░░░░░░░░░░░░░░░░░░░░░   3.5% 3/60 | seed=0 BLOCKED_BA | step 1500/20000 | ETA текущего run 1м 45с | training
ЭТАП 1/2 — обучение ░░░░░░░░░░░░░░░░░░░░░░░░░░░░   3.5% 3/60 | seed=0 BLOCKED_BA | step 2000/20000 | ETA текущего run 1м 41с | training
ЭТАП 1/2 — обучение ░░░░░░░░░░░░░░░░░░░░░░░░░░░░   3.5% 3/60 | seed=0 BLOCKED_BA | step 2500/20000 | ETA текущего run 1м 38с | training
ЭТАП 1/2 — обучение █░░░░░░░░░░░░░░░░░░░░░░░░░░░   3.6% 3/60 | seed=0 BLOCKED_BA | step 3000/20000 | ETA текущего run 1м 35с | training
ЭТАП 1/2 — обучение █░░░░░░░░░░░░░░░░░░░░░░░░░░░   3.6% 3/60 | seed=0 BLOCKED_BA | step 3500/20000 | ETA текущего run 1м 40с | training
ЭТАП 1/2 — обучение █░░░░░░░░░░░░░░░░░░░░░░░░░░░   3.7% 3/60 | seed=0 BLOCKED_BA | step 4000/20000 | ETA текущего run 1м 35с | training
ЭТАП 1/2 — обучение █░░░░░░░░░░░░░░░░░░░░░░░░░░░   3.7% 3/60 | seed=0 BLOCKED_BA | step 4000/20000 | ETA текущего run 1м 36с | checkpoint
ЭТАП 1/2 — обучение █░░░░░░░░░░░░░░░░░░░░░░░░░░░   3.7% 3/60 | seed=0 BLOCKED_BA | step 4500/20000 | ETA текущего run 1м 32с | training
ЭТАП 1/2 — обучение █░░░░░░░░░░░░░░░░░░░░░░░░░░░   3.8% 3/60 | seed=0 BLOCKED_BA | step 5000/20000 | ETA текущего run 1м 35с | training
ЭТАП 1/2 — обучение █░░░░░░░░░░░░░░░░░░░░░░░░░░░   3.8% 3/60 | seed=0 BLOCKED_BA | step 5500/20000 | ETA текущего run 1м 44с | training
ЭТАП 1/2 — обучение █░░░░░░░░░░░░░░░░░░░░░░░░░░░   3.8% 3/60 | seed=0 BLOCKED_BA | step 6000/20000 | ETA текущего run 1м 49с | training
ЭТАП 1/2 — обучение █░░░░░░░░░░░░░░░░░░░░░░░░░░░   3.9% 3/60 | seed=0 BLOCKED_BA | step 6500/20000 | ETA текущего run 1м 52с | training
ЭТАП 1/2 — обучение █░░░░░░░░░░░░░░░░░░░░░░░░░░░   3.9% 3/60 | seed=0 BLOCKED_BA | step 7000/20000 | ETA текущего run 1м 54с | training
ЭТАП 1/2 — обучение █░░░░░░░░░░░░░░░░░░░░░░░░░░░   4.0% 3/60 | seed=0 BLOCKED_BA | step 7500/20000 | ETA текущего run 1м 55с | training
ЭТАП 1/2 — обучение █░░░░░░░░░░░░░░░░░░░░░░░░░░░   4.0% 3/60 | seed=0 BLOCKED_BA | step 8000/20000 | ETA текущего run 1м 54с | training
ЭТАП 1/2 — обучение █░░░░░░░░░░░░░░░░░░░░░░░░░░░   4.0% 3/60 | seed=0 BLOCKED_BA | step 8500/20000 | ETA текущего run 1м 54с | training
ЭТАП 1/2 — обучение █░░░░░░░░░░░░░░░░░░░░░░░░░░░   4.1% 3/60 | seed=0 BLOCKED_BA | step 9000/20000 | ETA текущего run 1м 52с | training
ЭТАП 1/2 — обучение █░░░░░░░░░░░░░░░░░░░░░░░░░░░   4.1% 3/60 | seed=0 BLOCKED_BA | step 9500/20000 | ETA текущего run 1м 50с | training
ЭТАП 1/2 — обучение █░░░░░░░░░░░░░░░░░░░░░░░░░░░   4.2% 3/60 | seed=0 BLOCKED_BA | step 10000/20000 | ETA текущего run 1м 47с | training
ЭТАП 1/2 — обучение █░░░░░░░░░░░░░░░░░░░░░░░░░░░   4.2% 3/60 | seed=0 BLOCKED_BA | step 10000/20000 | ETA текущего run 1м 47с | checkpoint
ЭТАП 1/2 — обучение █░░░░░░░░░░░░░░░░░░░░░░░░░░░   4.2% 3/60 | seed=0 BLOCKED_BA | step 10500/20000 | ETA текущего run 1м 44с | training
ЭТАП 1/2 — обучение █░░░░░░░░░░░░░░░░░░░░░░░░░░░   4.2% 3/60 | seed=0 BLOCKED_BA | step 11000/20000 | ETA текущего run 1м 41с | training
ЭТАП 1/2 — обучение █░░░░░░░░░░░░░░░░░░░░░░░░░░░   4.3% 3/60 | seed=0 BLOCKED_BA | step 11500/20000 | ETA текущего run 1м 37с | training
ЭТАП 1/2 — обучение █░░░░░░░░░░░░░░░░░░░░░░░░░░░   4.3% 3/60 | seed=0 BLOCKED_BA | step 12000/20000 | ETA текущего run 1м 32с | training
ЭТАП 1/2 — обучение █░░░░░░░░░░░░░░░░░░░░░░░░░░░   4.4% 3/60 | seed=0 BLOCKED_BA | step 12500/20000 | ETA текущего run 1м 28с | training
ЭТАП 1/2 — обучение █░░░░░░░░░░░░░░░░░░░░░░░░░░░   4.4% 3/60 | seed=0 BLOCKED_BA | step 13000/20000 | ETA текущего run 1м 23с | training
ЭТАП 1/2 — обучение █░░░░░░░░░░░░░░░░░░░░░░░░░░░   4.5% 3/60 | seed=0 BLOCKED_BA | step 13500/20000 | ETA текущего run 1м 18с | training
ЭТАП 1/2 — обучение █░░░░░░░░░░░░░░░░░░░░░░░░░░░   4.5% 3/60 | seed=0 BLOCKED_BA | step 14000/20000 | ETA текущего run 1м 10с | training
ЭТАП 1/2 — обучение █░░░░░░░░░░░░░░░░░░░░░░░░░░░   4.5% 3/60 | seed=0 BLOCKED_BA | step 14500/20000 | ETA текущего run 1м 03с | training
ЭТАП 1/2 — обучение █░░░░░░░░░░░░░░░░░░░░░░░░░░░   4.6% 3/60 | seed=0 BLOCKED_BA | step 15000/20000 | ETA текущего run 0м 56с | training
ЭТАП 1/2 — обучение █░░░░░░░░░░░░░░░░░░░░░░░░░░░   4.6% 3/60 | seed=0 BLOCKED_BA | step 15500/20000 | ETA текущего run 0м 50с | training
ЭТАП 1/2 — обучение █░░░░░░░░░░░░░░░░░░░░░░░░░░░   4.7% 3/60 | seed=0 BLOCKED_BA | step 16000/20000 | ETA текущего run 0м 43с | training
ЭТАП 1/2 — обучение █░░░░░░░░░░░░░░░░░░░░░░░░░░░   4.7% 3/60 | seed=0 BLOCKED_BA | step 16500/20000 | ETA текущего run 0м 37с | training
ЭТАП 1/2 — обучение █░░░░░░░░░░░░░░░░░░░░░░░░░░░   4.8% 3/60 | seed=0 BLOCKED_BA | step 17000/20000 | ETA текущего run 0м 31с | training
ЭТАП 1/2 — обучение █░░░░░░░░░░░░░░░░░░░░░░░░░░░   4.8% 3/60 | seed=0 BLOCKED_BA | step 17500/20000 | ETA текущего run 0м 26с | training
ЭТАП 1/2 — обучение █░░░░░░░░░░░░░░░░░░░░░░░░░░░   4.8% 3/60 | seed=0 BLOCKED_BA | step 18000/20000 | ETA текущего run 0м 20с | training
ЭТАП 1/2 — обучение █░░░░░░░░░░░░░░░░░░░░░░░░░░░   4.9% 3/60 | seed=0 BLOCKED_BA | step 18500/20000 | ETA текущего run 0м 15с | training
ЭТАП 1/2 — обучение █░░░░░░░░░░░░░░░░░░░░░░░░░░░   4.9% 3/60 | seed=0 BLOCKED_BA | step 19000/20000 | ETA текущего run 0м 10с | training
ЭТАП 1/2 — обучение █░░░░░░░░░░░░░░░░░░░░░░░░░░░   5.0% 3/60 | seed=0 BLOCKED_BA | step 19500/20000 | ETA текущего run 0м 04с | training
ЭТАП 1/2 — обучение █░░░░░░░░░░░░░░░░░░░░░░░░░░░   5.0% 3/60 | seed=0 BLOCKED_BA | step 20000/20000 | ETA текущего run 0м 00с | training
ЭТАП 1/2 — обучение █░░░░░░░░░░░░░░░░░░░░░░░░░░░   5.0% 3/60 | seed=0 BLOCKED_BA | step 20000/20000 | ETA текущего run 0м 00с | checkpoint
ЭТАП 1/2 — обучение █░░░░░░░░░░░░░░░░░░░░░░░░░░░   5.0% 3/60 | seed=0 BLOCKED_BA | step 20000/20000 | ETA текущего run 0м 00с | completed

--- запуск 4/60: seed=1, condition=INTERLEAVED ---
ЭТАП 1/2 — обучение █░░░░░░░░░░░░░░░░░░░░░░░░░░░   5.0% 4/60 | seed=1 INTERLEAVED | step 0/20000 | ETA текущего run 0м 00с | started
ЭТАП 1/2 — обучение █░░░░░░░░░░░░░░░░░░░░░░░░░░░   5.0% 4/60 | seed=1 INTERLEAVED | step 500/20000 | ETA текущего run 1м 23с | training
ЭТАП 1/2 — обучение █░░░░░░░░░░░░░░░░░░░░░░░░░░░   5.1% 4/60 | seed=1 INTERLEAVED | step 1000/20000 | ETA текущего run 1м 34с | training
ЭТАП 1/2 — обучение █░░░░░░░░░░░░░░░░░░░░░░░░░░░   5.1% 4/60 | seed=1 INTERLEAVED | step 1500/20000 | ETA текущего run 1м 35с | training
ЭТАП 1/2 — обучение █░░░░░░░░░░░░░░░░░░░░░░░░░░░   5.2% 4/60 | seed=1 INTERLEAVED | step 2000/20000 | ETA текущего run 1м 34с | training
ЭТАП 1/2 — обучение █░░░░░░░░░░░░░░░░░░░░░░░░░░░   5.2% 4/60 | seed=1 INTERLEAVED | step 2500/20000 | ETA текущего run 1м 30с | training
ЭТАП 1/2 — обучение █░░░░░░░░░░░░░░░░░░░░░░░░░░░   5.2% 4/60 | seed=1 INTERLEAVED | step 3000/20000 | ETA текущего run 1м 27с | training
ЭТАП 1/2 — обучение █░░░░░░░░░░░░░░░░░░░░░░░░░░░   5.3% 4/60 | seed=1 INTERLEAVED | step 3500/20000 | ETA текущего run 1м 23с | training
ЭТАП 1/2 — обучение █░░░░░░░░░░░░░░░░░░░░░░░░░░░   5.3% 4/60 | seed=1 INTERLEAVED | step 4000/20000 | ETA текущего run 1м 21с | training
ЭТАП 1/2 — обучение █░░░░░░░░░░░░░░░░░░░░░░░░░░░   5.3% 4/60 | seed=1 INTERLEAVED | step 4000/20000 | ETA текущего run 1м 21с | checkpoint
ЭТАП 1/2 — обучение █░░░░░░░░░░░░░░░░░░░░░░░░░░░   5.4% 4/60 | seed=1 INTERLEAVED | step 4500/20000 | ETA текущего run 1м 19с | training
ЭТАП 1/2 — обучение █░░░░░░░░░░░░░░░░░░░░░░░░░░░   5.4% 4/60 | seed=1 INTERLEAVED | step 5000/20000 | ETA текущего run 1м 17с | training
ЭТАП 1/2 — обучение █░░░░░░░░░░░░░░░░░░░░░░░░░░░   5.5% 4/60 | seed=1 INTERLEAVED | step 5500/20000 | ETA текущего run 1м 15с | training
ЭТАП 1/2 — обучение █░░░░░░░░░░░░░░░░░░░░░░░░░░░   5.5% 4/60 | seed=1 INTERLEAVED | step 6000/20000 | ETA текущего run 1м 13с | training
ЭТАП 1/2 — обучение █░░░░░░░░░░░░░░░░░░░░░░░░░░░   5.5% 4/60 | seed=1 INTERLEAVED | step 6500/20000 | ETA текущего run 1м 11с | training
ЭТАП 1/2 — обучение █░░░░░░░░░░░░░░░░░░░░░░░░░░░   5.6% 4/60 | seed=1 INTERLEAVED | step 7000/20000 | ETA текущего run 1м 08с | training
ЭТАП 1/2 — обучение █░░░░░░░░░░░░░░░░░░░░░░░░░░░   5.6% 4/60 | seed=1 INTERLEAVED | step 7500/20000 | ETA текущего run 1м 06с | training
ЭТАП 1/2 — обучение █░░░░░░░░░░░░░░░░░░░░░░░░░░░   5.7% 4/60 | seed=1 INTERLEAVED | step 8000/20000 | ETA текущего run 1м 03с | training
ЭТАП 1/2 — обучение █░░░░░░░░░░░░░░░░░░░░░░░░░░░   5.7% 4/60 | seed=1 INTERLEAVED | step 8500/20000 | ETA текущего run 1м 01с | training
ЭТАП 1/2 — обучение █░░░░░░░░░░░░░░░░░░░░░░░░░░░   5.8% 4/60 | seed=1 INTERLEAVED | step 9000/20000 | ETA текущего run 0м 58с | training
ЭТАП 1/2 — обучение █░░░░░░░░░░░░░░░░░░░░░░░░░░░   5.8% 4/60 | seed=1 INTERLEAVED | step 9500/20000 | ETA текущего run 0м 56с | training
ЭТАП 1/2 — обучение █░░░░░░░░░░░░░░░░░░░░░░░░░░░   5.8% 4/60 | seed=1 INTERLEAVED | step 10000/20000 | ETA текущего run 0м 54с | training
ЭТАП 1/2 — обучение █░░░░░░░░░░░░░░░░░░░░░░░░░░░   5.8% 4/60 | seed=1 INTERLEAVED | step 10000/20000 | ETA текущего run 0м 55с | checkpoint
ЭТАП 1/2 — обучение █░░░░░░░░░░░░░░░░░░░░░░░░░░░   5.9% 4/60 | seed=1 INTERLEAVED | step 10500/20000 | ETA текущего run 0м 56с | training
ЭТАП 1/2 — обучение █░░░░░░░░░░░░░░░░░░░░░░░░░░░   5.9% 4/60 | seed=1 INTERLEAVED | step 11000/20000 | ETA текущего run 0м 57с | training
ЭТАП 1/2 — обучение █░░░░░░░░░░░░░░░░░░░░░░░░░░░   6.0% 4/60 | seed=1 INTERLEAVED | step 11500/20000 | ETA текущего run 0м 57с | training
ЭТАП 1/2 — обучение █░░░░░░░░░░░░░░░░░░░░░░░░░░░   6.0% 4/60 | seed=1 INTERLEAVED | step 12000/20000 | ETA текущего run 0м 56с | training
ЭТАП 1/2 — обучение █░░░░░░░░░░░░░░░░░░░░░░░░░░░   6.0% 4/60 | seed=1 INTERLEAVED | step 12500/20000 | ETA текущего run 0м 55с | training
ЭТАП 1/2 — обучение █░░░░░░░░░░░░░░░░░░░░░░░░░░░   6.1% 4/60 | seed=1 INTERLEAVED | step 13000/20000 | ETA текущего run 0м 54с | training
ЭТАП 1/2 — обучение █░░░░░░░░░░░░░░░░░░░░░░░░░░░   6.1% 4/60 | seed=1 INTERLEAVED | step 13500/20000 | ETA текущего run 0м 51с | training
ЭТАП 1/2 — обучение █░░░░░░░░░░░░░░░░░░░░░░░░░░░   6.2% 4/60 | seed=1 INTERLEAVED | step 14000/20000 | ETA текущего run 0м 48с | training
ЭТАП 1/2 — обучение █░░░░░░░░░░░░░░░░░░░░░░░░░░░   6.2% 4/60 | seed=1 INTERLEAVED | step 14500/20000 | ETA текущего run 0м 45с | training
ЭТАП 1/2 — обучение █░░░░░░░░░░░░░░░░░░░░░░░░░░░   6.2% 4/60 | seed=1 INTERLEAVED | step 15000/20000 | ETA текущего run 0м 41с | training
ЭТАП 1/2 — обучение █░░░░░░░░░░░░░░░░░░░░░░░░░░░   6.3% 4/60 | seed=1 INTERLEAVED | step 15500/20000 | ETA текущего run 0м 37с | training
ЭТАП 1/2 — обучение █░░░░░░░░░░░░░░░░░░░░░░░░░░░   6.3% 4/60 | seed=1 INTERLEAVED | step 16000/20000 | ETA текущего run 0м 33с | training
ЭТАП 1/2 — обучение █░░░░░░░░░░░░░░░░░░░░░░░░░░░   6.4% 4/60 | seed=1 INTERLEAVED | step 16500/20000 | ETA текущего run 0м 29с | training
ЭТАП 1/2 — обучение █░░░░░░░░░░░░░░░░░░░░░░░░░░░   6.4% 4/60 | seed=1 INTERLEAVED | step 17000/20000 | ETA текущего run 0м 25с | training
ЭТАП 1/2 — обучение █░░░░░░░░░░░░░░░░░░░░░░░░░░░   6.5% 4/60 | seed=1 INTERLEAVED | step 17500/20000 | ETA текущего run 0м 21с | training
ЭТАП 1/2 — обучение █░░░░░░░░░░░░░░░░░░░░░░░░░░░   6.5% 4/60 | seed=1 INTERLEAVED | step 18000/20000 | ETA текущего run 0м 17с | training
ЭТАП 1/2 — обучение █░░░░░░░░░░░░░░░░░░░░░░░░░░░   6.5% 4/60 | seed=1 INTERLEAVED | step 18500/20000 | ETA текущего run 0м 13с | training
ЭТАП 1/2 — обучение █░░░░░░░░░░░░░░░░░░░░░░░░░░░   6.6% 4/60 | seed=1 INTERLEAVED | step 19000/20000 | ETA текущего run 0м 08с | training
ЭТАП 1/2 — обучение █░░░░░░░░░░░░░░░░░░░░░░░░░░░   6.6% 4/60 | seed=1 INTERLEAVED | step 19500/20000 | ETA текущего run 0м 04с | training
ЭТАП 1/2 — обучение █░░░░░░░░░░░░░░░░░░░░░░░░░░░   6.7% 4/60 | seed=1 INTERLEAVED | step 20000/20000 | ETA текущего run 0м 00с | training
ЭТАП 1/2 — обучение █░░░░░░░░░░░░░░░░░░░░░░░░░░░   6.7% 4/60 | seed=1 INTERLEAVED | step 20000/20000 | ETA текущего run 0м 00с | checkpoint
ЭТАП 1/2 — обучение █░░░░░░░░░░░░░░░░░░░░░░░░░░░   6.7% 4/60 | seed=1 INTERLEAVED | step 20000/20000 | ETA текущего run 0м 00с | completed

--- запуск 5/60: seed=1, condition=BLOCKED_AB ---
ЭТАП 1/2 — обучение █░░░░░░░░░░░░░░░░░░░░░░░░░░░   6.7% 5/60 | seed=1 BLOCKED_AB | step 0/20000 | ETA текущего run 0м 00с | started
ЭТАП 1/2 — обучение █░░░░░░░░░░░░░░░░░░░░░░░░░░░   6.7% 5/60 | seed=1 BLOCKED_AB | step 500/20000 | ETA текущего run 2м 06с | training
ЭТАП 1/2 — обучение █░░░░░░░░░░░░░░░░░░░░░░░░░░░   6.7% 5/60 | seed=1 BLOCKED_AB | step 1000/20000 | ETA текущего run 2м 53с | training
ЭТАП 1/2 — обучение █░░░░░░░░░░░░░░░░░░░░░░░░░░░   6.8% 5/60 | seed=1 BLOCKED_AB | step 1500/20000 | ETA текущего run 2м 24с | training
ЭТАП 1/2 — обучение █░░░░░░░░░░░░░░░░░░░░░░░░░░░   6.8% 5/60 | seed=1 BLOCKED_AB | step 2000/20000 | ETA текущего run 2м 08с | training
ЭТАП 1/2 — обучение █░░░░░░░░░░░░░░░░░░░░░░░░░░░   6.9% 5/60 | seed=1 BLOCKED_AB | step 2500/20000 | ETA текущего run 2м 00с | training
ЭТАП 1/2 — обучение █░░░░░░░░░░░░░░░░░░░░░░░░░░░   6.9% 5/60 | seed=1 BLOCKED_AB | step 3000/20000 | ETA текущего run 1м 54с | training
ЭТАП 1/2 — обучение █░░░░░░░░░░░░░░░░░░░░░░░░░░░   7.0% 5/60 | seed=1 BLOCKED_AB | step 3500/20000 | ETA текущего run 1м 49с | training
ЭТАП 1/2 — обучение █░░░░░░░░░░░░░░░░░░░░░░░░░░░   7.0% 5/60 | seed=1 BLOCKED_AB | step 4000/20000 | ETA текущего run 1м 44с | training
ЭТАП 1/2 — обучение █░░░░░░░░░░░░░░░░░░░░░░░░░░░   7.0% 5/60 | seed=1 BLOCKED_AB | step 4000/20000 | ETA текущего run 1м 44с | checkpoint
ЭТАП 1/2 — обучение █░░░░░░░░░░░░░░░░░░░░░░░░░░░   7.0% 5/60 | seed=1 BLOCKED_AB | step 4500/20000 | ETA текущего run 1м 41с | training
ЭТАП 1/2 — обучение █░░░░░░░░░░░░░░░░░░░░░░░░░░░   7.1% 5/60 | seed=1 BLOCKED_AB | step 5000/20000 | ETA текущего run 1м 36с | training
ЭТАП 1/2 — обучение █░░░░░░░░░░░░░░░░░░░░░░░░░░░   7.1% 5/60 | seed=1 BLOCKED_AB | step 5500/20000 | ETA текущего run 1м 32с | training
ЭТАП 1/2 — обучение ██░░░░░░░░░░░░░░░░░░░░░░░░░░   7.2% 5/60 | seed=1 BLOCKED_AB | step 6000/20000 | ETA текущего run 1м 27с | training
ЭТАП 1/2 — обучение ██░░░░░░░░░░░░░░░░░░░░░░░░░░   7.2% 5/60 | seed=1 BLOCKED_AB | step 6500/20000 | ETA текущего run 1м 23с | training
ЭТАП 1/2 — обучение ██░░░░░░░░░░░░░░░░░░░░░░░░░░   7.2% 5/60 | seed=1 BLOCKED_AB | step 7000/20000 | ETA текущего run 1м 20с | training
ЭТАП 1/2 — обучение ██░░░░░░░░░░░░░░░░░░░░░░░░░░   7.3% 5/60 | seed=1 BLOCKED_AB | step 7500/20000 | ETA текущего run 1м 16с | training
ЭТАП 1/2 — обучение ██░░░░░░░░░░░░░░░░░░░░░░░░░░   7.3% 5/60 | seed=1 BLOCKED_AB | step 8000/20000 | ETA текущего run 1м 12с | training
ЭТАП 1/2 — обучение ██░░░░░░░░░░░░░░░░░░░░░░░░░░   7.4% 5/60 | seed=1 BLOCKED_AB | step 8500/20000 | ETA текущего run 1м 09с | training
ЭТАП 1/2 — обучение ██░░░░░░░░░░░░░░░░░░░░░░░░░░   7.4% 5/60 | seed=1 BLOCKED_AB | step 9000/20000 | ETA текущего run 1м 05с | training
ЭТАП 1/2 — обучение ██░░░░░░░░░░░░░░░░░░░░░░░░░░   7.5% 5/60 | seed=1 BLOCKED_AB | step 9500/20000 | ETA текущего run 1м 02с | training
ЭТАП 1/2 — обучение ██░░░░░░░░░░░░░░░░░░░░░░░░░░   7.5% 5/60 | seed=1 BLOCKED_AB | step 10000/20000 | ETA текущего run 0м 59с | training
ЭТАП 1/2 — обучение ██░░░░░░░░░░░░░░░░░░░░░░░░░░   7.5% 5/60 | seed=1 BLOCKED_AB | step 10000/20000 | ETA текущего run 0м 59с | checkpoint
ЭТАП 1/2 — обучение ██░░░░░░░░░░░░░░░░░░░░░░░░░░   7.5% 5/60 | seed=1 BLOCKED_AB | step 10500/20000 | ETA текущего run 0м 56с | training
ЭТАП 1/2 — обучение ██░░░░░░░░░░░░░░░░░░░░░░░░░░   7.6% 5/60 | seed=1 BLOCKED_AB | step 11000/20000 | ETA текущего run 0м 53с | training
ЭТАП 1/2 — обучение ██░░░░░░░░░░░░░░░░░░░░░░░░░░   7.6% 5/60 | seed=1 BLOCKED_AB | step 11500/20000 | ETA текущего run 0м 49с | training
ЭТАП 1/2 — обучение ██░░░░░░░░░░░░░░░░░░░░░░░░░░   7.7% 5/60 | seed=1 BLOCKED_AB | step 12000/20000 | ETA текущего run 0м 46с | training
ЭТАП 1/2 — обучение ██░░░░░░░░░░░░░░░░░░░░░░░░░░   7.7% 5/60 | seed=1 BLOCKED_AB | step 12500/20000 | ETA текущего run 0м 43с | training
ЭТАП 1/2 — обучение ██░░░░░░░░░░░░░░░░░░░░░░░░░░   7.8% 5/60 | seed=1 BLOCKED_AB | step 13000/20000 | ETA текущего run 0м 40с | training
ЭТАП 1/2 — обучение ██░░░░░░░░░░░░░░░░░░░░░░░░░░   7.8% 5/60 | seed=1 BLOCKED_AB | step 13500/20000 | ETA текущего run 0м 37с | training
ЭТАП 1/2 — обучение ██░░░░░░░░░░░░░░░░░░░░░░░░░░   7.8% 5/60 | seed=1 BLOCKED_AB | step 14000/20000 | ETA текущего run 0м 34с | training
ЭТАП 1/2 — обучение ██░░░░░░░░░░░░░░░░░░░░░░░░░░   7.9% 5/60 | seed=1 BLOCKED_AB | step 14500/20000 | ETA текущего run 0м 32с | training
ЭТАП 1/2 — обучение ██░░░░░░░░░░░░░░░░░░░░░░░░░░   7.9% 5/60 | seed=1 BLOCKED_AB | step 15000/20000 | ETA текущего run 0м 30с | training
ЭТАП 1/2 — обучение ██░░░░░░░░░░░░░░░░░░░░░░░░░░   8.0% 5/60 | seed=1 BLOCKED_AB | step 15500/20000 | ETA текущего run 0м 27с | training
ЭТАП 1/2 — обучение ██░░░░░░░░░░░░░░░░░░░░░░░░░░   8.0% 5/60 | seed=1 BLOCKED_AB | step 16000/20000 | ETA текущего run 0м 25с | training
ЭТАП 1/2 — обучение ██░░░░░░░░░░░░░░░░░░░░░░░░░░   8.0% 5/60 | seed=1 BLOCKED_AB | step 16500/20000 | ETA текущего run 0м 22с | training
ЭТАП 1/2 — обучение ██░░░░░░░░░░░░░░░░░░░░░░░░░░   8.1% 5/60 | seed=1 BLOCKED_AB | step 17000/20000 | ETA текущего run 0м 19с | training
ЭТАП 1/2 — обучение ██░░░░░░░░░░░░░░░░░░░░░░░░░░   8.1% 5/60 | seed=1 BLOCKED_AB | step 17500/20000 | ETA текущего run 0м 16с | training
ЭТАП 1/2 — обучение ██░░░░░░░░░░░░░░░░░░░░░░░░░░   8.2% 5/60 | seed=1 BLOCKED_AB | step 18000/20000 | ETA текущего run 0м 13с | training
ЭТАП 1/2 — обучение ██░░░░░░░░░░░░░░░░░░░░░░░░░░   8.2% 5/60 | seed=1 BLOCKED_AB | step 18500/20000 | ETA текущего run 0м 10с | training
ЭТАП 1/2 — обучение ██░░░░░░░░░░░░░░░░░░░░░░░░░░   8.2% 5/60 | seed=1 BLOCKED_AB | step 19000/20000 | ETA текущего run 0м 06с | training
ЭТАП 1/2 — обучение ██░░░░░░░░░░░░░░░░░░░░░░░░░░   8.3% 5/60 | seed=1 BLOCKED_AB | step 19500/20000 | ETA текущего run 0м 03с | training
ЭТАП 1/2 — обучение ██░░░░░░░░░░░░░░░░░░░░░░░░░░   8.3% 5/60 | seed=1 BLOCKED_AB | step 20000/20000 | ETA текущего run 0м 00с | training
ЭТАП 1/2 — обучение ██░░░░░░░░░░░░░░░░░░░░░░░░░░   8.3% 5/60 | seed=1 BLOCKED_AB | step 20000/20000 | ETA текущего run 0м 00с | checkpoint
ЭТАП 1/2 — обучение ██░░░░░░░░░░░░░░░░░░░░░░░░░░   8.3% 5/60 | seed=1 BLOCKED_AB | step 20000/20000 | ETA текущего run 0м 00с | completed

--- запуск 6/60: seed=1, condition=BLOCKED_BA ---
ЭТАП 1/2 — обучение ██░░░░░░░░░░░░░░░░░░░░░░░░░░   8.3% 6/60 | seed=1 BLOCKED_BA | step 0/20000 | ETA текущего run 0м 00с | started
ЭТАП 1/2 — обучение ██░░░░░░░░░░░░░░░░░░░░░░░░░░   8.4% 6/60 | seed=1 BLOCKED_BA | step 500/20000 | ETA текущего run 2м 17с | training
ЭТАП 1/2 — обучение ██░░░░░░░░░░░░░░░░░░░░░░░░░░   8.4% 6/60 | seed=1 BLOCKED_BA | step 1000/20000 | ETA текущего run 3м 00с | training
ЭТАП 1/2 — обучение ██░░░░░░░░░░░░░░░░░░░░░░░░░░   8.5% 6/60 | seed=1 BLOCKED_BA | step 1500/20000 | ETA текущего run 3м 13с | training
ЭТАП 1/2 — обучение ██░░░░░░░░░░░░░░░░░░░░░░░░░░   8.5% 6/60 | seed=1 BLOCKED_BA | step 2000/20000 | ETA текущего run 3м 14с | training
ЭТАП 1/2 — обучение ██░░░░░░░░░░░░░░░░░░░░░░░░░░   8.5% 6/60 | seed=1 BLOCKED_BA | step 2500/20000 | ETA текущего run 2м 55с | training
ЭТАП 1/2 — обучение ██░░░░░░░░░░░░░░░░░░░░░░░░░░   8.6% 6/60 | seed=1 BLOCKED_BA | step 3000/20000 | ETA текущего run 2м 37с | training
ЭТАП 1/2 — обучение ██░░░░░░░░░░░░░░░░░░░░░░░░░░   8.6% 6/60 | seed=1 BLOCKED_BA | step 3500/20000 | ETA текущего run 2м 24с | training
ЭТАП 1/2 — обучение ██░░░░░░░░░░░░░░░░░░░░░░░░░░   8.7% 6/60 | seed=1 BLOCKED_BA | step 4000/20000 | ETA текущего run 2м 13с | training
ЭТАП 1/2 — обучение ██░░░░░░░░░░░░░░░░░░░░░░░░░░   8.7% 6/60 | seed=1 BLOCKED_BA | step 4000/20000 | ETA текущего run 2м 13с | checkpoint
ЭТАП 1/2 — обучение ██░░░░░░░░░░░░░░░░░░░░░░░░░░   8.7% 6/60 | seed=1 BLOCKED_BA | step 4500/20000 | ETA текущего run 2м 04с | training
ЭТАП 1/2 — обучение ██░░░░░░░░░░░░░░░░░░░░░░░░░░   8.8% 6/60 | seed=1 BLOCKED_BA | step 5000/20000 | ETA текущего run 1м 56с | training
ЭТАП 1/2 — обучение ██░░░░░░░░░░░░░░░░░░░░░░░░░░   8.8% 6/60 | seed=1 BLOCKED_BA | step 5500/20000 | ETA текущего run 1м 49с | training
ЭТАП 1/2 — обучение ██░░░░░░░░░░░░░░░░░░░░░░░░░░   8.8% 6/60 | seed=1 BLOCKED_BA | step 6000/20000 | ETA текущего run 1м 43с | training
ЭТАП 1/2 — обучение ██░░░░░░░░░░░░░░░░░░░░░░░░░░   8.9% 6/60 | seed=1 BLOCKED_BA | step 6500/20000 | ETA текущего run 1м 37с | training
ЭТАП 1/2 — обучение ██░░░░░░░░░░░░░░░░░░░░░░░░░░   8.9% 6/60 | seed=1 BLOCKED_BA | step 7000/20000 | ETA текущего run 1м 32с | training
ЭТАП 1/2 — обучение ██░░░░░░░░░░░░░░░░░░░░░░░░░░   9.0% 6/60 | seed=1 BLOCKED_BA | step 7500/20000 | ETA текущего run 1м 27с | training
ЭТАП 1/2 — обучение ██░░░░░░░░░░░░░░░░░░░░░░░░░░   9.0% 6/60 | seed=1 BLOCKED_BA | step 8000/20000 | ETA текущего run 1м 23с | training
ЭТАП 1/2 — обучение ██░░░░░░░░░░░░░░░░░░░░░░░░░░   9.0% 6/60 | seed=1 BLOCKED_BA | step 8500/20000 | ETA текущего run 1м 19с | training
ЭТАП 1/2 — обучение ██░░░░░░░░░░░░░░░░░░░░░░░░░░   9.1% 6/60 | seed=1 BLOCKED_BA | step 9000/20000 | ETA текущего run 1м 15с | training
ЭТАП 1/2 — обучение ██░░░░░░░░░░░░░░░░░░░░░░░░░░   9.1% 6/60 | seed=1 BLOCKED_BA | step 9500/20000 | ETA текущего run 1м 10с | training
ЭТАП 1/2 — обучение ██░░░░░░░░░░░░░░░░░░░░░░░░░░   9.2% 6/60 | seed=1 BLOCKED_BA | step 10000/20000 | ETA текущего run 1м 06с | training
ЭТАП 1/2 — обучение ██░░░░░░░░░░░░░░░░░░░░░░░░░░   9.2% 6/60 | seed=1 BLOCKED_BA | step 10000/20000 | ETA текущего run 1м 07с | checkpoint
ЭТАП 1/2 — обучение ██░░░░░░░░░░░░░░░░░░░░░░░░░░   9.2% 6/60 | seed=1 BLOCKED_BA | step 10500/20000 | ETA текущего run 1м 03с | training
ЭТАП 1/2 — обучение ██░░░░░░░░░░░░░░░░░░░░░░░░░░   9.2% 6/60 | seed=1 BLOCKED_BA | step 11000/20000 | ETA текущего run 0м 59с | training
ЭТАП 1/2 — обучение ██░░░░░░░░░░░░░░░░░░░░░░░░░░   9.3% 6/60 | seed=1 BLOCKED_BA | step 11500/20000 | ETA текущего run 0м 55с | training
ЭТАП 1/2 — обучение ██░░░░░░░░░░░░░░░░░░░░░░░░░░   9.3% 6/60 | seed=1 BLOCKED_BA | step 12000/20000 | ETA текущего run 0м 52с | training
ЭТАП 1/2 — обучение ██░░░░░░░░░░░░░░░░░░░░░░░░░░   9.4% 6/60 | seed=1 BLOCKED_BA | step 12500/20000 | ETA текущего run 0м 48с | training
ЭТАП 1/2 — обучение ██░░░░░░░░░░░░░░░░░░░░░░░░░░   9.4% 6/60 | seed=1 BLOCKED_BA | step 13000/20000 | ETA текущего run 0м 45с | training
ЭТАП 1/2 — обучение ██░░░░░░░░░░░░░░░░░░░░░░░░░░   9.5% 6/60 | seed=1 BLOCKED_BA | step 13500/20000 | ETA текущего run 0м 41с | training
ЭТАП 1/2 — обучение ██░░░░░░░░░░░░░░░░░░░░░░░░░░   9.5% 6/60 | seed=1 BLOCKED_BA | step 14000/20000 | ETA текущего run 0м 38с | training
ЭТАП 1/2 — обучение ██░░░░░░░░░░░░░░░░░░░░░░░░░░   9.5% 6/60 | seed=1 BLOCKED_BA | step 14500/20000 | ETA текущего run 0м 35с | training
ЭТАП 1/2 — обучение ██░░░░░░░░░░░░░░░░░░░░░░░░░░   9.6% 6/60 | seed=1 BLOCKED_BA | step 15000/20000 | ETA текущего run 0м 31с | training
ЭТАП 1/2 — обучение ██░░░░░░░░░░░░░░░░░░░░░░░░░░   9.6% 6/60 | seed=1 BLOCKED_BA | step 15500/20000 | ETA текущего run 0м 28с | training
ЭТАП 1/2 — обучение ██░░░░░░░░░░░░░░░░░░░░░░░░░░   9.7% 6/60 | seed=1 BLOCKED_BA | step 16000/20000 | ETA текущего run 0м 25с | training
ЭТАП 1/2 — обучение ██░░░░░░░░░░░░░░░░░░░░░░░░░░   9.7% 6/60 | seed=1 BLOCKED_BA | step 16500/20000 | ETA текущего run 0м 21с | training
ЭТАП 1/2 — обучение ██░░░░░░░░░░░░░░░░░░░░░░░░░░   9.7% 6/60 | seed=1 BLOCKED_BA | step 17000/20000 | ETA текущего run 0м 18с | training
ЭТАП 1/2 — обучение ██░░░░░░░░░░░░░░░░░░░░░░░░░░   9.8% 6/60 | seed=1 BLOCKED_BA | step 17500/20000 | ETA текущего run 0м 15с | training
ЭТАП 1/2 — обучение ██░░░░░░░░░░░░░░░░░░░░░░░░░░   9.8% 6/60 | seed=1 BLOCKED_BA | step 18000/20000 | ETA текущего run 0м 12с | training
ЭТАП 1/2 — обучение ██░░░░░░░░░░░░░░░░░░░░░░░░░░   9.9% 6/60 | seed=1 BLOCKED_BA | step 18500/20000 | ETA текущего run 0м 09с | training
ЭТАП 1/2 — обучение ██░░░░░░░░░░░░░░░░░░░░░░░░░░   9.9% 6/60 | seed=1 BLOCKED_BA | step 19000/20000 | ETA текущего run 0м 06с | training
ЭТАП 1/2 — обучение ██░░░░░░░░░░░░░░░░░░░░░░░░░░  10.0% 6/60 | seed=1 BLOCKED_BA | step 19500/20000 | ETA текущего run 0м 03с | training
ЭТАП 1/2 — обучение ██░░░░░░░░░░░░░░░░░░░░░░░░░░  10.0% 6/60 | seed=1 BLOCKED_BA | step 20000/20000 | ETA текущего run 0м 00с | training
ЭТАП 1/2 — обучение ██░░░░░░░░░░░░░░░░░░░░░░░░░░  10.0% 6/60 | seed=1 BLOCKED_BA | step 20000/20000 | ETA текущего run 0м 00с | checkpoint
ЭТАП 1/2 — обучение ██░░░░░░░░░░░░░░░░░░░░░░░░░░  10.0% 6/60 | seed=1 BLOCKED_BA | step 20000/20000 | ETA текущего run 0м 00с | completed

--- запуск 7/60: seed=2, condition=INTERLEAVED ---
ЭТАП 1/2 — обучение ██░░░░░░░░░░░░░░░░░░░░░░░░░░  10.0% 7/60 | seed=2 INTERLEAVED | step 0/20000 | ETA текущего run 0м 00с | started
ЭТАП 1/2 — обучение ██░░░░░░░░░░░░░░░░░░░░░░░░░░  10.0% 7/60 | seed=2 INTERLEAVED | step 500/20000 | ETA текущего run 1м 13с | training
ЭТАП 1/2 — обучение ██░░░░░░░░░░░░░░░░░░░░░░░░░░  10.1% 7/60 | seed=2 INTERLEAVED | step 1000/20000 | ETA текущего run 1м 27с | training
ЭТАП 1/2 — обучение ██░░░░░░░░░░░░░░░░░░░░░░░░░░  10.1% 7/60 | seed=2 INTERLEAVED | step 1500/20000 | ETA текущего run 1м 32с | training
ЭТАП 1/2 — обучение ██░░░░░░░░░░░░░░░░░░░░░░░░░░  10.2% 7/60 | seed=2 INTERLEAVED | step 2000/20000 | ETA текущего run 1м 33с | training
ЭТАП 1/2 — обучение ██░░░░░░░░░░░░░░░░░░░░░░░░░░  10.2% 7/60 | seed=2 INTERLEAVED | step 2500/20000 | ETA текущего run 1м 34с | training
ЭТАП 1/2 — обучение ██░░░░░░░░░░░░░░░░░░░░░░░░░░  10.2% 7/60 | seed=2 INTERLEAVED | step 3000/20000 | ETA текущего run 1м 34с | training
ЭТАП 1/2 — обучение ██░░░░░░░░░░░░░░░░░░░░░░░░░░  10.3% 7/60 | seed=2 INTERLEAVED | step 3500/20000 | ETA текущего run 1м 35с | training
ЭТАП 1/2 — обучение ██░░░░░░░░░░░░░░░░░░░░░░░░░░  10.3% 7/60 | seed=2 INTERLEAVED | step 4000/20000 | ETA текущего run 1м 32с | training
ЭТАП 1/2 — обучение ██░░░░░░░░░░░░░░░░░░░░░░░░░░  10.3% 7/60 | seed=2 INTERLEAVED | step 4000/20000 | ETA текущего run 1м 32с | checkpoint
ЭТАП 1/2 — обучение ██░░░░░░░░░░░░░░░░░░░░░░░░░░  10.4% 7/60 | seed=2 INTERLEAVED | step 4500/20000 | ETA текущего run 1м 29с | training
ЭТАП 1/2 — обучение ██░░░░░░░░░░░░░░░░░░░░░░░░░░  10.4% 7/60 | seed=2 INTERLEAVED | step 5000/20000 | ETA текущего run 1м 27с | training
ЭТАП 1/2 — обучение ██░░░░░░░░░░░░░░░░░░░░░░░░░░  10.5% 7/60 | seed=2 INTERLEAVED | step 5500/20000 | ETA текущего run 1м 25с | training
ЭТАП 1/2 — обучение ██░░░░░░░░░░░░░░░░░░░░░░░░░░  10.5% 7/60 | seed=2 INTERLEAVED | step 6000/20000 | ETA текущего run 1м 22с | training
ЭТАП 1/2 — обучение ██░░░░░░░░░░░░░░░░░░░░░░░░░░  10.5% 7/60 | seed=2 INTERLEAVED | step 6500/20000 | ETA текущего run 1м 19с | training
ЭТАП 1/2 — обучение ██░░░░░░░░░░░░░░░░░░░░░░░░░░  10.6% 7/60 | seed=2 INTERLEAVED | step 7000/20000 | ETA текущего run 1м 16с | training
ЭТАП 1/2 — обучение ██░░░░░░░░░░░░░░░░░░░░░░░░░░  10.6% 7/60 | seed=2 INTERLEAVED | step 7500/20000 | ETA текущего run 1м 13с | training
ЭТАП 1/2 — обучение ██░░░░░░░░░░░░░░░░░░░░░░░░░░  10.7% 7/60 | seed=2 INTERLEAVED | step 8000/20000 | ETA текущего run 1м 10с | training
ЭТАП 1/2 — обучение ██░░░░░░░░░░░░░░░░░░░░░░░░░░  10.7% 7/60 | seed=2 INTERLEAVED | step 8500/20000 | ETA текущего run 1м 07с | training
ЭТАП 1/2 — обучение ███░░░░░░░░░░░░░░░░░░░░░░░░░  10.8% 7/60 | seed=2 INTERLEAVED | step 9000/20000 | ETA текущего run 1м 04с | training
ЭТАП 1/2 — обучение ███░░░░░░░░░░░░░░░░░░░░░░░░░  10.8% 7/60 | seed=2 INTERLEAVED | step 9500/20000 | ETA текущего run 1м 01с | training
ЭТАП 1/2 — обучение ███░░░░░░░░░░░░░░░░░░░░░░░░░  10.8% 7/60 | seed=2 INTERLEAVED | step 10000/20000 | ETA текущего run 0м 58с | training
ЭТАП 1/2 — обучение ███░░░░░░░░░░░░░░░░░░░░░░░░░  10.8% 7/60 | seed=2 INTERLEAVED | step 10000/20000 | ETA текущего run 0м 58с | checkpoint
ЭТАП 1/2 — обучение ███░░░░░░░░░░░░░░░░░░░░░░░░░  10.9% 7/60 | seed=2 INTERLEAVED | step 10500/20000 | ETA текущего run 0м 55с | training
ЭТАП 1/2 — обучение ███░░░░░░░░░░░░░░░░░░░░░░░░░  10.9% 7/60 | seed=2 INTERLEAVED | step 11000/20000 | ETA текущего run 0м 52с | training
ЭТАП 1/2 — обучение ███░░░░░░░░░░░░░░░░░░░░░░░░░  11.0% 7/60 | seed=2 INTERLEAVED | step 11500/20000 | ETA текущего run 0м 49с | training
ЭТАП 1/2 — обучение ███░░░░░░░░░░░░░░░░░░░░░░░░░  11.0% 7/60 | seed=2 INTERLEAVED | step 12000/20000 | ETA текущего run 0м 45с | training
ЭТАП 1/2 — обучение ███░░░░░░░░░░░░░░░░░░░░░░░░░  11.0% 7/60 | seed=2 INTERLEAVED | step 12500/20000 | ETA текущего run 0м 42с | training
ЭТАП 1/2 — обучение ███░░░░░░░░░░░░░░░░░░░░░░░░░  11.1% 7/60 | seed=2 INTERLEAVED | step 13000/20000 | ETA текущего run 0м 40с | training
ЭТАП 1/2 — обучение ███░░░░░░░░░░░░░░░░░░░░░░░░░  11.1% 7/60 | seed=2 INTERLEAVED | step 13500/20000 | ETA текущего run 0м 37с | training
ЭТАП 1/2 — обучение ███░░░░░░░░░░░░░░░░░░░░░░░░░  11.2% 7/60 | seed=2 INTERLEAVED | step 14000/20000 | ETA текущего run 0м 34с | training
ЭТАП 1/2 — обучение ███░░░░░░░░░░░░░░░░░░░░░░░░░  11.2% 7/60 | seed=2 INTERLEAVED | step 14500/20000 | ETA текущего run 0м 31с | training
ЭТАП 1/2 — обучение ███░░░░░░░░░░░░░░░░░░░░░░░░░  11.2% 7/60 | seed=2 INTERLEAVED | step 15000/20000 | ETA текущего run 0м 28с | training
ЭТАП 1/2 — обучение ███░░░░░░░░░░░░░░░░░░░░░░░░░  11.3% 7/60 | seed=2 INTERLEAVED | step 15500/20000 | ETA текущего run 0м 25с | training
ЭТАП 1/2 — обучение ███░░░░░░░░░░░░░░░░░░░░░░░░░  11.3% 7/60 | seed=2 INTERLEAVED | step 16000/20000 | ETA текущего run 0м 22с | training
ЭТАП 1/2 — обучение ███░░░░░░░░░░░░░░░░░░░░░░░░░  11.4% 7/60 | seed=2 INTERLEAVED | step 16500/20000 | ETA текущего run 0м 20с | training
ЭТАП 1/2 — обучение ███░░░░░░░░░░░░░░░░░░░░░░░░░  11.4% 7/60 | seed=2 INTERLEAVED | step 17000/20000 | ETA текущего run 0м 17с | training
ЭТАП 1/2 — обучение ███░░░░░░░░░░░░░░░░░░░░░░░░░  11.5% 7/60 | seed=2 INTERLEAVED | step 17500/20000 | ETA текущего run 0м 14с | training
ЭТАП 1/2 — обучение ███░░░░░░░░░░░░░░░░░░░░░░░░░  11.5% 7/60 | seed=2 INTERLEAVED | step 18000/20000 | ETA текущего run 0м 11с | training
ЭТАП 1/2 — обучение ███░░░░░░░░░░░░░░░░░░░░░░░░░  11.5% 7/60 | seed=2 INTERLEAVED | step 18500/20000 | ETA текущего run 0м 08с | training
ЭТАП 1/2 — обучение ███░░░░░░░░░░░░░░░░░░░░░░░░░  11.6% 7/60 | seed=2 INTERLEAVED | step 19000/20000 | ETA текущего run 0м 05с | training
ЭТАП 1/2 — обучение ███░░░░░░░░░░░░░░░░░░░░░░░░░  11.6% 7/60 | seed=2 INTERLEAVED | step 19500/20000 | ETA текущего run 0м 02с | training
ЭТАП 1/2 — обучение ███░░░░░░░░░░░░░░░░░░░░░░░░░  11.7% 7/60 | seed=2 INTERLEAVED | step 20000/20000 | ETA текущего run 0м 00с | training
ЭТАП 1/2 — обучение ███░░░░░░░░░░░░░░░░░░░░░░░░░  11.7% 7/60 | seed=2 INTERLEAVED | step 20000/20000 | ETA текущего run 0м 00с | checkpoint
ЭТАП 1/2 — обучение ███░░░░░░░░░░░░░░░░░░░░░░░░░  11.7% 7/60 | seed=2 INTERLEAVED | step 20000/20000 | ETA текущего run 0м 00с | completed

--- запуск 8/60: seed=2, condition=BLOCKED_AB ---
ЭТАП 1/2 — обучение ███░░░░░░░░░░░░░░░░░░░░░░░░░  11.7% 8/60 | seed=2 BLOCKED_AB | step 0/20000 | ETA текущего run 0м 00с | started
ЭТАП 1/2 — обучение ███░░░░░░░░░░░░░░░░░░░░░░░░░  11.7% 8/60 | seed=2 BLOCKED_AB | step 500/20000 | ETA текущего run 1м 35с | training
ЭТАП 1/2 — обучение ███░░░░░░░░░░░░░░░░░░░░░░░░░  11.8% 8/60 | seed=2 BLOCKED_AB | step 1000/20000 | ETA текущего run 1м 46с | training
ЭТАП 1/2 — обучение ███░░░░░░░░░░░░░░░░░░░░░░░░░  11.8% 8/60 | seed=2 BLOCKED_AB | step 1500/20000 | ETA текущего run 1м 46с | training
ЭТАП 1/2 — обучение ███░░░░░░░░░░░░░░░░░░░░░░░░░  11.8% 8/60 | seed=2 BLOCKED_AB | step 2000/20000 | ETA текущего run 1м 46с | training
ЭТАП 1/2 — обучение ███░░░░░░░░░░░░░░░░░░░░░░░░░  11.9% 8/60 | seed=2 BLOCKED_AB | step 2500/20000 | ETA текущего run 1м 44с | training
ЭТАП 1/2 — обучение ███░░░░░░░░░░░░░░░░░░░░░░░░░  11.9% 8/60 | seed=2 BLOCKED_AB | step 3000/20000 | ETA текущего run 1м 42с | training
ЭТАП 1/2 — обучение ███░░░░░░░░░░░░░░░░░░░░░░░░░  12.0% 8/60 | seed=2 BLOCKED_AB | step 3500/20000 | ETA текущего run 1м 40с | training
ЭТАП 1/2 — обучение ███░░░░░░░░░░░░░░░░░░░░░░░░░  12.0% 8/60 | seed=2 BLOCKED_AB | step 4000/20000 | ETA текущего run 1м 36с | training
ЭТАП 1/2 — обучение ███░░░░░░░░░░░░░░░░░░░░░░░░░  12.0% 8/60 | seed=2 BLOCKED_AB | step 4000/20000 | ETA текущего run 1м 36с | checkpoint
ЭТАП 1/2 — обучение ███░░░░░░░░░░░░░░░░░░░░░░░░░  12.0% 8/60 | seed=2 BLOCKED_AB | step 4500/20000 | ETA текущего run 1м 33с | training
ЭТАП 1/2 — обучение ███░░░░░░░░░░░░░░░░░░░░░░░░░  12.1% 8/60 | seed=2 BLOCKED_AB | step 5000/20000 | ETA текущего run 1м 29с | training
ЭТАП 1/2 — обучение ███░░░░░░░░░░░░░░░░░░░░░░░░░  12.1% 8/60 | seed=2 BLOCKED_AB | step 5500/20000 | ETA текущего run 1м 25с | training
ЭТАП 1/2 — обучение ███░░░░░░░░░░░░░░░░░░░░░░░░░  12.2% 8/60 | seed=2 BLOCKED_AB | step 6000/20000 | ETA текущего run 1м 22с | training
ЭТАП 1/2 — обучение ███░░░░░░░░░░░░░░░░░░░░░░░░░  12.2% 8/60 | seed=2 BLOCKED_AB | step 6500/20000 | ETA текущего run 1м 19с | training
ЭТАП 1/2 — обучение ███░░░░░░░░░░░░░░░░░░░░░░░░░  12.2% 8/60 | seed=2 BLOCKED_AB | step 7000/20000 | ETA текущего run 1м 16с | training
ЭТАП 1/2 — обучение ███░░░░░░░░░░░░░░░░░░░░░░░░░  12.3% 8/60 | seed=2 BLOCKED_AB | step 7500/20000 | ETA текущего run 1м 12с | training
ЭТАП 1/2 — обучение ███░░░░░░░░░░░░░░░░░░░░░░░░░  12.3% 8/60 | seed=2 BLOCKED_AB | step 8000/20000 | ETA текущего run 1м 09с | training
ЭТАП 1/2 — обучение ███░░░░░░░░░░░░░░░░░░░░░░░░░  12.4% 8/60 | seed=2 BLOCKED_AB | step 8500/20000 | ETA текущего run 1м 06с | training
ЭТАП 1/2 — обучение ███░░░░░░░░░░░░░░░░░░░░░░░░░  12.4% 8/60 | seed=2 BLOCKED_AB | step 9000/20000 | ETA текущего run 1м 03с | training
ЭТАП 1/2 — обучение ███░░░░░░░░░░░░░░░░░░░░░░░░░  12.5% 8/60 | seed=2 BLOCKED_AB | step 9500/20000 | ETA текущего run 1м 00с | training
ЭТАП 1/2 — обучение ███░░░░░░░░░░░░░░░░░░░░░░░░░  12.5% 8/60 | seed=2 BLOCKED_AB | step 10000/20000 | ETA текущего run 0м 57с | training
ЭТАП 1/2 — обучение ███░░░░░░░░░░░░░░░░░░░░░░░░░  12.5% 8/60 | seed=2 BLOCKED_AB | step 10000/20000 | ETA текущего run 0м 57с | checkpoint
ЭТАП 1/2 — обучение ███░░░░░░░░░░░░░░░░░░░░░░░░░  12.5% 8/60 | seed=2 BLOCKED_AB | step 10500/20000 | ETA текущего run 0м 54с | training
ЭТАП 1/2 — обучение ███░░░░░░░░░░░░░░░░░░░░░░░░░  12.6% 8/60 | seed=2 BLOCKED_AB | step 11000/20000 | ETA текущего run 0м 51с | training
ЭТАП 1/2 — обучение ███░░░░░░░░░░░░░░░░░░░░░░░░░  12.6% 8/60 | seed=2 BLOCKED_AB | step 11500/20000 | ETA текущего run 0м 48с | training
ЭТАП 1/2 — обучение ███░░░░░░░░░░░░░░░░░░░░░░░░░  12.7% 8/60 | seed=2 BLOCKED_AB | step 12000/20000 | ETA текущего run 0м 45с | training
ЭТАП 1/2 — обучение ███░░░░░░░░░░░░░░░░░░░░░░░░░  12.7% 8/60 | seed=2 BLOCKED_AB | step 12500/20000 | ETA текущего run 0м 43с | training
ЭТАП 1/2 — обучение ███░░░░░░░░░░░░░░░░░░░░░░░░░  12.8% 8/60 | seed=2 BLOCKED_AB | step 13000/20000 | ETA текущего run 0м 40с | training
ЭТАП 1/2 — обучение ███░░░░░░░░░░░░░░░░░░░░░░░░░  12.8% 8/60 | seed=2 BLOCKED_AB | step 13500/20000 | ETA текущего run 0м 37с | training
ЭТАП 1/2 — обучение ███░░░░░░░░░░░░░░░░░░░░░░░░░  12.8% 8/60 | seed=2 BLOCKED_AB | step 14000/20000 | ETA текущего run 0м 34с | training
ЭТАП 1/2 — обучение ███░░░░░░░░░░░░░░░░░░░░░░░░░  12.9% 8/60 | seed=2 BLOCKED_AB | step 14500/20000 | ETA текущего run 0м 32с | training
ЭТАП 1/2 — обучение ███░░░░░░░░░░░░░░░░░░░░░░░░░  12.9% 8/60 | seed=2 BLOCKED_AB | step 15000/20000 | ETA текущего run 0м 29с | training
ЭТАП 1/2 — обучение ███░░░░░░░░░░░░░░░░░░░░░░░░░  13.0% 8/60 | seed=2 BLOCKED_AB | step 15500/20000 | ETA текущего run 0м 26с | training
ЭТАП 1/2 — обучение ███░░░░░░░░░░░░░░░░░░░░░░░░░  13.0% 8/60 | seed=2 BLOCKED_AB | step 16000/20000 | ETA текущего run 0м 23с | training
ЭТАП 1/2 — обучение ███░░░░░░░░░░░░░░░░░░░░░░░░░  13.0% 8/60 | seed=2 BLOCKED_AB | step 16500/20000 | ETA текущего run 0м 20с | training
ЭТАП 1/2 — обучение ███░░░░░░░░░░░░░░░░░░░░░░░░░  13.1% 8/60 | seed=2 BLOCKED_AB | step 17000/20000 | ETA текущего run 0м 17с | training
ЭТАП 1/2 — обучение ███░░░░░░░░░░░░░░░░░░░░░░░░░  13.1% 8/60 | seed=2 BLOCKED_AB | step 17500/20000 | ETA текущего run 0м 14с | training
ЭТАП 1/2 — обучение ███░░░░░░░░░░░░░░░░░░░░░░░░░  13.2% 8/60 | seed=2 BLOCKED_AB | step 18000/20000 | ETA текущего run 0м 11с | training
ЭТАП 1/2 — обучение ███░░░░░░░░░░░░░░░░░░░░░░░░░  13.2% 8/60 | seed=2 BLOCKED_AB | step 18500/20000 | ETA текущего run 0м 08с | training
ЭТАП 1/2 — обучение ███░░░░░░░░░░░░░░░░░░░░░░░░░  13.2% 8/60 | seed=2 BLOCKED_AB | step 19000/20000 | ETA текущего run 0м 05с | training
ЭТАП 1/2 — обучение ███░░░░░░░░░░░░░░░░░░░░░░░░░  13.3% 8/60 | seed=2 BLOCKED_AB | step 19500/20000 | ETA текущего run 0м 02с | training
ЭТАП 1/2 — обучение ███░░░░░░░░░░░░░░░░░░░░░░░░░  13.3% 8/60 | seed=2 BLOCKED_AB | step 20000/20000 | ETA текущего run 0м 00с | training
ЭТАП 1/2 — обучение ███░░░░░░░░░░░░░░░░░░░░░░░░░  13.3% 8/60 | seed=2 BLOCKED_AB | step 20000/20000 | ETA текущего run 0м 00с | checkpoint
ЭТАП 1/2 — обучение ███░░░░░░░░░░░░░░░░░░░░░░░░░  13.3% 8/60 | seed=2 BLOCKED_AB | step 20000/20000 | ETA текущего run 0м 00с | completed

--- запуск 9/60: seed=2, condition=BLOCKED_BA ---
ЭТАП 1/2 — обучение ███░░░░░░░░░░░░░░░░░░░░░░░░░  13.3% 9/60 | seed=2 BLOCKED_BA | step 0/20000 | ETA текущего run 0м 00с | started
ЭТАП 1/2 — обучение ███░░░░░░░░░░░░░░░░░░░░░░░░░  13.4% 9/60 | seed=2 BLOCKED_BA | step 500/20000 | ETA текущего run 1м 14с | training
ЭТАП 1/2 — обучение ███░░░░░░░░░░░░░░░░░░░░░░░░░  13.4% 9/60 | seed=2 BLOCKED_BA | step 1000/20000 | ETA текущего run 1м 30с | training
ЭТАП 1/2 — обучение ███░░░░░░░░░░░░░░░░░░░░░░░░░  13.5% 9/60 | seed=2 BLOCKED_BA | step 1500/20000 | ETA текущего run 1м 33с | training
ЭТАП 1/2 — обучение ███░░░░░░░░░░░░░░░░░░░░░░░░░  13.5% 9/60 | seed=2 BLOCKED_BA | step 2000/20000 | ETA текущего run 1м 33с | training
ЭТАП 1/2 — обучение ███░░░░░░░░░░░░░░░░░░░░░░░░░  13.5% 9/60 | seed=2 BLOCKED_BA | step 2500/20000 | ETA текущего run 1м 32с | training
ЭТАП 1/2 — обучение ███░░░░░░░░░░░░░░░░░░░░░░░░░  13.6% 9/60 | seed=2 BLOCKED_BA | step 3000/20000 | ETA текущего run 1м 30с | training
ЭТАП 1/2 — обучение ███░░░░░░░░░░░░░░░░░░░░░░░░░  13.6% 9/60 | seed=2 BLOCKED_BA | step 3500/20000 | ETA текущего run 1м 28с | training
ЭТАП 1/2 — обучение ███░░░░░░░░░░░░░░░░░░░░░░░░░  13.7% 9/60 | seed=2 BLOCKED_BA | step 4000/20000 | ETA текущего run 1м 26с | training
ЭТАП 1/2 — обучение ███░░░░░░░░░░░░░░░░░░░░░░░░░  13.7% 9/60 | seed=2 BLOCKED_BA | step 4000/20000 | ETA текущего run 1м 26с | checkpoint
ЭТАП 1/2 — обучение ███░░░░░░░░░░░░░░░░░░░░░░░░░  13.7% 9/60 | seed=2 BLOCKED_BA | step 4500/20000 | ETA текущего run 1м 24с | training
ЭТАП 1/2 — обучение ███░░░░░░░░░░░░░░░░░░░░░░░░░  13.8% 9/60 | seed=2 BLOCKED_BA | step 5000/20000 | ETA текущего run 1м 27с | training
ЭТАП 1/2 — обучение ███░░░░░░░░░░░░░░░░░░░░░░░░░  13.8% 9/60 | seed=2 BLOCKED_BA | step 5500/20000 | ETA текущего run 1м 33с | training
ЭТАП 1/2 — обучение ███░░░░░░░░░░░░░░░░░░░░░░░░░  13.8% 9/60 | seed=2 BLOCKED_BA | step 6000/20000 | ETA текущего run 1м 29с | training
ЭТАП 1/2 — обучение ███░░░░░░░░░░░░░░░░░░░░░░░░░  13.9% 9/60 | seed=2 BLOCKED_BA | step 6500/20000 | ETA текущего run 1м 25с | training
ЭТАП 1/2 — обучение ███░░░░░░░░░░░░░░░░░░░░░░░░░  13.9% 9/60 | seed=2 BLOCKED_BA | step 7000/20000 | ETA текущего run 1м 21с | training
ЭТАП 1/2 — обучение ███░░░░░░░░░░░░░░░░░░░░░░░░░  14.0% 9/60 | seed=2 BLOCKED_BA | step 7500/20000 | ETA текущего run 1м 18с | training
ЭТАП 1/2 — обучение ███░░░░░░░░░░░░░░░░░░░░░░░░░  14.0% 9/60 | seed=2 BLOCKED_BA | step 8000/20000 | ETA текущего run 1м 14с | training
ЭТАП 1/2 — обучение ███░░░░░░░░░░░░░░░░░░░░░░░░░  14.0% 9/60 | seed=2 BLOCKED_BA | step 8500/20000 | ETA текущего run 1м 11с | training
ЭТАП 1/2 — обучение ███░░░░░░░░░░░░░░░░░░░░░░░░░  14.1% 9/60 | seed=2 BLOCKED_BA | step 9000/20000 | ETA текущего run 1м 07с | training
ЭТАП 1/2 — обучение ███░░░░░░░░░░░░░░░░░░░░░░░░░  14.1% 9/60 | seed=2 BLOCKED_BA | step 9500/20000 | ETA текущего run 1м 04с | training
ЭТАП 1/2 — обучение ███░░░░░░░░░░░░░░░░░░░░░░░░░  14.2% 9/60 | seed=2 BLOCKED_BA | step 10000/20000 | ETA текущего run 1м 03с | training
ЭТАП 1/2 — обучение ███░░░░░░░░░░░░░░░░░░░░░░░░░  14.2% 9/60 | seed=2 BLOCKED_BA | step 10000/20000 | ETA текущего run 1м 03с | checkpoint
ЭТАП 1/2 — обучение ███░░░░░░░░░░░░░░░░░░░░░░░░░  14.2% 9/60 | seed=2 BLOCKED_BA | step 10500/20000 | ETA текущего run 1м 02с | training
ЭТАП 1/2 — обучение ███░░░░░░░░░░░░░░░░░░░░░░░░░  14.3% 9/60 | seed=2 BLOCKED_BA | step 11000/20000 | ETA текущего run 1м 01с | training
ЭТАП 1/2 — обучение ████░░░░░░░░░░░░░░░░░░░░░░░░  14.3% 9/60 | seed=2 BLOCKED_BA | step 11500/20000 | ETA текущего run 0м 59с | training
ЭТАП 1/2 — обучение ████░░░░░░░░░░░░░░░░░░░░░░░░  14.3% 9/60 | seed=2 BLOCKED_BA | step 12000/20000 | ETA текущего run 0м 57с | training
ЭТАП 1/2 — обучение ████░░░░░░░░░░░░░░░░░░░░░░░░  14.4% 9/60 | seed=2 BLOCKED_BA | step 12500/20000 | ETA текущего run 0м 54с | training
ЭТАП 1/2 — обучение ████░░░░░░░░░░░░░░░░░░░░░░░░  14.4% 9/60 | seed=2 BLOCKED_BA | step 13000/20000 | ETA текущего run 0м 50с | training
ЭТАП 1/2 — обучение ████░░░░░░░░░░░░░░░░░░░░░░░░  14.5% 9/60 | seed=2 BLOCKED_BA | step 13500/20000 | ETA текущего run 0м 47с | training
ЭТАП 1/2 — обучение ████░░░░░░░░░░░░░░░░░░░░░░░░  14.5% 9/60 | seed=2 BLOCKED_BA | step 14000/20000 | ETA текущего run 0м 45с | training
ЭТАП 1/2 — обучение ████░░░░░░░░░░░░░░░░░░░░░░░░  14.5% 9/60 | seed=2 BLOCKED_BA | step 14500/20000 | ETA текущего run 0м 42с | training
ЭТАП 1/2 — обучение ████░░░░░░░░░░░░░░░░░░░░░░░░  14.6% 9/60 | seed=2 BLOCKED_BA | step 15000/20000 | ETA текущего run 0м 39с | training
ЭТАП 1/2 — обучение ████░░░░░░░░░░░░░░░░░░░░░░░░  14.6% 9/60 | seed=2 BLOCKED_BA | step 15500/20000 | ETA текущего run 0м 37с | training
ЭТАП 1/2 — обучение ████░░░░░░░░░░░░░░░░░░░░░░░░  14.7% 9/60 | seed=2 BLOCKED_BA | step 16000/20000 | ETA текущего run 0м 33с | training
ЭТАП 1/2 — обучение ████░░░░░░░░░░░░░░░░░░░░░░░░  14.7% 9/60 | seed=2 BLOCKED_BA | step 16500/20000 | ETA текущего run 0м 30с | training
ЭТАП 1/2 — обучение ████░░░░░░░░░░░░░░░░░░░░░░░░  14.8% 9/60 | seed=2 BLOCKED_BA | step 17000/20000 | ETA текущего run 0м 26с | training
ЭТАП 1/2 — обучение ████░░░░░░░░░░░░░░░░░░░░░░░░  14.8% 9/60 | seed=2 BLOCKED_BA | step 17500/20000 | ETA текущего run 0м 22с | training
ЭТАП 1/2 — обучение ████░░░░░░░░░░░░░░░░░░░░░░░░  14.8% 9/60 | seed=2 BLOCKED_BA | step 18000/20000 | ETA текущего run 0м 18с | training
ЭТАП 1/2 — обучение ████░░░░░░░░░░░░░░░░░░░░░░░░  14.9% 9/60 | seed=2 BLOCKED_BA | step 18500/20000 | ETA текущего run 0м 14с | training
ЭТАП 1/2 — обучение ████░░░░░░░░░░░░░░░░░░░░░░░░  14.9% 9/60 | seed=2 BLOCKED_BA | step 19000/20000 | ETA текущего run 0м 09с | training
ЭТАП 1/2 — обучение ████░░░░░░░░░░░░░░░░░░░░░░░░  15.0% 9/60 | seed=2 BLOCKED_BA | step 19500/20000 | ETA текущего run 0м 04с | training
ЭТАП 1/2 — обучение ████░░░░░░░░░░░░░░░░░░░░░░░░  15.0% 9/60 | seed=2 BLOCKED_BA | step 20000/20000 | ETA текущего run 0м 00с | training
ЭТАП 1/2 — обучение ████░░░░░░░░░░░░░░░░░░░░░░░░  15.0% 9/60 | seed=2 BLOCKED_BA | step 20000/20000 | ETA текущего run 0м 00с | checkpoint
ЭТАП 1/2 — обучение ████░░░░░░░░░░░░░░░░░░░░░░░░  15.0% 9/60 | seed=2 BLOCKED_BA | step 20000/20000 | ETA текущего run 0м 00с | completed

--- запуск 10/60: seed=3, condition=INTERLEAVED ---
ЭТАП 1/2 — обучение ████░░░░░░░░░░░░░░░░░░░░░░░░  15.0% 10/60 | seed=3 INTERLEAVED | step 0/20000 | ETA текущего run 0м 00с | started
ЭТАП 1/2 — обучение ████░░░░░░░░░░░░░░░░░░░░░░░░  15.0% 10/60 | seed=3 INTERLEAVED | step 500/20000 | ETA текущего run 2м 44с | training
ЭТАП 1/2 — обучение ████░░░░░░░░░░░░░░░░░░░░░░░░  15.1% 10/60 | seed=3 INTERLEAVED | step 1000/20000 | ETA текущего run 3м 53с | training
ЭТАП 1/2 — обучение ████░░░░░░░░░░░░░░░░░░░░░░░░  15.1% 10/60 | seed=3 INTERLEAVED | step 1500/20000 | ETA текущего run 3м 49с | training
ЭТАП 1/2 — обучение ████░░░░░░░░░░░░░░░░░░░░░░░░  15.2% 10/60 | seed=3 INTERLEAVED | step 2000/20000 | ETA текущего run 3м 37с | training
ЭТАП 1/2 — обучение ████░░░░░░░░░░░░░░░░░░░░░░░░  15.2% 10/60 | seed=3 INTERLEAVED | step 2500/20000 | ETA текущего run 3м 26с | training
ЭТАП 1/2 — обучение ████░░░░░░░░░░░░░░░░░░░░░░░░  15.2% 10/60 | seed=3 INTERLEAVED | step 3000/20000 | ETA текущего run 3м 18с | training
ЭТАП 1/2 — обучение ████░░░░░░░░░░░░░░░░░░░░░░░░  15.3% 10/60 | seed=3 INTERLEAVED | step 3500/20000 | ETA текущего run 3м 15с | training
ЭТАП 1/2 — обучение ████░░░░░░░░░░░░░░░░░░░░░░░░  15.3% 10/60 | seed=3 INTERLEAVED | step 4000/20000 | ETA текущего run 3м 17с | training
ЭТАП 1/2 — обучение ████░░░░░░░░░░░░░░░░░░░░░░░░  15.3% 10/60 | seed=3 INTERLEAVED | step 4000/20000 | ETA текущего run 3м 17с | checkpoint
ЭТАП 1/2 — обучение ████░░░░░░░░░░░░░░░░░░░░░░░░  15.4% 10/60 | seed=3 INTERLEAVED | step 4500/20000 | ETA текущего run 3м 18с | training
ЭТАП 1/2 — обучение ████░░░░░░░░░░░░░░░░░░░░░░░░  15.4% 10/60 | seed=3 INTERLEAVED | step 5000/20000 | ETA текущего run 3м 15с | training
ЭТАП 1/2 — обучение ████░░░░░░░░░░░░░░░░░░░░░░░░  15.5% 10/60 | seed=3 INTERLEAVED | step 5500/20000 | ETA текущего run 3м 09с | training
ЭТАП 1/2 — обучение ████░░░░░░░░░░░░░░░░░░░░░░░░  15.5% 10/60 | seed=3 INTERLEAVED | step 6000/20000 | ETA текущего run 2м 59с | training
ЭТАП 1/2 — обучение ████░░░░░░░░░░░░░░░░░░░░░░░░  15.5% 10/60 | seed=3 INTERLEAVED | step 6500/20000 | ETA текущего run 2м 51с | training
ЭТАП 1/2 — обучение ████░░░░░░░░░░░░░░░░░░░░░░░░  15.6% 10/60 | seed=3 INTERLEAVED | step 7000/20000 | ETA текущего run 2м 43с | training
ЭТАП 1/2 — обучение ████░░░░░░░░░░░░░░░░░░░░░░░░  15.6% 10/60 | seed=3 INTERLEAVED | step 7500/20000 | ETA текущего run 2м 35с | training
ЭТАП 1/2 — обучение ████░░░░░░░░░░░░░░░░░░░░░░░░  15.7% 10/60 | seed=3 INTERLEAVED | step 8000/20000 | ETA текущего run 2м 28с | training
ЭТАП 1/2 — обучение ████░░░░░░░░░░░░░░░░░░░░░░░░  15.7% 10/60 | seed=3 INTERLEAVED | step 8500/20000 | ETA текущего run 2м 21с | training
ЭТАП 1/2 — обучение ████░░░░░░░░░░░░░░░░░░░░░░░░  15.8% 10/60 | seed=3 INTERLEAVED | step 9000/20000 | ETA текущего run 2м 14с | training
ЭТАП 1/2 — обучение ████░░░░░░░░░░░░░░░░░░░░░░░░  15.8% 10/60 | seed=3 INTERLEAVED | step 9500/20000 | ETA текущего run 2м 08с | training
ЭТАП 1/2 — обучение ████░░░░░░░░░░░░░░░░░░░░░░░░  15.8% 10/60 | seed=3 INTERLEAVED | step 10000/20000 | ETA текущего run 2м 01с | training
ЭТАП 1/2 — обучение ████░░░░░░░░░░░░░░░░░░░░░░░░  15.8% 10/60 | seed=3 INTERLEAVED | step 10000/20000 | ETA текущего run 2м 01с | checkpoint
ЭТАП 1/2 — обучение ████░░░░░░░░░░░░░░░░░░░░░░░░  15.9% 10/60 | seed=3 INTERLEAVED | step 10500/20000 | ETA текущего run 1м 54с | training
ЭТАП 1/2 — обучение ████░░░░░░░░░░░░░░░░░░░░░░░░  15.9% 10/60 | seed=3 INTERLEAVED | step 11000/20000 | ETA текущего run 1м 49с | training
ЭТАП 1/2 — обучение ████░░░░░░░░░░░░░░░░░░░░░░░░  16.0% 10/60 | seed=3 INTERLEAVED | step 11500/20000 | ETA текущего run 1м 42с | training
ЭТАП 1/2 — обучение ████░░░░░░░░░░░░░░░░░░░░░░░░  16.0% 10/60 | seed=3 INTERLEAVED | step 12000/20000 | ETA текущего run 1м 36с | training
ЭТАП 1/2 — обучение ████░░░░░░░░░░░░░░░░░░░░░░░░  16.0% 10/60 | seed=3 INTERLEAVED | step 12500/20000 | ETA текущего run 1м 30с | training
ЭТАП 1/2 — обучение ████░░░░░░░░░░░░░░░░░░░░░░░░  16.1% 10/60 | seed=3 INTERLEAVED | step 13000/20000 | ETA текущего run 1м 23с | training
ЭТАП 1/2 — обучение ████░░░░░░░░░░░░░░░░░░░░░░░░  16.1% 10/60 | seed=3 INTERLEAVED | step 13500/20000 | ETA текущего run 1м 17с | training
ЭТАП 1/2 — обучение ████░░░░░░░░░░░░░░░░░░░░░░░░  16.2% 10/60 | seed=3 INTERLEAVED | step 14000/20000 | ETA текущего run 1м 09с | training
ЭТАП 1/2 — обучение ████░░░░░░░░░░░░░░░░░░░░░░░░  16.2% 10/60 | seed=3 INTERLEAVED | step 14500/20000 | ETA текущего run 1м 02с | training
ЭТАП 1/2 — обучение ████░░░░░░░░░░░░░░░░░░░░░░░░  16.2% 10/60 | seed=3 INTERLEAVED | step 15000/20000 | ETA текущего run 0м 56с | training
ЭТАП 1/2 — обучение ████░░░░░░░░░░░░░░░░░░░░░░░░  16.3% 10/60 | seed=3 INTERLEAVED | step 15500/20000 | ETA текущего run 0м 49с | training
ЭТАП 1/2 — обучение ████░░░░░░░░░░░░░░░░░░░░░░░░  16.3% 10/60 | seed=3 INTERLEAVED | step 16000/20000 | ETA текущего run 0м 43с | training
ЭТАП 1/2 — обучение ████░░░░░░░░░░░░░░░░░░░░░░░░  16.4% 10/60 | seed=3 INTERLEAVED | step 16500/20000 | ETA текущего run 0м 37с | training
ЭТАП 1/2 — обучение ████░░░░░░░░░░░░░░░░░░░░░░░░  16.4% 10/60 | seed=3 INTERLEAVED | step 17000/20000 | ETA текущего run 0м 32с | training
ЭТАП 1/2 — обучение ████░░░░░░░░░░░░░░░░░░░░░░░░  16.5% 10/60 | seed=3 INTERLEAVED | step 17500/20000 | ETA текущего run 0м 26с | training
ЭТАП 1/2 — обучение ████░░░░░░░░░░░░░░░░░░░░░░░░  16.5% 10/60 | seed=3 INTERLEAVED | step 18000/20000 | ETA текущего run 0м 20с | training
ЭТАП 1/2 — обучение ████░░░░░░░░░░░░░░░░░░░░░░░░  16.5% 10/60 | seed=3 INTERLEAVED | step 18500/20000 | ETA текущего run 0м 15с | training
ЭТАП 1/2 — обучение ████░░░░░░░░░░░░░░░░░░░░░░░░  16.6% 10/60 | seed=3 INTERLEAVED | step 19000/20000 | ETA текущего run 0м 10с | training
ЭТАП 1/2 — обучение ████░░░░░░░░░░░░░░░░░░░░░░░░  16.6% 10/60 | seed=3 INTERLEAVED | step 19500/20000 | ETA текущего run 0м 05с | training
ЭТАП 1/2 — обучение ████░░░░░░░░░░░░░░░░░░░░░░░░  16.7% 10/60 | seed=3 INTERLEAVED | step 20000/20000 | ETA текущего run 0м 00с | training
ЭТАП 1/2 — обучение ████░░░░░░░░░░░░░░░░░░░░░░░░  16.7% 10/60 | seed=3 INTERLEAVED | step 20000/20000 | ETA текущего run 0м 00с | checkpoint
ЭТАП 1/2 — обучение ████░░░░░░░░░░░░░░░░░░░░░░░░  16.7% 10/60 | seed=3 INTERLEAVED | step 20000/20000 | ETA текущего run 0м 00с | completed

--- запуск 11/60: seed=3, condition=BLOCKED_AB ---
ЭТАП 1/2 — обучение ████░░░░░░░░░░░░░░░░░░░░░░░░  16.7% 11/60 | seed=3 BLOCKED_AB | step 0/20000 | ETA текущего run 0м 00с | started
ЭТАП 1/2 — обучение ████░░░░░░░░░░░░░░░░░░░░░░░░  16.7% 11/60 | seed=3 BLOCKED_AB | step 500/20000 | ETA текущего run 1м 28с | training
ЭТАП 1/2 — обучение ████░░░░░░░░░░░░░░░░░░░░░░░░  16.8% 11/60 | seed=3 BLOCKED_AB | step 1000/20000 | ETA текущего run 2м 04с | training
ЭТАП 1/2 — обучение ████░░░░░░░░░░░░░░░░░░░░░░░░  16.8% 11/60 | seed=3 BLOCKED_AB | step 1500/20000 | ETA текущего run 1м 55с | training
ЭТАП 1/2 — обучение ████░░░░░░░░░░░░░░░░░░░░░░░░  16.8% 11/60 | seed=3 BLOCKED_AB | step 2000/20000 | ETA текущего run 2м 04с | training
ЭТАП 1/2 — обучение ████░░░░░░░░░░░░░░░░░░░░░░░░  16.9% 11/60 | seed=3 BLOCKED_AB | step 2500/20000 | ETA текущего run 2м 18с | training
ЭТАП 1/2 — обучение ████░░░░░░░░░░░░░░░░░░░░░░░░  16.9% 11/60 | seed=3 BLOCKED_AB | step 3000/20000 | ETA текущего run 2м 19с | training
ЭТАП 1/2 — обучение ████░░░░░░░░░░░░░░░░░░░░░░░░  17.0% 11/60 | seed=3 BLOCKED_AB | step 3500/20000 | ETA текущего run 2м 09с | training
ЭТАП 1/2 — обучение ████░░░░░░░░░░░░░░░░░░░░░░░░  17.0% 11/60 | seed=3 BLOCKED_AB | step 4000/20000 | ETA текущего run 2м 01с | training
ЭТАП 1/2 — обучение ████░░░░░░░░░░░░░░░░░░░░░░░░  17.0% 11/60 | seed=3 BLOCKED_AB | step 4000/20000 | ETA текущего run 2м 01с | checkpoint
ЭТАП 1/2 — обучение ████░░░░░░░░░░░░░░░░░░░░░░░░  17.0% 11/60 | seed=3 BLOCKED_AB | step 4500/20000 | ETA текущего run 1м 54с | training
ЭТАП 1/2 — обучение ████░░░░░░░░░░░░░░░░░░░░░░░░  17.1% 11/60 | seed=3 BLOCKED_AB | step 5000/20000 | ETA текущего run 1м 48с | training
ЭТАП 1/2 — обучение ████░░░░░░░░░░░░░░░░░░░░░░░░  17.1% 11/60 | seed=3 BLOCKED_AB | step 5500/20000 | ETA текущего run 1м 43с | training
ЭТАП 1/2 — обучение ████░░░░░░░░░░░░░░░░░░░░░░░░  17.2% 11/60 | seed=3 BLOCKED_AB | step 6000/20000 | ETA текущего run 1м 38с | training
ЭТАП 1/2 — обучение ████░░░░░░░░░░░░░░░░░░░░░░░░  17.2% 11/60 | seed=3 BLOCKED_AB | step 6500/20000 | ETA текущего run 1м 33с | training
ЭТАП 1/2 — обучение ████░░░░░░░░░░░░░░░░░░░░░░░░  17.2% 11/60 | seed=3 BLOCKED_AB | step 7000/20000 | ETA текущего run 1м 28с | training
ЭТАП 1/2 — обучение ████░░░░░░░░░░░░░░░░░░░░░░░░  17.3% 11/60 | seed=3 BLOCKED_AB | step 7500/20000 | ETA текущего run 1м 24с | training
ЭТАП 1/2 — обучение ████░░░░░░░░░░░░░░░░░░░░░░░░  17.3% 11/60 | seed=3 BLOCKED_AB | step 8000/20000 | ETA текущего run 1м 20с | training
ЭТАП 1/2 — обучение ████░░░░░░░░░░░░░░░░░░░░░░░░  17.4% 11/60 | seed=3 BLOCKED_AB | step 8500/20000 | ETA текущего run 1м 16с | training
ЭТАП 1/2 — обучение ████░░░░░░░░░░░░░░░░░░░░░░░░  17.4% 11/60 | seed=3 BLOCKED_AB | step 9000/20000 | ETA текущего run 1м 12с | training
ЭТАП 1/2 — обучение ████░░░░░░░░░░░░░░░░░░░░░░░░  17.5% 11/60 | seed=3 BLOCKED_AB | step 9500/20000 | ETA текущего run 1м 08с | training
ЭТАП 1/2 — обучение ████░░░░░░░░░░░░░░░░░░░░░░░░  17.5% 11/60 | seed=3 BLOCKED_AB | step 10000/20000 | ETA текущего run 1м 05с | training
ЭТАП 1/2 — обучение ████░░░░░░░░░░░░░░░░░░░░░░░░  17.5% 11/60 | seed=3 BLOCKED_AB | step 10000/20000 | ETA текущего run 1м 05с | checkpoint
ЭТАП 1/2 — обучение ████░░░░░░░░░░░░░░░░░░░░░░░░  17.5% 11/60 | seed=3 BLOCKED_AB | step 10500/20000 | ETA текущего run 1м 02с | training
ЭТАП 1/2 — обучение ████░░░░░░░░░░░░░░░░░░░░░░░░  17.6% 11/60 | seed=3 BLOCKED_AB | step 11000/20000 | ETA текущего run 0м 58с | training
ЭТАП 1/2 — обучение ████░░░░░░░░░░░░░░░░░░░░░░░░  17.6% 11/60 | seed=3 BLOCKED_AB | step 11500/20000 | ETA текущего run 0м 54с | training
ЭТАП 1/2 — обучение ████░░░░░░░░░░░░░░░░░░░░░░░░  17.7% 11/60 | seed=3 BLOCKED_AB | step 12000/20000 | ETA текущего run 0м 51с | training
ЭТАП 1/2 — обучение ████░░░░░░░░░░░░░░░░░░░░░░░░  17.7% 11/60 | seed=3 BLOCKED_AB | step 12500/20000 | ETA текущего run 0м 47с | training
ЭТАП 1/2 — обучение ████░░░░░░░░░░░░░░░░░░░░░░░░  17.8% 11/60 | seed=3 BLOCKED_AB | step 13000/20000 | ETA текущего run 0м 44с | training
ЭТАП 1/2 — обучение ████░░░░░░░░░░░░░░░░░░░░░░░░  17.8% 11/60 | seed=3 BLOCKED_AB | step 13500/20000 | ETA текущего run 0м 40с | training
ЭТАП 1/2 — обучение ████░░░░░░░░░░░░░░░░░░░░░░░░  17.8% 11/60 | seed=3 BLOCKED_AB | step 14000/20000 | ETA текущего run 0м 37с | training
ЭТАП 1/2 — обучение █████░░░░░░░░░░░░░░░░░░░░░░░  17.9% 11/60 | seed=3 BLOCKED_AB | step 14500/20000 | ETA текущего run 0м 34с | training
ЭТАП 1/2 — обучение █████░░░░░░░░░░░░░░░░░░░░░░░  17.9% 11/60 | seed=3 BLOCKED_AB | step 15000/20000 | ETA текущего run 0м 30с | training
ЭТАП 1/2 — обучение █████░░░░░░░░░░░░░░░░░░░░░░░  18.0% 11/60 | seed=3 BLOCKED_AB | step 15500/20000 | ETA текущего run 0м 27с | training
ЭТАП 1/2 — обучение █████░░░░░░░░░░░░░░░░░░░░░░░  18.0% 11/60 | seed=3 BLOCKED_AB | step 16000/20000 | ETA текущего run 0м 24с | training
ЭТАП 1/2 — обучение █████░░░░░░░░░░░░░░░░░░░░░░░  18.0% 11/60 | seed=3 BLOCKED_AB | step 16500/20000 | ETA текущего run 0м 21с | training
ЭТАП 1/2 — обучение █████░░░░░░░░░░░░░░░░░░░░░░░  18.1% 11/60 | seed=3 BLOCKED_AB | step 17000/20000 | ETA текущего run 0м 18с | training
ЭТАП 1/2 — обучение █████░░░░░░░░░░░░░░░░░░░░░░░  18.1% 11/60 | seed=3 BLOCKED_AB | step 17500/20000 | ETA текущего run 0м 15с | training
ЭТАП 1/2 — обучение █████░░░░░░░░░░░░░░░░░░░░░░░  18.2% 11/60 | seed=3 BLOCKED_AB | step 18000/20000 | ETA текущего run 0м 12с | training
ЭТАП 1/2 — обучение █████░░░░░░░░░░░░░░░░░░░░░░░  18.2% 11/60 | seed=3 BLOCKED_AB | step 18500/20000 | ETA текущего run 0м 09с | training
ЭТАП 1/2 — обучение █████░░░░░░░░░░░░░░░░░░░░░░░  18.2% 11/60 | seed=3 BLOCKED_AB | step 19000/20000 | ETA текущего run 0м 06с | training
ЭТАП 1/2 — обучение █████░░░░░░░░░░░░░░░░░░░░░░░  18.3% 11/60 | seed=3 BLOCKED_AB | step 19500/20000 | ETA текущего run 0м 03с | training
ЭТАП 1/2 — обучение █████░░░░░░░░░░░░░░░░░░░░░░░  18.3% 11/60 | seed=3 BLOCKED_AB | step 20000/20000 | ETA текущего run 0м 00с | training
ЭТАП 1/2 — обучение █████░░░░░░░░░░░░░░░░░░░░░░░  18.3% 11/60 | seed=3 BLOCKED_AB | step 20000/20000 | ETA текущего run 0м 00с | checkpoint
ЭТАП 1/2 — обучение █████░░░░░░░░░░░░░░░░░░░░░░░  18.3% 11/60 | seed=3 BLOCKED_AB | step 20000/20000 | ETA текущего run 0м 00с | completed

--- запуск 12/60: seed=3, condition=BLOCKED_BA ---
ЭТАП 1/2 — обучение █████░░░░░░░░░░░░░░░░░░░░░░░  18.3% 12/60 | seed=3 BLOCKED_BA | step 0/20000 | ETA текущего run 0м 00с | started
ЭТАП 1/2 — обучение █████░░░░░░░░░░░░░░░░░░░░░░░  18.4% 12/60 | seed=3 BLOCKED_BA | step 500/20000 | ETA текущего run 1м 17с | training
ЭТАП 1/2 — обучение █████░░░░░░░░░░░░░░░░░░░░░░░  18.4% 12/60 | seed=3 BLOCKED_BA | step 1000/20000 | ETA текущего run 1м 32с | training
ЭТАП 1/2 — обучение █████░░░░░░░░░░░░░░░░░░░░░░░  18.5% 12/60 | seed=3 BLOCKED_BA | step 1500/20000 | ETA текущего run 1м 35с | training
ЭТАП 1/2 — обучение █████░░░░░░░░░░░░░░░░░░░░░░░  18.5% 12/60 | seed=3 BLOCKED_BA | step 2000/20000 | ETA текущего run 1м 34с | training
ЭТАП 1/2 — обучение █████░░░░░░░░░░░░░░░░░░░░░░░  18.5% 12/60 | seed=3 BLOCKED_BA | step 2500/20000 | ETA текущего run 1м 35с | training
ЭТАП 1/2 — обучение █████░░░░░░░░░░░░░░░░░░░░░░░  18.6% 12/60 | seed=3 BLOCKED_BA | step 3000/20000 | ETA текущего run 1м 35с | training
ЭТАП 1/2 — обучение █████░░░░░░░░░░░░░░░░░░░░░░░  18.6% 12/60 | seed=3 BLOCKED_BA | step 3500/20000 | ETA текущего run 1м 34с | training
ЭТАП 1/2 — обучение █████░░░░░░░░░░░░░░░░░░░░░░░  18.7% 12/60 | seed=3 BLOCKED_BA | step 4000/20000 | ETA текущего run 1м 32с | training
ЭТАП 1/2 — обучение █████░░░░░░░░░░░░░░░░░░░░░░░  18.7% 12/60 | seed=3 BLOCKED_BA | step 4000/20000 | ETA текущего run 1м 32с | checkpoint
ЭТАП 1/2 — обучение █████░░░░░░░░░░░░░░░░░░░░░░░  18.7% 12/60 | seed=3 BLOCKED_BA | step 4500/20000 | ETA текущего run 1м 29с | training
ЭТАП 1/2 — обучение █████░░░░░░░░░░░░░░░░░░░░░░░  18.8% 12/60 | seed=3 BLOCKED_BA | step 5000/20000 | ETA текущего run 1м 25с | training
ЭТАП 1/2 — обучение █████░░░░░░░░░░░░░░░░░░░░░░░  18.8% 12/60 | seed=3 BLOCKED_BA | step 5500/20000 | ETA текущего run 1м 23с | training
ЭТАП 1/2 — обучение █████░░░░░░░░░░░░░░░░░░░░░░░  18.8% 12/60 | seed=3 BLOCKED_BA | step 6000/20000 | ETA текущего run 1м 21с | training
ЭТАП 1/2 — обучение █████░░░░░░░░░░░░░░░░░░░░░░░  18.9% 12/60 | seed=3 BLOCKED_BA | step 6500/20000 | ETA текущего run 1м 18с | training
ЭТАП 1/2 — обучение █████░░░░░░░░░░░░░░░░░░░░░░░  18.9% 12/60 | seed=3 BLOCKED_BA | step 7000/20000 | ETA текущего run 1м 16с | training
ЭТАП 1/2 — обучение █████░░░░░░░░░░░░░░░░░░░░░░░  19.0% 12/60 | seed=3 BLOCKED_BA | step 7500/20000 | ETA текущего run 1м 13с | training
ЭТАП 1/2 — обучение █████░░░░░░░░░░░░░░░░░░░░░░░  19.0% 12/60 | seed=3 BLOCKED_BA | step 8000/20000 | ETA текущего run 1м 11с | training
ЭТАП 1/2 — обучение █████░░░░░░░░░░░░░░░░░░░░░░░  19.0% 12/60 | seed=3 BLOCKED_BA | step 8500/20000 | ETA текущего run 1м 08с | training
ЭТАП 1/2 — обучение █████░░░░░░░░░░░░░░░░░░░░░░░  19.1% 12/60 | seed=3 BLOCKED_BA | step 9000/20000 | ETA текущего run 1м 05с | training
ЭТАП 1/2 — обучение █████░░░░░░░░░░░░░░░░░░░░░░░  19.1% 12/60 | seed=3 BLOCKED_BA | step 9500/20000 | ETA текущего run 1м 02с | training
ЭТАП 1/2 — обучение █████░░░░░░░░░░░░░░░░░░░░░░░  19.2% 12/60 | seed=3 BLOCKED_BA | step 10000/20000 | ETA текущего run 0м 58с | training
ЭТАП 1/2 — обучение █████░░░░░░░░░░░░░░░░░░░░░░░  19.2% 12/60 | seed=3 BLOCKED_BA | step 10000/20000 | ETA текущего run 0м 58с | checkpoint
ЭТАП 1/2 — обучение █████░░░░░░░░░░░░░░░░░░░░░░░  19.2% 12/60 | seed=3 BLOCKED_BA | step 10500/20000 | ETA текущего run 0м 55с | training
ЭТАП 1/2 — обучение █████░░░░░░░░░░░░░░░░░░░░░░░  19.2% 12/60 | seed=3 BLOCKED_BA | step 11000/20000 | ETA текущего run 0м 52с | training
ЭТАП 1/2 — обучение █████░░░░░░░░░░░░░░░░░░░░░░░  19.3% 12/60 | seed=3 BLOCKED_BA | step 11500/20000 | ETA текущего run 0м 49с | training
ЭТАП 1/2 — обучение █████░░░░░░░░░░░░░░░░░░░░░░░  19.3% 12/60 | seed=3 BLOCKED_BA | step 12000/20000 | ETA текущего run 0м 47с | training
ЭТАП 1/2 — обучение █████░░░░░░░░░░░░░░░░░░░░░░░  19.4% 12/60 | seed=3 BLOCKED_BA | step 12500/20000 | ETA текущего run 0м 44с | training
ЭТАП 1/2 — обучение █████░░░░░░░░░░░░░░░░░░░░░░░  19.4% 12/60 | seed=3 BLOCKED_BA | step 13000/20000 | ETA текущего run 0м 41с | training
ЭТАП 1/2 — обучение █████░░░░░░░░░░░░░░░░░░░░░░░  19.5% 12/60 | seed=3 BLOCKED_BA | step 13500/20000 | ETA текущего run 0м 38с | training
ЭТАП 1/2 — обучение █████░░░░░░░░░░░░░░░░░░░░░░░  19.5% 12/60 | seed=3 BLOCKED_BA | step 14000/20000 | ETA текущего run 0м 35с | training
ЭТАП 1/2 — обучение █████░░░░░░░░░░░░░░░░░░░░░░░  19.5% 12/60 | seed=3 BLOCKED_BA | step 14500/20000 | ETA текущего run 0м 32с | training
ЭТАП 1/2 — обучение █████░░░░░░░░░░░░░░░░░░░░░░░  19.6% 12/60 | seed=3 BLOCKED_BA | step 15000/20000 | ETA текущего run 0м 29с | training
ЭТАП 1/2 — обучение █████░░░░░░░░░░░░░░░░░░░░░░░  19.6% 12/60 | seed=3 BLOCKED_BA | step 15500/20000 | ETA текущего run 0м 26с | training
ЭТАП 1/2 — обучение █████░░░░░░░░░░░░░░░░░░░░░░░  19.7% 12/60 | seed=3 BLOCKED_BA | step 16000/20000 | ETA текущего run 0м 23с | training
ЭТАП 1/2 — обучение █████░░░░░░░░░░░░░░░░░░░░░░░  19.7% 12/60 | seed=3 BLOCKED_BA | step 16500/20000 | ETA текущего run 0м 20с | training
ЭТАП 1/2 — обучение █████░░░░░░░░░░░░░░░░░░░░░░░  19.7% 12/60 | seed=3 BLOCKED_BA | step 17000/20000 | ETA текущего run 0м 17с | training
ЭТАП 1/2 — обучение █████░░░░░░░░░░░░░░░░░░░░░░░  19.8% 12/60 | seed=3 BLOCKED_BA | step 17500/20000 | ETA текущего run 0м 14с | training
ЭТАП 1/2 — обучение █████░░░░░░░░░░░░░░░░░░░░░░░  19.8% 12/60 | seed=3 BLOCKED_BA | step 18000/20000 | ETA текущего run 0м 11с | training
ЭТАП 1/2 — обучение █████░░░░░░░░░░░░░░░░░░░░░░░  19.9% 12/60 | seed=3 BLOCKED_BA | step 18500/20000 | ETA текущего run 0м 08с | training
ЭТАП 1/2 — обучение █████░░░░░░░░░░░░░░░░░░░░░░░  19.9% 12/60 | seed=3 BLOCKED_BA | step 19000/20000 | ETA текущего run 0м 05с | training
ЭТАП 1/2 — обучение █████░░░░░░░░░░░░░░░░░░░░░░░  20.0% 12/60 | seed=3 BLOCKED_BA | step 19500/20000 | ETA текущего run 0м 02с | training
ЭТАП 1/2 — обучение █████░░░░░░░░░░░░░░░░░░░░░░░  20.0% 12/60 | seed=3 BLOCKED_BA | step 20000/20000 | ETA текущего run 0м 00с | training
ЭТАП 1/2 — обучение █████░░░░░░░░░░░░░░░░░░░░░░░  20.0% 12/60 | seed=3 BLOCKED_BA | step 20000/20000 | ETA текущего run 0м 00с | checkpoint
ЭТАП 1/2 — обучение █████░░░░░░░░░░░░░░░░░░░░░░░  20.0% 12/60 | seed=3 BLOCKED_BA | step 20000/20000 | ETA текущего run 0м 00с | completed

--- запуск 13/60: seed=4, condition=INTERLEAVED ---
ЭТАП 1/2 — обучение █████░░░░░░░░░░░░░░░░░░░░░░░  20.0% 13/60 | seed=4 INTERLEAVED | step 0/20000 | ETA текущего run 0м 00с | started
ЭТАП 1/2 — обучение █████░░░░░░░░░░░░░░░░░░░░░░░  20.0% 13/60 | seed=4 INTERLEAVED | step 500/20000 | ETA текущего run 1м 10с | training
ЭТАП 1/2 — обучение █████░░░░░░░░░░░░░░░░░░░░░░░  20.1% 13/60 | seed=4 INTERLEAVED | step 1000/20000 | ETA текущего run 1м 27с | training
ЭТАП 1/2 — обучение █████░░░░░░░░░░░░░░░░░░░░░░░  20.1% 13/60 | seed=4 INTERLEAVED | step 1500/20000 | ETA текущего run 1м 31с | training
ЭТАП 1/2 — обучение █████░░░░░░░░░░░░░░░░░░░░░░░  20.2% 13/60 | seed=4 INTERLEAVED | step 2000/20000 | ETA текущего run 1м 31с | training
ЭТАП 1/2 — обучение █████░░░░░░░░░░░░░░░░░░░░░░░  20.2% 13/60 | seed=4 INTERLEAVED | step 2500/20000 | ETA текущего run 1м 30с | training
ЭТАП 1/2 — обучение █████░░░░░░░░░░░░░░░░░░░░░░░  20.2% 13/60 | seed=4 INTERLEAVED | step 3000/20000 | ETA текущего run 1м 29с | training
ЭТАП 1/2 — обучение █████░░░░░░░░░░░░░░░░░░░░░░░  20.3% 13/60 | seed=4 INTERLEAVED | step 3500/20000 | ETA текущего run 1м 27с | training
ЭТАП 1/2 — обучение █████░░░░░░░░░░░░░░░░░░░░░░░  20.3% 13/60 | seed=4 INTERLEAVED | step 4000/20000 | ETA текущего run 1м 25с | training
ЭТАП 1/2 — обучение █████░░░░░░░░░░░░░░░░░░░░░░░  20.3% 13/60 | seed=4 INTERLEAVED | step 4000/20000 | ETA текущего run 1м 25с | checkpoint
ЭТАП 1/2 — обучение █████░░░░░░░░░░░░░░░░░░░░░░░  20.4% 13/60 | seed=4 INTERLEAVED | step 4500/20000 | ETA текущего run 1м 22с | training
ЭТАП 1/2 — обучение █████░░░░░░░░░░░░░░░░░░░░░░░  20.4% 13/60 | seed=4 INTERLEAVED | step 5000/20000 | ETA текущего run 1м 20с | training
ЭТАП 1/2 — обучение █████░░░░░░░░░░░░░░░░░░░░░░░  20.5% 13/60 | seed=4 INTERLEAVED | step 5500/20000 | ETA текущего run 1м 18с | training
ЭТАП 1/2 — обучение █████░░░░░░░░░░░░░░░░░░░░░░░  20.5% 13/60 | seed=4 INTERLEAVED | step 6000/20000 | ETA текущего run 1м 15с | training
ЭТАП 1/2 — обучение █████░░░░░░░░░░░░░░░░░░░░░░░  20.5% 13/60 | seed=4 INTERLEAVED | step 6500/20000 | ETA текущего run 1м 12с | training
ЭТАП 1/2 — обучение █████░░░░░░░░░░░░░░░░░░░░░░░  20.6% 13/60 | seed=4 INTERLEAVED | step 7000/20000 | ETA текущего run 1м 10с | training
ЭТАП 1/2 — обучение █████░░░░░░░░░░░░░░░░░░░░░░░  20.6% 13/60 | seed=4 INTERLEAVED | step 7500/20000 | ETA текущего run 1м 08с | training
ЭТАП 1/2 — обучение █████░░░░░░░░░░░░░░░░░░░░░░░  20.7% 13/60 | seed=4 INTERLEAVED | step 8000/20000 | ETA текущего run 1м 06с | training
ЭТАП 1/2 — обучение █████░░░░░░░░░░░░░░░░░░░░░░░  20.7% 13/60 | seed=4 INTERLEAVED | step 8500/20000 | ETA текущего run 1м 03с | training
ЭТАП 1/2 — обучение █████░░░░░░░░░░░░░░░░░░░░░░░  20.8% 13/60 | seed=4 INTERLEAVED | step 9000/20000 | ETA текущего run 1м 00с | training
ЭТАП 1/2 — обучение █████░░░░░░░░░░░░░░░░░░░░░░░  20.8% 13/60 | seed=4 INTERLEAVED | step 9500/20000 | ETA текущего run 0м 58с | training
ЭТАП 1/2 — обучение █████░░░░░░░░░░░░░░░░░░░░░░░  20.8% 13/60 | seed=4 INTERLEAVED | step 10000/20000 | ETA текущего run 0м 55с | training
ЭТАП 1/2 — обучение █████░░░░░░░░░░░░░░░░░░░░░░░  20.8% 13/60 | seed=4 INTERLEAVED | step 10000/20000 | ETA текущего run 0м 55с | checkpoint
ЭТАП 1/2 — обучение █████░░░░░░░░░░░░░░░░░░░░░░░  20.9% 13/60 | seed=4 INTERLEAVED | step 10500/20000 | ETA текущего run 0м 52с | training
ЭТАП 1/2 — обучение █████░░░░░░░░░░░░░░░░░░░░░░░  20.9% 13/60 | seed=4 INTERLEAVED | step 11000/20000 | ETA текущего run 0м 49с | training
ЭТАП 1/2 — обучение █████░░░░░░░░░░░░░░░░░░░░░░░  21.0% 13/60 | seed=4 INTERLEAVED | step 11500/20000 | ETA текущего run 0м 46с | training
ЭТАП 1/2 — обучение █████░░░░░░░░░░░░░░░░░░░░░░░  21.0% 13/60 | seed=4 INTERLEAVED | step 12000/20000 | ETA текущего run 0м 44с | training
ЭТАП 1/2 — обучение █████░░░░░░░░░░░░░░░░░░░░░░░  21.0% 13/60 | seed=4 INTERLEAVED | step 12500/20000 | ETA текущего run 0м 41с | training
ЭТАП 1/2 — обучение █████░░░░░░░░░░░░░░░░░░░░░░░  21.1% 13/60 | seed=4 INTERLEAVED | step 13000/20000 | ETA текущего run 0м 38с | training
ЭТАП 1/2 — обучение █████░░░░░░░░░░░░░░░░░░░░░░░  21.1% 13/60 | seed=4 INTERLEAVED | step 13500/20000 | ETA текущего run 0м 36с | training
ЭТАП 1/2 — обучение █████░░░░░░░░░░░░░░░░░░░░░░░  21.2% 13/60 | seed=4 INTERLEAVED | step 14000/20000 | ETA текущего run 0м 33с | training
ЭТАП 1/2 — обучение █████░░░░░░░░░░░░░░░░░░░░░░░  21.2% 13/60 | seed=4 INTERLEAVED | step 14500/20000 | ETA текущего run 0м 30с | training
ЭТАП 1/2 — обучение █████░░░░░░░░░░░░░░░░░░░░░░░  21.2% 13/60 | seed=4 INTERLEAVED | step 15000/20000 | ETA текущего run 0м 27с | training
ЭТАП 1/2 — обучение █████░░░░░░░░░░░░░░░░░░░░░░░  21.3% 13/60 | seed=4 INTERLEAVED | step 15500/20000 | ETA текущего run 0м 25с | training
ЭТАП 1/2 — обучение █████░░░░░░░░░░░░░░░░░░░░░░░  21.3% 13/60 | seed=4 INTERLEAVED | step 16000/20000 | ETA текущего run 0м 22с | training
ЭТАП 1/2 — обучение █████░░░░░░░░░░░░░░░░░░░░░░░  21.4% 13/60 | seed=4 INTERLEAVED | step 16500/20000 | ETA текущего run 0м 19с | training
ЭТАП 1/2 — обучение █████░░░░░░░░░░░░░░░░░░░░░░░  21.4% 13/60 | seed=4 INTERLEAVED | step 17000/20000 | ETA текущего run 0м 16с | training
ЭТАП 1/2 — обучение ██████░░░░░░░░░░░░░░░░░░░░░░  21.5% 13/60 | seed=4 INTERLEAVED | step 17500/20000 | ETA текущего run 0м 14с | training
ЭТАП 1/2 — обучение ██████░░░░░░░░░░░░░░░░░░░░░░  21.5% 13/60 | seed=4 INTERLEAVED | step 18000/20000 | ETA текущего run 0м 11с | training
ЭТАП 1/2 — обучение ██████░░░░░░░░░░░░░░░░░░░░░░  21.5% 13/60 | seed=4 INTERLEAVED | step 18500/20000 | ETA текущего run 0м 08с | training
ЭТАП 1/2 — обучение ██████░░░░░░░░░░░░░░░░░░░░░░  21.6% 13/60 | seed=4 INTERLEAVED | step 19000/20000 | ETA текущего run 0м 05с | training
ЭТАП 1/2 — обучение ██████░░░░░░░░░░░░░░░░░░░░░░  21.6% 13/60 | seed=4 INTERLEAVED | step 19500/20000 | ETA текущего run 0м 02с | training
ЭТАП 1/2 — обучение ██████░░░░░░░░░░░░░░░░░░░░░░  21.7% 13/60 | seed=4 INTERLEAVED | step 20000/20000 | ETA текущего run 0м 00с | training
ЭТАП 1/2 — обучение ██████░░░░░░░░░░░░░░░░░░░░░░  21.7% 13/60 | seed=4 INTERLEAVED | step 20000/20000 | ETA текущего run 0м 00с | checkpoint
ЭТАП 1/2 — обучение ██████░░░░░░░░░░░░░░░░░░░░░░  21.7% 13/60 | seed=4 INTERLEAVED | step 20000/20000 | ETA текущего run 0м 00с | completed

--- запуск 14/60: seed=4, condition=BLOCKED_AB ---
ЭТАП 1/2 — обучение ██████░░░░░░░░░░░░░░░░░░░░░░  21.7% 14/60 | seed=4 BLOCKED_AB | step 0/20000 | ETA текущего run 0м 00с | started
ЭТАП 1/2 — обучение ██████░░░░░░░░░░░░░░░░░░░░░░  21.7% 14/60 | seed=4 BLOCKED_AB | step 500/20000 | ETA текущего run 1м 23с | training
ЭТАП 1/2 — обучение ██████░░░░░░░░░░░░░░░░░░░░░░  21.8% 14/60 | seed=4 BLOCKED_AB | step 1000/20000 | ETA текущего run 1м 34с | training
ЭТАП 1/2 — обучение ██████░░░░░░░░░░░░░░░░░░░░░░  21.8% 14/60 | seed=4 BLOCKED_AB | step 1500/20000 | ETA текущего run 1м 37с | training
ЭТАП 1/2 — обучение ██████░░░░░░░░░░░░░░░░░░░░░░  21.8% 14/60 | seed=4 BLOCKED_AB | step 2000/20000 | ETA текущего run 1м 35с | training
ЭТАП 1/2 — обучение ██████░░░░░░░░░░░░░░░░░░░░░░  21.9% 14/60 | seed=4 BLOCKED_AB | step 2500/20000 | ETA текущего run 1м 34с | training
ЭТАП 1/2 — обучение ██████░░░░░░░░░░░░░░░░░░░░░░  21.9% 14/60 | seed=4 BLOCKED_AB | step 3000/20000 | ETA текущего run 1м 32с | training
ЭТАП 1/2 — обучение ██████░░░░░░░░░░░░░░░░░░░░░░  22.0% 14/60 | seed=4 BLOCKED_AB | step 3500/20000 | ETA текущего run 1м 30с | training
ЭТАП 1/2 — обучение ██████░░░░░░░░░░░░░░░░░░░░░░  22.0% 14/60 | seed=4 BLOCKED_AB | step 4000/20000 | ETA текущего run 1м 27с | training
ЭТАП 1/2 — обучение ██████░░░░░░░░░░░░░░░░░░░░░░  22.0% 14/60 | seed=4 BLOCKED_AB | step 4000/20000 | ETA текущего run 1м 27с | checkpoint
ЭТАП 1/2 — обучение ██████░░░░░░░░░░░░░░░░░░░░░░  22.0% 14/60 | seed=4 BLOCKED_AB | step 4500/20000 | ETA текущего run 1м 25с | training
ЭТАП 1/2 — обучение ██████░░░░░░░░░░░░░░░░░░░░░░  22.1% 14/60 | seed=4 BLOCKED_AB | step 5000/20000 | ETA текущего run 1м 22с | training
ЭТАП 1/2 — обучение ██████░░░░░░░░░░░░░░░░░░░░░░  22.1% 14/60 | seed=4 BLOCKED_AB | step 5500/20000 | ETA текущего run 1м 20с | training
ЭТАП 1/2 — обучение ██████░░░░░░░░░░░░░░░░░░░░░░  22.2% 14/60 | seed=4 BLOCKED_AB | step 6000/20000 | ETA текущего run 1м 17с | training
ЭТАП 1/2 — обучение ██████░░░░░░░░░░░░░░░░░░░░░░  22.2% 14/60 | seed=4 BLOCKED_AB | step 6500/20000 | ETA текущего run 1м 14с | training
ЭТАП 1/2 — обучение ██████░░░░░░░░░░░░░░░░░░░░░░  22.2% 14/60 | seed=4 BLOCKED_AB | step 7000/20000 | ETA текущего run 1м 12с | training
ЭТАП 1/2 — обучение ██████░░░░░░░░░░░░░░░░░░░░░░  22.3% 14/60 | seed=4 BLOCKED_AB | step 7500/20000 | ETA текущего run 1м 09с | training
ЭТАП 1/2 — обучение ██████░░░░░░░░░░░░░░░░░░░░░░  22.3% 14/60 | seed=4 BLOCKED_AB | step 8000/20000 | ETA текущего run 1м 06с | training
ЭТАП 1/2 — обучение ██████░░░░░░░░░░░░░░░░░░░░░░  22.4% 14/60 | seed=4 BLOCKED_AB | step 8500/20000 | ETA текущего run 1м 03с | training
ЭТАП 1/2 — обучение ██████░░░░░░░░░░░░░░░░░░░░░░  22.4% 14/60 | seed=4 BLOCKED_AB | step 9000/20000 | ETA текущего run 1м 01с | training
ЭТАП 1/2 — обучение ██████░░░░░░░░░░░░░░░░░░░░░░  22.5% 14/60 | seed=4 BLOCKED_AB | step 9500/20000 | ETA текущего run 0м 58с | training
ЭТАП 1/2 — обучение ██████░░░░░░░░░░░░░░░░░░░░░░  22.5% 14/60 | seed=4 BLOCKED_AB | step 10000/20000 | ETA текущего run 0м 55с | training
ЭТАП 1/2 — обучение ██████░░░░░░░░░░░░░░░░░░░░░░  22.5% 14/60 | seed=4 BLOCKED_AB | step 10000/20000 | ETA текущего run 0м 55с | checkpoint
ЭТАП 1/2 — обучение ██████░░░░░░░░░░░░░░░░░░░░░░  22.5% 14/60 | seed=4 BLOCKED_AB | step 10500/20000 | ETA текущего run 0м 53с | training
ЭТАП 1/2 — обучение ██████░░░░░░░░░░░░░░░░░░░░░░  22.6% 14/60 | seed=4 BLOCKED_AB | step 11000/20000 | ETA текущего run 0м 50с | training
ЭТАП 1/2 — обучение ██████░░░░░░░░░░░░░░░░░░░░░░  22.6% 14/60 | seed=4 BLOCKED_AB | step 11500/20000 | ETA текущего run 0м 47с | training
ЭТАП 1/2 — обучение ██████░░░░░░░░░░░░░░░░░░░░░░  22.7% 14/60 | seed=4 BLOCKED_AB | step 12000/20000 | ETA текущего run 0м 44с | training
ЭТАП 1/2 — обучение ██████░░░░░░░░░░░░░░░░░░░░░░  22.7% 14/60 | seed=4 BLOCKED_AB | step 12500/20000 | ETA текущего run 0м 41с | training
ЭТАП 1/2 — обучение ██████░░░░░░░░░░░░░░░░░░░░░░  22.8% 14/60 | seed=4 BLOCKED_AB | step 13000/20000 | ETA текущего run 0м 39с | training
ЭТАП 1/2 — обучение ██████░░░░░░░░░░░░░░░░░░░░░░  22.8% 14/60 | seed=4 BLOCKED_AB | step 13500/20000 | ETA текущего run 0м 36с | training
ЭТАП 1/2 — обучение ██████░░░░░░░░░░░░░░░░░░░░░░  22.8% 14/60 | seed=4 BLOCKED_AB | step 14000/20000 | ETA текущего run 0м 33с | training
ЭТАП 1/2 — обучение ██████░░░░░░░░░░░░░░░░░░░░░░  22.9% 14/60 | seed=4 BLOCKED_AB | step 14500/20000 | ETA текущего run 0м 30с | training
ЭТАП 1/2 — обучение ██████░░░░░░░░░░░░░░░░░░░░░░  22.9% 14/60 | seed=4 BLOCKED_AB | step 15000/20000 | ETA текущего run 0м 28с | training
ЭТАП 1/2 — обучение ██████░░░░░░░░░░░░░░░░░░░░░░  23.0% 14/60 | seed=4 BLOCKED_AB | step 15500/20000 | ETA текущего run 0м 25с | training
ЭТАП 1/2 — обучение ██████░░░░░░░░░░░░░░░░░░░░░░  23.0% 14/60 | seed=4 BLOCKED_AB | step 16000/20000 | ETA текущего run 0м 22с | training
ЭТАП 1/2 — обучение ██████░░░░░░░░░░░░░░░░░░░░░░  23.0% 14/60 | seed=4 BLOCKED_AB | step 16500/20000 | ETA текущего run 0м 19с | training
ЭТАП 1/2 — обучение ██████░░░░░░░░░░░░░░░░░░░░░░  23.1% 14/60 | seed=4 BLOCKED_AB | step 17000/20000 | ETA текущего run 0м 16с | training
ЭТАП 1/2 — обучение ██████░░░░░░░░░░░░░░░░░░░░░░  23.1% 14/60 | seed=4 BLOCKED_AB | step 17500/20000 | ETA текущего run 0м 14с | training
ЭТАП 1/2 — обучение ██████░░░░░░░░░░░░░░░░░░░░░░  23.2% 14/60 | seed=4 BLOCKED_AB | step 18000/20000 | ETA текущего run 0м 11с | training
ЭТАП 1/2 — обучение ██████░░░░░░░░░░░░░░░░░░░░░░  23.2% 14/60 | seed=4 BLOCKED_AB | step 18500/20000 | ETA текущего run 0м 08с | training
ЭТАП 1/2 — обучение ██████░░░░░░░░░░░░░░░░░░░░░░  23.2% 14/60 | seed=4 BLOCKED_AB | step 19000/20000 | ETA текущего run 0м 05с | training
ЭТАП 1/2 — обучение ██████░░░░░░░░░░░░░░░░░░░░░░  23.3% 14/60 | seed=4 BLOCKED_AB | step 19500/20000 | ETA текущего run 0м 02с | training
ЭТАП 1/2 — обучение ██████░░░░░░░░░░░░░░░░░░░░░░  23.3% 14/60 | seed=4 BLOCKED_AB | step 20000/20000 | ETA текущего run 0м 00с | training
ЭТАП 1/2 — обучение ██████░░░░░░░░░░░░░░░░░░░░░░  23.3% 14/60 | seed=4 BLOCKED_AB | step 20000/20000 | ETA текущего run 0м 00с | checkpoint
ЭТАП 1/2 — обучение ██████░░░░░░░░░░░░░░░░░░░░░░  23.3% 14/60 | seed=4 BLOCKED_AB | step 20000/20000 | ETA текущего run 0м 00с | completed

--- запуск 15/60: seed=4, condition=BLOCKED_BA ---
ЭТАП 1/2 — обучение ██████░░░░░░░░░░░░░░░░░░░░░░  23.3% 15/60 | seed=4 BLOCKED_BA | step 0/20000 | ETA текущего run 0м 00с | started
ЭТАП 1/2 — обучение ██████░░░░░░░░░░░░░░░░░░░░░░  23.4% 15/60 | seed=4 BLOCKED_BA | step 500/20000 | ETA текущего run 1м 49с | training
ЭТАП 1/2 — обучение ██████░░░░░░░░░░░░░░░░░░░░░░  23.4% 15/60 | seed=4 BLOCKED_BA | step 1000/20000 | ETA текущего run 1м 49с | training
ЭТАП 1/2 — обучение ██████░░░░░░░░░░░░░░░░░░░░░░  23.5% 15/60 | seed=4 BLOCKED_BA | step 1500/20000 | ETA текущего run 1м 45с | training
ЭТАП 1/2 — обучение ██████░░░░░░░░░░░░░░░░░░░░░░  23.5% 15/60 | seed=4 BLOCKED_BA | step 2000/20000 | ETA текущего run 1м 41с | training
ЭТАП 1/2 — обучение ██████░░░░░░░░░░░░░░░░░░░░░░  23.5% 15/60 | seed=4 BLOCKED_BA | step 2500/20000 | ETA текущего run 1м 38с | training
ЭТАП 1/2 — обучение ██████░░░░░░░░░░░░░░░░░░░░░░  23.6% 15/60 | seed=4 BLOCKED_BA | step 3000/20000 | ETA текущего run 1м 37с | training
ЭТАП 1/2 — обучение ██████░░░░░░░░░░░░░░░░░░░░░░  23.6% 15/60 | seed=4 BLOCKED_BA | step 3500/20000 | ETA текущего run 1м 35с | training
ЭТАП 1/2 — обучение ██████░░░░░░░░░░░░░░░░░░░░░░  23.7% 15/60 | seed=4 BLOCKED_BA | step 4000/20000 | ETA текущего run 1м 32с | training
ЭТАП 1/2 — обучение ██████░░░░░░░░░░░░░░░░░░░░░░  23.7% 15/60 | seed=4 BLOCKED_BA | step 4000/20000 | ETA текущего run 1м 32с | checkpoint
ЭТАП 1/2 — обучение ██████░░░░░░░░░░░░░░░░░░░░░░  23.7% 15/60 | seed=4 BLOCKED_BA | step 4500/20000 | ETA текущего run 1м 29с | training
ЭТАП 1/2 — обучение ██████░░░░░░░░░░░░░░░░░░░░░░  23.8% 15/60 | seed=4 BLOCKED_BA | step 5000/20000 | ETA текущего run 1м 26с | training
ЭТАП 1/2 — обучение ██████░░░░░░░░░░░░░░░░░░░░░░  23.8% 15/60 | seed=4 BLOCKED_BA | step 5500/20000 | ETA текущего run 1м 23с | training
ЭТАП 1/2 — обучение ██████░░░░░░░░░░░░░░░░░░░░░░  23.8% 15/60 | seed=4 BLOCKED_BA | step 6000/20000 | ETA текущего run 1м 19с | training
ЭТАП 1/2 — обучение ██████░░░░░░░░░░░░░░░░░░░░░░  23.9% 15/60 | seed=4 BLOCKED_BA | step 6500/20000 | ETA текущего run 1м 16с | training
ЭТАП 1/2 — обучение ██████░░░░░░░░░░░░░░░░░░░░░░  23.9% 15/60 | seed=4 BLOCKED_BA | step 7000/20000 | ETA текущего run 1м 13с | training
ЭТАП 1/2 — обучение ██████░░░░░░░░░░░░░░░░░░░░░░  24.0% 15/60 | seed=4 BLOCKED_BA | step 7500/20000 | ETA текущего run 1м 10с | training
ЭТАП 1/2 — обучение ██████░░░░░░░░░░░░░░░░░░░░░░  24.0% 15/60 | seed=4 BLOCKED_BA | step 8000/20000 | ETA текущего run 1м 07с | training
ЭТАП 1/2 — обучение ██████░░░░░░░░░░░░░░░░░░░░░░  24.0% 15/60 | seed=4 BLOCKED_BA | step 8500/20000 | ETA текущего run 1м 05с | training
ЭТАП 1/2 — обучение ██████░░░░░░░░░░░░░░░░░░░░░░  24.1% 15/60 | seed=4 BLOCKED_BA | step 9000/20000 | ETA текущего run 1м 02с | training
ЭТАП 1/2 — обучение ██████░░░░░░░░░░░░░░░░░░░░░░  24.1% 15/60 | seed=4 BLOCKED_BA | step 9500/20000 | ETA текущего run 0м 59с | training
ЭТАП 1/2 — обучение ██████░░░░░░░░░░░░░░░░░░░░░░  24.2% 15/60 | seed=4 BLOCKED_BA | step 10000/20000 | ETA текущего run 0м 57с | training
ЭТАП 1/2 — обучение ██████░░░░░░░░░░░░░░░░░░░░░░  24.2% 15/60 | seed=4 BLOCKED_BA | step 10000/20000 | ETA текущего run 0м 57с | checkpoint
ЭТАП 1/2 — обучение ██████░░░░░░░░░░░░░░░░░░░░░░  24.2% 15/60 | seed=4 BLOCKED_BA | step 10500/20000 | ETA текущего run 0м 54с | training
ЭТАП 1/2 — обучение ██████░░░░░░░░░░░░░░░░░░░░░░  24.3% 15/60 | seed=4 BLOCKED_BA | step 11000/20000 | ETA текущего run 0м 51с | training
ЭТАП 1/2 — обучение ██████░░░░░░░░░░░░░░░░░░░░░░  24.3% 15/60 | seed=4 BLOCKED_BA | step 11500/20000 | ETA текущего run 0м 48с | training
ЭТАП 1/2 — обучение ██████░░░░░░░░░░░░░░░░░░░░░░  24.3% 15/60 | seed=4 BLOCKED_BA | step 12000/20000 | ETA текущего run 0м 45с | training
ЭТАП 1/2 — обучение ██████░░░░░░░░░░░░░░░░░░░░░░  24.4% 15/60 | seed=4 BLOCKED_BA | step 12500/20000 | ETA текущего run 0м 43с | training
ЭТАП 1/2 — обучение ██████░░░░░░░░░░░░░░░░░░░░░░  24.4% 15/60 | seed=4 BLOCKED_BA | step 13000/20000 | ETA текущего run 0м 40с | training
ЭТАП 1/2 — обучение ██████░░░░░░░░░░░░░░░░░░░░░░  24.5% 15/60 | seed=4 BLOCKED_BA | step 13500/20000 | ETA текущего run 0м 37с | training
ЭТАП 1/2 — обучение ██████░░░░░░░░░░░░░░░░░░░░░░  24.5% 15/60 | seed=4 BLOCKED_BA | step 14000/20000 | ETA текущего run 0м 34с | training
ЭТАП 1/2 — обучение ██████░░░░░░░░░░░░░░░░░░░░░░  24.5% 15/60 | seed=4 BLOCKED_BA | step 14500/20000 | ETA текущего run 0м 31с | training
ЭТАП 1/2 — обучение ██████░░░░░░░░░░░░░░░░░░░░░░  24.6% 15/60 | seed=4 BLOCKED_BA | step 15000/20000 | ETA текущего run 0м 28с | training
ЭТАП 1/2 — обучение ██████░░░░░░░░░░░░░░░░░░░░░░  24.6% 15/60 | seed=4 BLOCKED_BA | step 15500/20000 | ETA текущего run 0м 25с | training
ЭТАП 1/2 — обучение ██████░░░░░░░░░░░░░░░░░░░░░░  24.7% 15/60 | seed=4 BLOCKED_BA | step 16000/20000 | ETA текущего run 0м 22с | training
ЭТАП 1/2 — обучение ██████░░░░░░░░░░░░░░░░░░░░░░  24.7% 15/60 | seed=4 BLOCKED_BA | step 16500/20000 | ETA текущего run 0м 20с | training
ЭТАП 1/2 — обучение ██████░░░░░░░░░░░░░░░░░░░░░░  24.8% 15/60 | seed=4 BLOCKED_BA | step 17000/20000 | ETA текущего run 0м 17с | training
ЭТАП 1/2 — обучение ██████░░░░░░░░░░░░░░░░░░░░░░  24.8% 15/60 | seed=4 BLOCKED_BA | step 17500/20000 | ETA текущего run 0м 14с | training
ЭТАП 1/2 — обучение ██████░░░░░░░░░░░░░░░░░░░░░░  24.8% 15/60 | seed=4 BLOCKED_BA | step 18000/20000 | ETA текущего run 0м 11с | training
ЭТАП 1/2 — обучение ██████░░░░░░░░░░░░░░░░░░░░░░  24.9% 15/60 | seed=4 BLOCKED_BA | step 18500/20000 | ETA текущего run 0м 08с | training
ЭТАП 1/2 — обучение ██████░░░░░░░░░░░░░░░░░░░░░░  24.9% 15/60 | seed=4 BLOCKED_BA | step 19000/20000 | ETA текущего run 0м 05с | training
ЭТАП 1/2 — обучение ██████░░░░░░░░░░░░░░░░░░░░░░  25.0% 15/60 | seed=4 BLOCKED_BA | step 19500/20000 | ETA текущего run 0м 02с | training
ЭТАП 1/2 — обучение ███████░░░░░░░░░░░░░░░░░░░░░  25.0% 15/60 | seed=4 BLOCKED_BA | step 20000/20000 | ETA текущего run 0м 00с | training
ЭТАП 1/2 — обучение ███████░░░░░░░░░░░░░░░░░░░░░  25.0% 15/60 | seed=4 BLOCKED_BA | step 20000/20000 | ETA текущего run 0м 00с | checkpoint
ЭТАП 1/2 — обучение ███████░░░░░░░░░░░░░░░░░░░░░  25.0% 15/60 | seed=4 BLOCKED_BA | step 20000/20000 | ETA текущего run 0м 00с | completed

--- запуск 16/60: seed=5, condition=INTERLEAVED ---
ЭТАП 1/2 — обучение ███████░░░░░░░░░░░░░░░░░░░░░  25.0% 16/60 | seed=5 INTERLEAVED | step 0/20000 | ETA текущего run 0м 00с | started
ЭТАП 1/2 — обучение ███████░░░░░░░░░░░░░░░░░░░░░  25.0% 16/60 | seed=5 INTERLEAVED | step 500/20000 | ETA текущего run 1м 31с | training
ЭТАП 1/2 — обучение ███████░░░░░░░░░░░░░░░░░░░░░  25.1% 16/60 | seed=5 INTERLEAVED | step 1000/20000 | ETA текущего run 1м 35с | training
ЭТАП 1/2 — обучение ███████░░░░░░░░░░░░░░░░░░░░░  25.1% 16/60 | seed=5 INTERLEAVED | step 1500/20000 | ETA текущего run 1м 38с | training
ЭТАП 1/2 — обучение ███████░░░░░░░░░░░░░░░░░░░░░  25.2% 16/60 | seed=5 INTERLEAVED | step 2000/20000 | ETA текущего run 1м 35с | training
ЭТАП 1/2 — обучение ███████░░░░░░░░░░░░░░░░░░░░░  25.2% 16/60 | seed=5 INTERLEAVED | step 2500/20000 | ETA текущего run 1м 33с | training
ЭТАП 1/2 — обучение ███████░░░░░░░░░░░░░░░░░░░░░  25.2% 16/60 | seed=5 INTERLEAVED | step 3000/20000 | ETA текущего run 1м 31с | training
ЭТАП 1/2 — обучение ███████░░░░░░░░░░░░░░░░░░░░░  25.3% 16/60 | seed=5 INTERLEAVED | step 3500/20000 | ETA текущего run 1м 31с | training
ЭТАП 1/2 — обучение ███████░░░░░░░░░░░░░░░░░░░░░  25.3% 16/60 | seed=5 INTERLEAVED | step 4000/20000 | ETA текущего run 1м 28с | training
ЭТАП 1/2 — обучение ███████░░░░░░░░░░░░░░░░░░░░░  25.3% 16/60 | seed=5 INTERLEAVED | step 4000/20000 | ETA текущего run 1м 29с | checkpoint
ЭТАП 1/2 — обучение ███████░░░░░░░░░░░░░░░░░░░░░  25.4% 16/60 | seed=5 INTERLEAVED | step 4500/20000 | ETA текущего run 1м 26с | training
ЭТАП 1/2 — обучение ███████░░░░░░░░░░░░░░░░░░░░░  25.4% 16/60 | seed=5 INTERLEAVED | step 5000/20000 | ETA текущего run 1м 24с | training
ЭТАП 1/2 — обучение ███████░░░░░░░░░░░░░░░░░░░░░  25.5% 16/60 | seed=5 INTERLEAVED | step 5500/20000 | ETA текущего run 1м 22с | training
ЭТАП 1/2 — обучение ███████░░░░░░░░░░░░░░░░░░░░░  25.5% 16/60 | seed=5 INTERLEAVED | step 6000/20000 | ETA текущего run 1м 20с | training
ЭТАП 1/2 — обучение ███████░░░░░░░░░░░░░░░░░░░░░  25.5% 16/60 | seed=5 INTERLEAVED | step 6500/20000 | ETA текущего run 1м 17с | training
ЭТАП 1/2 — обучение ███████░░░░░░░░░░░░░░░░░░░░░  25.6% 16/60 | seed=5 INTERLEAVED | step 7000/20000 | ETA текущего run 1м 14с | training
ЭТАП 1/2 — обучение ███████░░░░░░░░░░░░░░░░░░░░░  25.6% 16/60 | seed=5 INTERLEAVED | step 7500/20000 | ETA текущего run 1м 11с | training
ЭТАП 1/2 — обучение ███████░░░░░░░░░░░░░░░░░░░░░  25.7% 16/60 | seed=5 INTERLEAVED | step 8000/20000 | ETA текущего run 1м 08с | training
ЭТАП 1/2 — обучение ███████░░░░░░░░░░░░░░░░░░░░░  25.7% 16/60 | seed=5 INTERLEAVED | step 8500/20000 | ETA текущего run 1м 05с | training
ЭТАП 1/2 — обучение ███████░░░░░░░░░░░░░░░░░░░░░  25.8% 16/60 | seed=5 INTERLEAVED | step 9000/20000 | ETA текущего run 1м 03с | training
ЭТАП 1/2 — обучение ███████░░░░░░░░░░░░░░░░░░░░░  25.8% 16/60 | seed=5 INTERLEAVED | step 9500/20000 | ETA текущего run 1м 00с | training
ЭТАП 1/2 — обучение ███████░░░░░░░░░░░░░░░░░░░░░  25.8% 16/60 | seed=5 INTERLEAVED | step 10000/20000 | ETA текущего run 0м 57с | training
ЭТАП 1/2 — обучение ███████░░░░░░░░░░░░░░░░░░░░░  25.8% 16/60 | seed=5 INTERLEAVED | step 10000/20000 | ETA текущего run 0м 57с | checkpoint
ЭТАП 1/2 — обучение ███████░░░░░░░░░░░░░░░░░░░░░  25.9% 16/60 | seed=5 INTERLEAVED | step 10500/20000 | ETA текущего run 0м 54с | training
ЭТАП 1/2 — обучение ███████░░░░░░░░░░░░░░░░░░░░░  25.9% 16/60 | seed=5 INTERLEAVED | step 11000/20000 | ETA текущего run 0м 51с | training
ЭТАП 1/2 — обучение ███████░░░░░░░░░░░░░░░░░░░░░  26.0% 16/60 | seed=5 INTERLEAVED | step 11500/20000 | ETA текущего run 0м 48с | training
ЭТАП 1/2 — обучение ███████░░░░░░░░░░░░░░░░░░░░░  26.0% 16/60 | seed=5 INTERLEAVED | step 12000/20000 | ETA текущего run 0м 46с | training
ЭТАП 1/2 — обучение ███████░░░░░░░░░░░░░░░░░░░░░  26.0% 16/60 | seed=5 INTERLEAVED | step 12500/20000 | ETA текущего run 0м 42с | training
ЭТАП 1/2 — обучение ███████░░░░░░░░░░░░░░░░░░░░░  26.1% 16/60 | seed=5 INTERLEAVED | step 13000/20000 | ETA текущего run 0м 39с | training
ЭТАП 1/2 — обучение ███████░░░░░░░░░░░░░░░░░░░░░  26.1% 16/60 | seed=5 INTERLEAVED | step 13500/20000 | ETA текущего run 0м 36с | training
ЭТАП 1/2 — обучение ███████░░░░░░░░░░░░░░░░░░░░░  26.2% 16/60 | seed=5 INTERLEAVED | step 14000/20000 | ETA текущего run 0м 34с | training
ЭТАП 1/2 — обучение ███████░░░░░░░░░░░░░░░░░░░░░  26.2% 16/60 | seed=5 INTERLEAVED | step 14500/20000 | ETA текущего run 0м 31с | training
ЭТАП 1/2 — обучение ███████░░░░░░░░░░░░░░░░░░░░░  26.2% 16/60 | seed=5 INTERLEAVED | step 15000/20000 | ETA текущего run 0м 28с | training
ЭТАП 1/2 — обучение ███████░░░░░░░░░░░░░░░░░░░░░  26.3% 16/60 | seed=5 INTERLEAVED | step 15500/20000 | ETA текущего run 0м 25с | training
ЭТАП 1/2 — обучение ███████░░░░░░░░░░░░░░░░░░░░░  26.3% 16/60 | seed=5 INTERLEAVED | step 16000/20000 | ETA текущего run 0м 22с | training
ЭТАП 1/2 — обучение ███████░░░░░░░░░░░░░░░░░░░░░  26.4% 16/60 | seed=5 INTERLEAVED | step 16500/20000 | ETA текущего run 0м 19с | training
ЭТАП 1/2 — обучение ███████░░░░░░░░░░░░░░░░░░░░░  26.4% 16/60 | seed=5 INTERLEAVED | step 17000/20000 | ETA текущего run 0м 17с | training
ЭТАП 1/2 — обучение ███████░░░░░░░░░░░░░░░░░░░░░  26.5% 16/60 | seed=5 INTERLEAVED | step 17500/20000 | ETA текущего run 0м 14с | training
ЭТАП 1/2 — обучение ███████░░░░░░░░░░░░░░░░░░░░░  26.5% 16/60 | seed=5 INTERLEAVED | step 18000/20000 | ETA текущего run 0м 11с | training
ЭТАП 1/2 — обучение ███████░░░░░░░░░░░░░░░░░░░░░  26.5% 16/60 | seed=5 INTERLEAVED | step 18500/20000 | ETA текущего run 0м 08с | training
ЭТАП 1/2 — обучение ███████░░░░░░░░░░░░░░░░░░░░░  26.6% 16/60 | seed=5 INTERLEAVED | step 19000/20000 | ETA текущего run 0м 05с | training
ЭТАП 1/2 — обучение ███████░░░░░░░░░░░░░░░░░░░░░  26.6% 16/60 | seed=5 INTERLEAVED | step 19500/20000 | ETA текущего run 0м 02с | training
ЭТАП 1/2 — обучение ███████░░░░░░░░░░░░░░░░░░░░░  26.7% 16/60 | seed=5 INTERLEAVED | step 20000/20000 | ETA текущего run 0м 00с | training
ЭТАП 1/2 — обучение ███████░░░░░░░░░░░░░░░░░░░░░  26.7% 16/60 | seed=5 INTERLEAVED | step 20000/20000 | ETA текущего run 0м 00с | checkpoint
ЭТАП 1/2 — обучение ███████░░░░░░░░░░░░░░░░░░░░░  26.7% 16/60 | seed=5 INTERLEAVED | step 20000/20000 | ETA текущего run 0м 00с | completed

--- запуск 17/60: seed=5, condition=BLOCKED_AB ---
ЭТАП 1/2 — обучение ███████░░░░░░░░░░░░░░░░░░░░░  26.7% 17/60 | seed=5 BLOCKED_AB | step 0/20000 | ETA текущего run 0м 00с | started
ЭТАП 1/2 — обучение ███████░░░░░░░░░░░░░░░░░░░░░  26.7% 17/60 | seed=5 BLOCKED_AB | step 500/20000 | ETA текущего run 1м 17с | training
ЭТАП 1/2 — обучение ███████░░░░░░░░░░░░░░░░░░░░░  26.8% 17/60 | seed=5 BLOCKED_AB | step 1000/20000 | ETA текущего run 1м 32с | training
ЭТАП 1/2 — обучение ███████░░░░░░░░░░░░░░░░░░░░░  26.8% 17/60 | seed=5 BLOCKED_AB | step 1500/20000 | ETA текущего run 1м 36с | training
ЭТАП 1/2 — обучение ███████░░░░░░░░░░░░░░░░░░░░░  26.8% 17/60 | seed=5 BLOCKED_AB | step 2000/20000 | ETA текущего run 1м 36с | training
ЭТАП 1/2 — обучение ███████░░░░░░░░░░░░░░░░░░░░░  26.9% 17/60 | seed=5 BLOCKED_AB | step 2500/20000 | ETA текущего run 1м 34с | training
ЭТАП 1/2 — обучение ███████░░░░░░░░░░░░░░░░░░░░░  26.9% 17/60 | seed=5 BLOCKED_AB | step 3000/20000 | ETA текущего run 1м 33с | training
ЭТАП 1/2 — обучение ███████░░░░░░░░░░░░░░░░░░░░░  27.0% 17/60 | seed=5 BLOCKED_AB | step 3500/20000 | ETA текущего run 1м 31с | training
ЭТАП 1/2 — обучение ███████░░░░░░░░░░░░░░░░░░░░░  27.0% 17/60 | seed=5 BLOCKED_AB | step 4000/20000 | ETA текущего run 1м 28с | training
ЭТАП 1/2 — обучение ███████░░░░░░░░░░░░░░░░░░░░░  27.0% 17/60 | seed=5 BLOCKED_AB | step 4000/20000 | ETA текущего run 1м 28с | checkpoint
ЭТАП 1/2 — обучение ███████░░░░░░░░░░░░░░░░░░░░░  27.0% 17/60 | seed=5 BLOCKED_AB | step 4500/20000 | ETA текущего run 1м 26с | training
ЭТАП 1/2 — обучение ███████░░░░░░░░░░░░░░░░░░░░░  27.1% 17/60 | seed=5 BLOCKED_AB | step 5000/20000 | ETA текущего run 1м 23с | training
ЭТАП 1/2 — обучение ███████░░░░░░░░░░░░░░░░░░░░░  27.1% 17/60 | seed=5 BLOCKED_AB | step 5500/20000 | ETA текущего run 1м 21с | training
ЭТАП 1/2 — обучение ███████░░░░░░░░░░░░░░░░░░░░░  27.2% 17/60 | seed=5 BLOCKED_AB | step 6000/20000 | ETA текущего run 1м 18с | training
ЭТАП 1/2 — обучение ███████░░░░░░░░░░░░░░░░░░░░░  27.2% 17/60 | seed=5 BLOCKED_AB | step 6500/20000 | ETA текущего run 1м 15с | training
ЭТАП 1/2 — обучение ███████░░░░░░░░░░░░░░░░░░░░░  27.3% 17/60 | seed=5 BLOCKED_AB | step 7000/20000 | ETA текущего run 1м 13с | training
ЭТАП 1/2 — обучение ███████░░░░░░░░░░░░░░░░░░░░░  27.3% 17/60 | seed=5 BLOCKED_AB | step 7500/20000 | ETA текущего run 1м 10с | training
ЭТАП 1/2 — обучение ███████░░░░░░░░░░░░░░░░░░░░░  27.3% 17/60 | seed=5 BLOCKED_AB | step 8000/20000 | ETA текущего run 1м 07с | training
ЭТАП 1/2 — обучение ███████░░░░░░░░░░░░░░░░░░░░░  27.4% 17/60 | seed=5 BLOCKED_AB | step 8500/20000 | ETA текущего run 1м 04с | training
ЭТАП 1/2 — обучение ███████░░░░░░░░░░░░░░░░░░░░░  27.4% 17/60 | seed=5 BLOCKED_AB | step 9000/20000 | ETA текущего run 1м 02с | training
ЭТАП 1/2 — обучение ███████░░░░░░░░░░░░░░░░░░░░░  27.5% 17/60 | seed=5 BLOCKED_AB | step 9500/20000 | ETA текущего run 0м 59с | training
ЭТАП 1/2 — обучение ███████░░░░░░░░░░░░░░░░░░░░░  27.5% 17/60 | seed=5 BLOCKED_AB | step 10000/20000 | ETA текущего run 0м 56с | training
ЭТАП 1/2 — обучение ███████░░░░░░░░░░░░░░░░░░░░░  27.5% 17/60 | seed=5 BLOCKED_AB | step 10000/20000 | ETA текущего run 0м 56с | checkpoint
ЭТАП 1/2 — обучение ███████░░░░░░░░░░░░░░░░░░░░░  27.5% 17/60 | seed=5 BLOCKED_AB | step 10500/20000 | ETA текущего run 0м 53с | training
ЭТАП 1/2 — обучение ███████░░░░░░░░░░░░░░░░░░░░░  27.6% 17/60 | seed=5 BLOCKED_AB | step 11000/20000 | ETA текущего run 0м 50с | training
ЭТАП 1/2 — обучение ███████░░░░░░░░░░░░░░░░░░░░░  27.6% 17/60 | seed=5 BLOCKED_AB | step 11500/20000 | ETA текущего run 0м 47с | training
ЭТАП 1/2 — обучение ███████░░░░░░░░░░░░░░░░░░░░░  27.7% 17/60 | seed=5 BLOCKED_AB | step 12000/20000 | ETA текущего run 0м 44с | training
ЭТАП 1/2 — обучение ███████░░░░░░░░░░░░░░░░░░░░░  27.7% 17/60 | seed=5 BLOCKED_AB | step 12500/20000 | ETA текущего run 0м 41с | training
ЭТАП 1/2 — обучение ███████░░░░░░░░░░░░░░░░░░░░░  27.7% 17/60 | seed=5 BLOCKED_AB | step 13000/20000 | ETA текущего run 0м 38с | training
ЭТАП 1/2 — обучение ███████░░░░░░░░░░░░░░░░░░░░░  27.8% 17/60 | seed=5 BLOCKED_AB | step 13500/20000 | ETA текущего run 0м 36с | training
ЭТАП 1/2 — обучение ███████░░░░░░░░░░░░░░░░░░░░░  27.8% 17/60 | seed=5 BLOCKED_AB | step 14000/20000 | ETA текущего run 0м 33с | training
ЭТАП 1/2 — обучение ███████░░░░░░░░░░░░░░░░░░░░░  27.9% 17/60 | seed=5 BLOCKED_AB | step 14500/20000 | ETA текущего run 0м 30с | training
ЭТАП 1/2 — обучение ███████░░░░░░░░░░░░░░░░░░░░░  27.9% 17/60 | seed=5 BLOCKED_AB | step 15000/20000 | ETA текущего run 0м 27с | training
ЭТАП 1/2 — обучение ███████░░░░░░░░░░░░░░░░░░░░░  28.0% 17/60 | seed=5 BLOCKED_AB | step 15500/20000 | ETA текущего run 0м 25с | training
ЭТАП 1/2 — обучение ███████░░░░░░░░░░░░░░░░░░░░░  28.0% 17/60 | seed=5 BLOCKED_AB | step 16000/20000 | ETA текущего run 0м 22с | training
ЭТАП 1/2 — обучение ███████░░░░░░░░░░░░░░░░░░░░░  28.0% 17/60 | seed=5 BLOCKED_AB | step 16500/20000 | ETA текущего run 0м 19с | training
ЭТАП 1/2 — обучение ███████░░░░░░░░░░░░░░░░░░░░░  28.1% 17/60 | seed=5 BLOCKED_AB | step 17000/20000 | ETA текущего run 0м 16с | training
ЭТАП 1/2 — обучение ███████░░░░░░░░░░░░░░░░░░░░░  28.1% 17/60 | seed=5 BLOCKED_AB | step 17500/20000 | ETA текущего run 0м 14с | training
ЭТАП 1/2 — обучение ███████░░░░░░░░░░░░░░░░░░░░░  28.2% 17/60 | seed=5 BLOCKED_AB | step 18000/20000 | ETA текущего run 0м 11с | training
ЭТАП 1/2 — обучение ███████░░░░░░░░░░░░░░░░░░░░░  28.2% 17/60 | seed=5 BLOCKED_AB | step 18500/20000 | ETA текущего run 0м 08с | training
ЭТАП 1/2 — обучение ███████░░░░░░░░░░░░░░░░░░░░░  28.2% 17/60 | seed=5 BLOCKED_AB | step 19000/20000 | ETA текущего run 0м 05с | training
ЭТАП 1/2 — обучение ███████░░░░░░░░░░░░░░░░░░░░░  28.3% 17/60 | seed=5 BLOCKED_AB | step 19500/20000 | ETA текущего run 0м 02с | training
ЭТАП 1/2 — обучение ███████░░░░░░░░░░░░░░░░░░░░░  28.3% 17/60 | seed=5 BLOCKED_AB | step 20000/20000 | ETA текущего run 0м 00с | training
ЭТАП 1/2 — обучение ███████░░░░░░░░░░░░░░░░░░░░░  28.3% 17/60 | seed=5 BLOCKED_AB | step 20000/20000 | ETA текущего run 0м 00с | checkpoint
ЭТАП 1/2 — обучение ███████░░░░░░░░░░░░░░░░░░░░░  28.3% 17/60 | seed=5 BLOCKED_AB | step 20000/20000 | ETA текущего run 0м 00с | completed

--- запуск 18/60: seed=5, condition=BLOCKED_BA ---
ЭТАП 1/2 — обучение ███████░░░░░░░░░░░░░░░░░░░░░  28.3% 18/60 | seed=5 BLOCKED_BA | step 0/20000 | ETA текущего run 0м 00с | started
ЭТАП 1/2 — обучение ███████░░░░░░░░░░░░░░░░░░░░░  28.4% 18/60 | seed=5 BLOCKED_BA | step 500/20000 | ETA текущего run 1м 12с | training
ЭТАП 1/2 — обучение ███████░░░░░░░░░░░░░░░░░░░░░  28.4% 18/60 | seed=5 BLOCKED_BA | step 1000/20000 | ETA текущего run 1м 28с | training
ЭТАП 1/2 — обучение ███████░░░░░░░░░░░░░░░░░░░░░  28.5% 18/60 | seed=5 BLOCKED_BA | step 1500/20000 | ETA текущего run 1м 32с | training
ЭТАП 1/2 — обучение ███████░░░░░░░░░░░░░░░░░░░░░  28.5% 18/60 | seed=5 BLOCKED_BA | step 2000/20000 | ETA текущего run 1м 34с | training
ЭТАП 1/2 — обучение ███████░░░░░░░░░░░░░░░░░░░░░  28.5% 18/60 | seed=5 BLOCKED_BA | step 2500/20000 | ETA текущего run 1м 35с | training
ЭТАП 1/2 — обучение ████████░░░░░░░░░░░░░░░░░░░░  28.6% 18/60 | seed=5 BLOCKED_BA | step 3000/20000 | ETA текущего run 1м 33с | training
ЭТАП 1/2 — обучение ████████░░░░░░░░░░░░░░░░░░░░  28.6% 18/60 | seed=5 BLOCKED_BA | step 3500/20000 | ETA текущего run 1м 31с | training
ЭТАП 1/2 — обучение ████████░░░░░░░░░░░░░░░░░░░░  28.7% 18/60 | seed=5 BLOCKED_BA | step 4000/20000 | ETA текущего run 1м 29с | training
ЭТАП 1/2 — обучение ████████░░░░░░░░░░░░░░░░░░░░  28.7% 18/60 | seed=5 BLOCKED_BA | step 4000/20000 | ETA текущего run 1м 29с | checkpoint
ЭТАП 1/2 — обучение ████████░░░░░░░░░░░░░░░░░░░░  28.7% 18/60 | seed=5 BLOCKED_BA | step 4500/20000 | ETA текущего run 1м 26с | training
ЭТАП 1/2 — обучение ████████░░░░░░░░░░░░░░░░░░░░  28.7% 18/60 | seed=5 BLOCKED_BA | step 5000/20000 | ETA текущего run 1м 24с | training
ЭТАП 1/2 — обучение ████████░░░░░░░░░░░░░░░░░░░░  28.8% 18/60 | seed=5 BLOCKED_BA | step 5500/20000 | ETA текущего run 1м 21с | training
ЭТАП 1/2 — обучение ████████░░░░░░░░░░░░░░░░░░░░  28.8% 18/60 | seed=5 BLOCKED_BA | step 6000/20000 | ETA текущего run 1м 18с | training
ЭТАП 1/2 — обучение ████████░░░░░░░░░░░░░░░░░░░░  28.9% 18/60 | seed=5 BLOCKED_BA | step 6500/20000 | ETA текущего run 1м 16с | training
ЭТАП 1/2 — обучение ████████░░░░░░░░░░░░░░░░░░░░  28.9% 18/60 | seed=5 BLOCKED_BA | step 7000/20000 | ETA текущего run 1м 12с | training
ЭТАП 1/2 — обучение ████████░░░░░░░░░░░░░░░░░░░░  29.0% 18/60 | seed=5 BLOCKED_BA | step 7500/20000 | ETA текущего run 1м 08с | training
ЭТАП 1/2 — обучение ████████░░░░░░░░░░░░░░░░░░░░  29.0% 18/60 | seed=5 BLOCKED_BA | step 8000/20000 | ETA текущего run 1м 05с | training
ЭТАП 1/2 — обучение ████████░░░░░░░░░░░░░░░░░░░░  29.0% 18/60 | seed=5 BLOCKED_BA | step 8500/20000 | ETA текущего run 1м 03с | training
ЭТАП 1/2 — обучение ████████░░░░░░░░░░░░░░░░░░░░  29.1% 18/60 | seed=5 BLOCKED_BA | step 9000/20000 | ETA текущего run 1м 00с | training
ЭТАП 1/2 — обучение ████████░░░░░░░░░░░░░░░░░░░░  29.1% 18/60 | seed=5 BLOCKED_BA | step 9500/20000 | ETA текущего run 0м 57с | training
ЭТАП 1/2 — обучение ████████░░░░░░░░░░░░░░░░░░░░  29.2% 18/60 | seed=5 BLOCKED_BA | step 10000/20000 | ETA текущего run 0м 55с | training
ЭТАП 1/2 — обучение ████████░░░░░░░░░░░░░░░░░░░░  29.2% 18/60 | seed=5 BLOCKED_BA | step 10000/20000 | ETA текущего run 0м 55с | checkpoint
ЭТАП 1/2 — обучение ████████░░░░░░░░░░░░░░░░░░░░  29.2% 18/60 | seed=5 BLOCKED_BA | step 10500/20000 | ETA текущего run 0м 52с | training
ЭТАП 1/2 — обучение ████████░░░░░░░░░░░░░░░░░░░░  29.3% 18/60 | seed=5 BLOCKED_BA | step 11000/20000 | ETA текущего run 0м 50с | training
ЭТАП 1/2 — обучение ████████░░░░░░░░░░░░░░░░░░░░  29.3% 18/60 | seed=5 BLOCKED_BA | step 11500/20000 | ETA текущего run 0м 47с | training
ЭТАП 1/2 — обучение ████████░░░░░░░░░░░░░░░░░░░░  29.3% 18/60 | seed=5 BLOCKED_BA | step 12000/20000 | ETA текущего run 0м 44с | training
ЭТАП 1/2 — обучение ████████░░░░░░░░░░░░░░░░░░░░  29.4% 18/60 | seed=5 BLOCKED_BA | step 12500/20000 | ETA текущего run 0м 41с | training
ЭТАП 1/2 — обучение ████████░░░░░░░░░░░░░░░░░░░░  29.4% 18/60 | seed=5 BLOCKED_BA | step 13000/20000 | ETA текущего run 0м 39с | training
ЭТАП 1/2 — обучение ████████░░░░░░░░░░░░░░░░░░░░  29.5% 18/60 | seed=5 BLOCKED_BA | step 13500/20000 | ETA текущего run 0м 36с | training
ЭТАП 1/2 — обучение ████████░░░░░░░░░░░░░░░░░░░░  29.5% 18/60 | seed=5 BLOCKED_BA | step 14000/20000 | ETA текущего run 0м 33с | training
ЭТАП 1/2 — обучение ████████░░░░░░░░░░░░░░░░░░░░  29.5% 18/60 | seed=5 BLOCKED_BA | step 14500/20000 | ETA текущего run 0м 30с | training
ЭТАП 1/2 — обучение ████████░░░░░░░░░░░░░░░░░░░░  29.6% 18/60 | seed=5 BLOCKED_BA | step 15000/20000 | ETA текущего run 0м 28с | training
ЭТАП 1/2 — обучение ████████░░░░░░░░░░░░░░░░░░░░  29.6% 18/60 | seed=5 BLOCKED_BA | step 15500/20000 | ETA текущего run 0м 25с | training
ЭТАП 1/2 — обучение ████████░░░░░░░░░░░░░░░░░░░░  29.7% 18/60 | seed=5 BLOCKED_BA | step 16000/20000 | ETA текущего run 0м 22с | training
ЭТАП 1/2 — обучение ████████░░░░░░░░░░░░░░░░░░░░  29.7% 18/60 | seed=5 BLOCKED_BA | step 16500/20000 | ETA текущего run 0м 19с | training
ЭТАП 1/2 — обучение ████████░░░░░░░░░░░░░░░░░░░░  29.8% 18/60 | seed=5 BLOCKED_BA | step 17000/20000 | ETA текущего run 0м 16с | training
ЭТАП 1/2 — обучение ████████░░░░░░░░░░░░░░░░░░░░  29.8% 18/60 | seed=5 BLOCKED_BA | step 17500/20000 | ETA текущего run 0м 14с | training
ЭТАП 1/2 — обучение ████████░░░░░░░░░░░░░░░░░░░░  29.8% 18/60 | seed=5 BLOCKED_BA | step 18000/20000 | ETA текущего run 0м 11с | training
ЭТАП 1/2 — обучение ████████░░░░░░░░░░░░░░░░░░░░  29.9% 18/60 | seed=5 BLOCKED_BA | step 18500/20000 | ETA текущего run 0м 08с | training
ЭТАП 1/2 — обучение ████████░░░░░░░░░░░░░░░░░░░░  29.9% 18/60 | seed=5 BLOCKED_BA | step 19000/20000 | ETA текущего run 0м 05с | training
ЭТАП 1/2 — обучение ████████░░░░░░░░░░░░░░░░░░░░  30.0% 18/60 | seed=5 BLOCKED_BA | step 19500/20000 | ETA текущего run 0м 02с | training
ЭТАП 1/2 — обучение ████████░░░░░░░░░░░░░░░░░░░░  30.0% 18/60 | seed=5 BLOCKED_BA | step 20000/20000 | ETA текущего run 0м 00с | training
ЭТАП 1/2 — обучение ████████░░░░░░░░░░░░░░░░░░░░  30.0% 18/60 | seed=5 BLOCKED_BA | step 20000/20000 | ETA текущего run 0м 00с | checkpoint
ЭТАП 1/2 — обучение ████████░░░░░░░░░░░░░░░░░░░░  30.0% 18/60 | seed=5 BLOCKED_BA | step 20000/20000 | ETA текущего run 0м 00с | completed

--- запуск 19/60: seed=6, condition=INTERLEAVED ---
ЭТАП 1/2 — обучение ████████░░░░░░░░░░░░░░░░░░░░  30.0% 19/60 | seed=6 INTERLEAVED | step 0/20000 | ETA текущего run 0м 00с | started
ЭТАП 1/2 — обучение ████████░░░░░░░░░░░░░░░░░░░░  30.0% 19/60 | seed=6 INTERLEAVED | step 500/20000 | ETA текущего run 1м 12с | training
ЭТАП 1/2 — обучение ████████░░░░░░░░░░░░░░░░░░░░  30.1% 19/60 | seed=6 INTERLEAVED | step 1000/20000 | ETA текущего run 1м 28с | training
ЭТАП 1/2 — обучение ████████░░░░░░░░░░░░░░░░░░░░  30.1% 19/60 | seed=6 INTERLEAVED | step 1500/20000 | ETA текущего run 1м 32с | training
ЭТАП 1/2 — обучение ████████░░░░░░░░░░░░░░░░░░░░  30.2% 19/60 | seed=6 INTERLEAVED | step 2000/20000 | ETA текущего run 1м 33с | training
ЭТАП 1/2 — обучение ████████░░░░░░░░░░░░░░░░░░░░  30.2% 19/60 | seed=6 INTERLEAVED | step 2500/20000 | ETA текущего run 1м 33с | training
ЭТАП 1/2 — обучение ████████░░░░░░░░░░░░░░░░░░░░  30.2% 19/60 | seed=6 INTERLEAVED | step 3000/20000 | ETA текущего run 1м 32с | training
ЭТАП 1/2 — обучение ████████░░░░░░░░░░░░░░░░░░░░  30.3% 19/60 | seed=6 INTERLEAVED | step 3500/20000 | ETA текущего run 1м 30с | training
ЭТАП 1/2 — обучение ████████░░░░░░░░░░░░░░░░░░░░  30.3% 19/60 | seed=6 INTERLEAVED | step 4000/20000 | ETA текущего run 1м 27с | training
ЭТАП 1/2 — обучение ████████░░░░░░░░░░░░░░░░░░░░  30.3% 19/60 | seed=6 INTERLEAVED | step 4000/20000 | ETA текущего run 1м 27с | checkpoint
ЭТАП 1/2 — обучение ████████░░░░░░░░░░░░░░░░░░░░  30.4% 19/60 | seed=6 INTERLEAVED | step 4500/20000 | ETA текущего run 1м 25с | training
ЭТАП 1/2 — обучение ████████░░░░░░░░░░░░░░░░░░░░  30.4% 19/60 | seed=6 INTERLEAVED | step 5000/20000 | ETA текущего run 1м 22с | training
ЭТАП 1/2 — обучение ████████░░░░░░░░░░░░░░░░░░░░  30.5% 19/60 | seed=6 INTERLEAVED | step 5500/20000 | ETA текущего run 1м 20с | training
ЭТАП 1/2 — обучение ████████░░░░░░░░░░░░░░░░░░░░  30.5% 19/60 | seed=6 INTERLEAVED | step 6000/20000 | ETA текущего run 1м 17с | training
ЭТАП 1/2 — обучение ████████░░░░░░░░░░░░░░░░░░░░  30.5% 19/60 | seed=6 INTERLEAVED | step 6500/20000 | ETA текущего run 1м 15с | training
ЭТАП 1/2 — обучение ████████░░░░░░░░░░░░░░░░░░░░  30.6% 19/60 | seed=6 INTERLEAVED | step 7000/20000 | ETA текущего run 1м 12с | training
ЭТАП 1/2 — обучение ████████░░░░░░░░░░░░░░░░░░░░  30.6% 19/60 | seed=6 INTERLEAVED | step 7500/20000 | ETA текущего run 1м 10с | training
ЭТАП 1/2 — обучение ████████░░░░░░░░░░░░░░░░░░░░  30.7% 19/60 | seed=6 INTERLEAVED | step 8000/20000 | ETA текущего run 1м 07с | training
ЭТАП 1/2 — обучение ████████░░░░░░░░░░░░░░░░░░░░  30.7% 19/60 | seed=6 INTERLEAVED | step 8500/20000 | ETA текущего run 1м 04с | training
ЭТАП 1/2 — обучение ████████░░░░░░░░░░░░░░░░░░░░  30.8% 19/60 | seed=6 INTERLEAVED | step 9000/20000 | ETA текущего run 1м 01с | training
ЭТАП 1/2 — обучение ████████░░░░░░░░░░░░░░░░░░░░  30.8% 19/60 | seed=6 INTERLEAVED | step 9500/20000 | ETA текущего run 0м 58с | training
ЭТАП 1/2 — обучение ████████░░░░░░░░░░░░░░░░░░░░  30.8% 19/60 | seed=6 INTERLEAVED | step 10000/20000 | ETA текущего run 0м 56с | training
ЭТАП 1/2 — обучение ████████░░░░░░░░░░░░░░░░░░░░  30.8% 19/60 | seed=6 INTERLEAVED | step 10000/20000 | ETA текущего run 0м 56с | checkpoint
ЭТАП 1/2 — обучение ████████░░░░░░░░░░░░░░░░░░░░  30.9% 19/60 | seed=6 INTERLEAVED | step 10500/20000 | ETA текущего run 0м 53с | training
ЭТАП 1/2 — обучение ████████░░░░░░░░░░░░░░░░░░░░  30.9% 19/60 | seed=6 INTERLEAVED | step 11000/20000 | ETA текущего run 0м 50с | training
ЭТАП 1/2 — обучение ████████░░░░░░░░░░░░░░░░░░░░  31.0% 19/60 | seed=6 INTERLEAVED | step 11500/20000 | ETA текущего run 0м 47с | training
ЭТАП 1/2 — обучение ████████░░░░░░░░░░░░░░░░░░░░  31.0% 19/60 | seed=6 INTERLEAVED | step 12000/20000 | ETA текущего run 0м 45с | training
ЭТАП 1/2 — обучение ████████░░░░░░░░░░░░░░░░░░░░  31.0% 19/60 | seed=6 INTERLEAVED | step 12500/20000 | ETA текущего run 0м 42с | training
ЭТАП 1/2 — обучение ████████░░░░░░░░░░░░░░░░░░░░  31.1% 19/60 | seed=6 INTERLEAVED | step 13000/20000 | ETA текущего run 0м 39с | training
ЭТАП 1/2 — обучение ████████░░░░░░░░░░░░░░░░░░░░  31.1% 19/60 | seed=6 INTERLEAVED | step 13500/20000 | ETA текущего run 0м 36с | training
ЭТАП 1/2 — обучение ████████░░░░░░░░░░░░░░░░░░░░  31.2% 19/60 | seed=6 INTERLEAVED | step 14000/20000 | ETA текущего run 0м 33с | training
ЭТАП 1/2 — обучение ████████░░░░░░░░░░░░░░░░░░░░  31.2% 19/60 | seed=6 INTERLEAVED | step 14500/20000 | ETA текущего run 0м 30с | training
ЭТАП 1/2 — обучение ████████░░░░░░░░░░░░░░░░░░░░  31.2% 19/60 | seed=6 INTERLEAVED | step 15000/20000 | ETA текущего run 0м 28с | training
ЭТАП 1/2 — обучение ████████░░░░░░░░░░░░░░░░░░░░  31.3% 19/60 | seed=6 INTERLEAVED | step 15500/20000 | ETA текущего run 0м 25с | training
ЭТАП 1/2 — обучение ████████░░░░░░░░░░░░░░░░░░░░  31.3% 19/60 | seed=6 INTERLEAVED | step 16000/20000 | ETA текущего run 0м 22с | training
ЭТАП 1/2 — обучение ████████░░░░░░░░░░░░░░░░░░░░  31.4% 19/60 | seed=6 INTERLEAVED | step 16500/20000 | ETA текущего run 0м 19с | training
ЭТАП 1/2 — обучение ████████░░░░░░░░░░░░░░░░░░░░  31.4% 19/60 | seed=6 INTERLEAVED | step 17000/20000 | ETA текущего run 0м 16с | training
ЭТАП 1/2 — обучение ████████░░░░░░░░░░░░░░░░░░░░  31.5% 19/60 | seed=6 INTERLEAVED | step 17500/20000 | ETA текущего run 0м 14с | training
ЭТАП 1/2 — обучение ████████░░░░░░░░░░░░░░░░░░░░  31.5% 19/60 | seed=6 INTERLEAVED | step 18000/20000 | ETA текущего run 0м 11с | training
ЭТАП 1/2 — обучение ████████░░░░░░░░░░░░░░░░░░░░  31.5% 19/60 | seed=6 INTERLEAVED | step 18500/20000 | ETA текущего run 0м 08с | training
ЭТАП 1/2 — обучение ████████░░░░░░░░░░░░░░░░░░░░  31.6% 19/60 | seed=6 INTERLEAVED | step 19000/20000 | ETA текущего run 0м 05с | training
ЭТАП 1/2 — обучение ████████░░░░░░░░░░░░░░░░░░░░  31.6% 19/60 | seed=6 INTERLEAVED | step 19500/20000 | ETA текущего run 0м 02с | training
ЭТАП 1/2 — обучение ████████░░░░░░░░░░░░░░░░░░░░  31.7% 19/60 | seed=6 INTERLEAVED | step 20000/20000 | ETA текущего run 0м 00с | training
ЭТАП 1/2 — обучение ████████░░░░░░░░░░░░░░░░░░░░  31.7% 19/60 | seed=6 INTERLEAVED | step 20000/20000 | ETA текущего run 0м 00с | checkpoint
ЭТАП 1/2 — обучение ████████░░░░░░░░░░░░░░░░░░░░  31.7% 19/60 | seed=6 INTERLEAVED | step 20000/20000 | ETA текущего run 0м 00с | completed

--- запуск 20/60: seed=6, condition=BLOCKED_AB ---
ЭТАП 1/2 — обучение ████████░░░░░░░░░░░░░░░░░░░░  31.7% 20/60 | seed=6 BLOCKED_AB | step 0/20000 | ETA текущего run 0м 00с | started
ЭТАП 1/2 — обучение ████████░░░░░░░░░░░░░░░░░░░░  31.7% 20/60 | seed=6 BLOCKED_AB | step 500/20000 | ETA текущего run 1м 13с | training
ЭТАП 1/2 — обучение ████████░░░░░░░░░░░░░░░░░░░░  31.8% 20/60 | seed=6 BLOCKED_AB | step 1000/20000 | ETA текущего run 1м 29с | training
ЭТАП 1/2 — обучение ████████░░░░░░░░░░░░░░░░░░░░  31.8% 20/60 | seed=6 BLOCKED_AB | step 1500/20000 | ETA текущего run 1м 32с | training
ЭТАП 1/2 — обучение ████████░░░░░░░░░░░░░░░░░░░░  31.8% 20/60 | seed=6 BLOCKED_AB | step 2000/20000 | ETA текущего run 1м 33с | training
ЭТАП 1/2 — обучение ████████░░░░░░░░░░░░░░░░░░░░  31.9% 20/60 | seed=6 BLOCKED_AB | step 2500/20000 | ETA текущего run 1м 32с | training
ЭТАП 1/2 — обучение ████████░░░░░░░░░░░░░░░░░░░░  31.9% 20/60 | seed=6 BLOCKED_AB | step 3000/20000 | ETA текущего run 1м 30с | training
ЭТАП 1/2 — обучение ████████░░░░░░░░░░░░░░░░░░░░  32.0% 20/60 | seed=6 BLOCKED_AB | step 3500/20000 | ETA текущего run 1м 28с | training
ЭТАП 1/2 — обучение ████████░░░░░░░░░░░░░░░░░░░░  32.0% 20/60 | seed=6 BLOCKED_AB | step 4000/20000 | ETA текущего run 1м 25с | training
ЭТАП 1/2 — обучение ████████░░░░░░░░░░░░░░░░░░░░  32.0% 20/60 | seed=6 BLOCKED_AB | step 4000/20000 | ETA текущего run 1м 25с | checkpoint
ЭТАП 1/2 — обучение ████████░░░░░░░░░░░░░░░░░░░░  32.0% 20/60 | seed=6 BLOCKED_AB | step 4500/20000 | ETA текущего run 1м 23с | training
ЭТАП 1/2 — обучение ████████░░░░░░░░░░░░░░░░░░░░  32.1% 20/60 | seed=6 BLOCKED_AB | step 5000/20000 | ETA текущего run 1м 21с | training
ЭТАП 1/2 — обучение ████████░░░░░░░░░░░░░░░░░░░░  32.1% 20/60 | seed=6 BLOCKED_AB | step 5500/20000 | ETA текущего run 1м 19с | training
ЭТАП 1/2 — обучение █████████░░░░░░░░░░░░░░░░░░░  32.2% 20/60 | seed=6 BLOCKED_AB | step 6000/20000 | ETA текущего run 1м 16с | training
ЭТАП 1/2 — обучение █████████░░░░░░░░░░░░░░░░░░░  32.2% 20/60 | seed=6 BLOCKED_AB | step 6500/20000 | ETA текущего run 1м 14с | training
ЭТАП 1/2 — обучение █████████░░░░░░░░░░░░░░░░░░░  32.2% 20/60 | seed=6 BLOCKED_AB | step 7000/20000 | ETA текущего run 1м 11с | training
ЭТАП 1/2 — обучение █████████░░░░░░░░░░░░░░░░░░░  32.3% 20/60 | seed=6 BLOCKED_AB | step 7500/20000 | ETA текущего run 1м 09с | training
ЭТАП 1/2 — обучение █████████░░░░░░░░░░░░░░░░░░░  32.3% 20/60 | seed=6 BLOCKED_AB | step 8000/20000 | ETA текущего run 1м 06с | training
ЭТАП 1/2 — обучение █████████░░░░░░░░░░░░░░░░░░░  32.4% 20/60 | seed=6 BLOCKED_AB | step 8500/20000 | ETA текущего run 1м 03с | training
ЭТАП 1/2 — обучение █████████░░░░░░░░░░░░░░░░░░░  32.4% 20/60 | seed=6 BLOCKED_AB | step 9000/20000 | ETA текущего run 1м 01с | training
ЭТАП 1/2 — обучение █████████░░░░░░░░░░░░░░░░░░░  32.5% 20/60 | seed=6 BLOCKED_AB | step 9500/20000 | ETA текущего run 0м 58с | training
ЭТАП 1/2 — обучение █████████░░░░░░░░░░░░░░░░░░░  32.5% 20/60 | seed=6 BLOCKED_AB | step 10000/20000 | ETA текущего run 0м 55с | training
ЭТАП 1/2 — обучение █████████░░░░░░░░░░░░░░░░░░░  32.5% 20/60 | seed=6 BLOCKED_AB | step 10000/20000 | ETA текущего run 0м 55с | checkpoint
ЭТАП 1/2 — обучение █████████░░░░░░░░░░░░░░░░░░░  32.5% 20/60 | seed=6 BLOCKED_AB | step 10500/20000 | ETA текущего run 0м 52с | training
ЭТАП 1/2 — обучение █████████░░░░░░░░░░░░░░░░░░░  32.6% 20/60 | seed=6 BLOCKED_AB | step 11000/20000 | ETA текущего run 0м 49с | training
ЭТАП 1/2 — обучение █████████░░░░░░░░░░░░░░░░░░░  32.6% 20/60 | seed=6 BLOCKED_AB | step 11500/20000 | ETA текущего run 0м 46с | training
ЭТАП 1/2 — обучение █████████░░░░░░░░░░░░░░░░░░░  32.7% 20/60 | seed=6 BLOCKED_AB | step 12000/20000 | ETA текущего run 0м 44с | training
ЭТАП 1/2 — обучение █████████░░░░░░░░░░░░░░░░░░░  32.7% 20/60 | seed=6 BLOCKED_AB | step 12500/20000 | ETA текущего run 0м 41с | training
ЭТАП 1/2 — обучение █████████░░░░░░░░░░░░░░░░░░░  32.7% 20/60 | seed=6 BLOCKED_AB | step 13000/20000 | ETA текущего run 0м 38с | training
ЭТАП 1/2 — обучение █████████░░░░░░░░░░░░░░░░░░░  32.8% 20/60 | seed=6 BLOCKED_AB | step 13500/20000 | ETA текущего run 0м 35с | training
ЭТАП 1/2 — обучение █████████░░░░░░░░░░░░░░░░░░░  32.8% 20/60 | seed=6 BLOCKED_AB | step 14000/20000 | ETA текущего run 0м 33с | training
ЭТАП 1/2 — обучение █████████░░░░░░░░░░░░░░░░░░░  32.9% 20/60 | seed=6 BLOCKED_AB | step 14500/20000 | ETA текущего run 0м 30с | training
ЭТАП 1/2 — обучение █████████░░░░░░░░░░░░░░░░░░░  32.9% 20/60 | seed=6 BLOCKED_AB | step 15000/20000 | ETA текущего run 0м 27с | training
ЭТАП 1/2 — обучение █████████░░░░░░░░░░░░░░░░░░░  33.0% 20/60 | seed=6 BLOCKED_AB | step 15500/20000 | ETA текущего run 0м 24с | training
ЭТАП 1/2 — обучение █████████░░░░░░░░░░░░░░░░░░░  33.0% 20/60 | seed=6 BLOCKED_AB | step 16000/20000 | ETA текущего run 0м 22с | training
ЭТАП 1/2 — обучение █████████░░░░░░░░░░░░░░░░░░░  33.0% 20/60 | seed=6 BLOCKED_AB | step 16500/20000 | ETA текущего run 0м 19с | training
ЭТАП 1/2 — обучение █████████░░░░░░░░░░░░░░░░░░░  33.1% 20/60 | seed=6 BLOCKED_AB | step 17000/20000 | ETA текущего run 0м 16с | training
ЭТАП 1/2 — обучение █████████░░░░░░░░░░░░░░░░░░░  33.1% 20/60 | seed=6 BLOCKED_AB | step 17500/20000 | ETA текущего run 0м 13с | training
ЭТАП 1/2 — обучение █████████░░░░░░░░░░░░░░░░░░░  33.2% 20/60 | seed=6 BLOCKED_AB | step 18000/20000 | ETA текущего run 0м 11с | training
ЭТАП 1/2 — обучение █████████░░░░░░░░░░░░░░░░░░░  33.2% 20/60 | seed=6 BLOCKED_AB | step 18500/20000 | ETA текущего run 0м 08с | training
ЭТАП 1/2 — обучение █████████░░░░░░░░░░░░░░░░░░░  33.2% 20/60 | seed=6 BLOCKED_AB | step 19000/20000 | ETA текущего run 0м 05с | training
ЭТАП 1/2 — обучение █████████░░░░░░░░░░░░░░░░░░░  33.3% 20/60 | seed=6 BLOCKED_AB | step 19500/20000 | ETA текущего run 0м 02с | training
ЭТАП 1/2 — обучение █████████░░░░░░░░░░░░░░░░░░░  33.3% 20/60 | seed=6 BLOCKED_AB | step 20000/20000 | ETA текущего run 0м 00с | training
ЭТАП 1/2 — обучение █████████░░░░░░░░░░░░░░░░░░░  33.3% 20/60 | seed=6 BLOCKED_AB | step 20000/20000 | ETA текущего run 0м 00с | checkpoint
ЭТАП 1/2 — обучение █████████░░░░░░░░░░░░░░░░░░░  33.3% 20/60 | seed=6 BLOCKED_AB | step 20000/20000 | ETA текущего run 0м 00с | completed

--- запуск 21/60: seed=6, condition=BLOCKED_BA ---
ЭТАП 1/2 — обучение █████████░░░░░░░░░░░░░░░░░░░  33.3% 21/60 | seed=6 BLOCKED_BA | step 0/20000 | ETA текущего run 0м 00с | started
ЭТАП 1/2 — обучение █████████░░░░░░░░░░░░░░░░░░░  33.4% 21/60 | seed=6 BLOCKED_BA | step 500/20000 | ETA текущего run 1м 32с | training
ЭТАП 1/2 — обучение █████████░░░░░░░░░░░░░░░░░░░  33.4% 21/60 | seed=6 BLOCKED_BA | step 1000/20000 | ETA текущего run 1м 40с | training
ЭТАП 1/2 — обучение █████████░░░░░░░░░░░░░░░░░░░  33.5% 21/60 | seed=6 BLOCKED_BA | step 1500/20000 | ETA текущего run 1м 41с | training
ЭТАП 1/2 — обучение █████████░░░░░░░░░░░░░░░░░░░  33.5% 21/60 | seed=6 BLOCKED_BA | step 2000/20000 | ETA текущего run 1м 39с | training
ЭТАП 1/2 — обучение █████████░░░░░░░░░░░░░░░░░░░  33.5% 21/60 | seed=6 BLOCKED_BA | step 2500/20000 | ETA текущего run 1м 37с | training
ЭТАП 1/2 — обучение █████████░░░░░░░░░░░░░░░░░░░  33.6% 21/60 | seed=6 BLOCKED_BA | step 3000/20000 | ETA текущего run 1м 36с | training
ЭТАП 1/2 — обучение █████████░░░░░░░░░░░░░░░░░░░  33.6% 21/60 | seed=6 BLOCKED_BA | step 3500/20000 | ETA текущего run 1м 33с | training
ЭТАП 1/2 — обучение █████████░░░░░░░░░░░░░░░░░░░  33.7% 21/60 | seed=6 BLOCKED_BA | step 4000/20000 | ETA текущего run 1м 30с | training
ЭТАП 1/2 — обучение █████████░░░░░░░░░░░░░░░░░░░  33.7% 21/60 | seed=6 BLOCKED_BA | step 4000/20000 | ETA текущего run 1м 30с | checkpoint
ЭТАП 1/2 — обучение █████████░░░░░░░░░░░░░░░░░░░  33.7% 21/60 | seed=6 BLOCKED_BA | step 4500/20000 | ETA текущего run 1м 27с | training
ЭТАП 1/2 — обучение █████████░░░░░░░░░░░░░░░░░░░  33.8% 21/60 | seed=6 BLOCKED_BA | step 5000/20000 | ETA текущего run 1м 24с | training
ЭТАП 1/2 — обучение █████████░░░░░░░░░░░░░░░░░░░  33.8% 21/60 | seed=6 BLOCKED_BA | step 5500/20000 | ETA текущего run 1м 22с | training
ЭТАП 1/2 — обучение █████████░░░░░░░░░░░░░░░░░░░  33.8% 21/60 | seed=6 BLOCKED_BA | step 6000/20000 | ETA текущего run 1м 18с | training
ЭТАП 1/2 — обучение █████████░░░░░░░░░░░░░░░░░░░  33.9% 21/60 | seed=6 BLOCKED_BA | step 6500/20000 | ETA текущего run 1м 16с | training
ЭТАП 1/2 — обучение █████████░░░░░░░░░░░░░░░░░░░  33.9% 21/60 | seed=6 BLOCKED_BA | step 7000/20000 | ETA текущего run 1м 13с | training
ЭТАП 1/2 — обучение █████████░░░░░░░░░░░░░░░░░░░  34.0% 21/60 | seed=6 BLOCKED_BA | step 7500/20000 | ETA текущего run 1м 11с | training
ЭТАП 1/2 — обучение █████████░░░░░░░░░░░░░░░░░░░  34.0% 21/60 | seed=6 BLOCKED_BA | step 8000/20000 | ETA текущего run 1м 08с | training
ЭТАП 1/2 — обучение █████████░░░░░░░░░░░░░░░░░░░  34.0% 21/60 | seed=6 BLOCKED_BA | step 8500/20000 | ETA текущего run 1м 05с | training
ЭТАП 1/2 — обучение █████████░░░░░░░░░░░░░░░░░░░  34.1% 21/60 | seed=6 BLOCKED_BA | step 9000/20000 | ETA текущего run 1м 02с | training
ЭТАП 1/2 — обучение █████████░░░░░░░░░░░░░░░░░░░  34.1% 21/60 | seed=6 BLOCKED_BA | step 9500/20000 | ETA текущего run 0м 59с | training
ЭТАП 1/2 — обучение █████████░░░░░░░░░░░░░░░░░░░  34.2% 21/60 | seed=6 BLOCKED_BA | step 10000/20000 | ETA текущего run 0м 56с | training
ЭТАП 1/2 — обучение █████████░░░░░░░░░░░░░░░░░░░  34.2% 21/60 | seed=6 BLOCKED_BA | step 10000/20000 | ETA текущего run 0м 56с | checkpoint
ЭТАП 1/2 — обучение █████████░░░░░░░░░░░░░░░░░░░  34.2% 21/60 | seed=6 BLOCKED_BA | step 10500/20000 | ETA текущего run 0м 53с | training
ЭТАП 1/2 — обучение █████████░░░░░░░░░░░░░░░░░░░  34.2% 21/60 | seed=6 BLOCKED_BA | step 11000/20000 | ETA текущего run 0м 51с | training
ЭТАП 1/2 — обучение █████████░░░░░░░░░░░░░░░░░░░  34.3% 21/60 | seed=6 BLOCKED_BA | step 11500/20000 | ETA текущего run 0м 48с | training
ЭТАП 1/2 — обучение █████████░░░░░░░░░░░░░░░░░░░  34.3% 21/60 | seed=6 BLOCKED_BA | step 12000/20000 | ETA текущего run 0м 45с | training
ЭТАП 1/2 — обучение █████████░░░░░░░░░░░░░░░░░░░  34.4% 21/60 | seed=6 BLOCKED_BA | step 12500/20000 | ETA текущего run 0м 42с | training
ЭТАП 1/2 — обучение █████████░░░░░░░░░░░░░░░░░░░  34.4% 21/60 | seed=6 BLOCKED_BA | step 13000/20000 | ETA текущего run 0м 39с | training
ЭТАП 1/2 — обучение █████████░░░░░░░░░░░░░░░░░░░  34.5% 21/60 | seed=6 BLOCKED_BA | step 13500/20000 | ETA текущего run 0м 36с | training
ЭТАП 1/2 — обучение █████████░░░░░░░░░░░░░░░░░░░  34.5% 21/60 | seed=6 BLOCKED_BA | step 14000/20000 | ETA текущего run 0м 34с | training
ЭТАП 1/2 — обучение █████████░░░░░░░░░░░░░░░░░░░  34.5% 21/60 | seed=6 BLOCKED_BA | step 14500/20000 | ETA текущего run 0м 31с | training
ЭТАП 1/2 — обучение █████████░░░░░░░░░░░░░░░░░░░  34.6% 21/60 | seed=6 BLOCKED_BA | step 15000/20000 | ETA текущего run 0м 28с | training
ЭТАП 1/2 — обучение █████████░░░░░░░░░░░░░░░░░░░  34.6% 21/60 | seed=6 BLOCKED_BA | step 15500/20000 | ETA текущего run 0м 25с | training
ЭТАП 1/2 — обучение █████████░░░░░░░░░░░░░░░░░░░  34.7% 21/60 | seed=6 BLOCKED_BA | step 16000/20000 | ETA текущего run 0м 22с | training
ЭТАП 1/2 — обучение █████████░░░░░░░░░░░░░░░░░░░  34.7% 21/60 | seed=6 BLOCKED_BA | step 16500/20000 | ETA текущего run 0м 19с | training
ЭТАП 1/2 — обучение █████████░░░░░░░░░░░░░░░░░░░  34.8% 21/60 | seed=6 BLOCKED_BA | step 17000/20000 | ETA текущего run 0м 17с | training
ЭТАП 1/2 — обучение █████████░░░░░░░░░░░░░░░░░░░  34.8% 21/60 | seed=6 BLOCKED_BA | step 17500/20000 | ETA текущего run 0м 14с | training
ЭТАП 1/2 — обучение █████████░░░░░░░░░░░░░░░░░░░  34.8% 21/60 | seed=6 BLOCKED_BA | step 18000/20000 | ETA текущего run 0м 11с | training
ЭТАП 1/2 — обучение █████████░░░░░░░░░░░░░░░░░░░  34.9% 21/60 | seed=6 BLOCKED_BA | step 18500/20000 | ETA текущего run 0м 08с | training
ЭТАП 1/2 — обучение █████████░░░░░░░░░░░░░░░░░░░  34.9% 21/60 | seed=6 BLOCKED_BA | step 19000/20000 | ETA текущего run 0м 05с | training
ЭТАП 1/2 — обучение █████████░░░░░░░░░░░░░░░░░░░  35.0% 21/60 | seed=6 BLOCKED_BA | step 19500/20000 | ETA текущего run 0м 02с | training
ЭТАП 1/2 — обучение █████████░░░░░░░░░░░░░░░░░░░  35.0% 21/60 | seed=6 BLOCKED_BA | step 20000/20000 | ETA текущего run 0м 00с | training
ЭТАП 1/2 — обучение █████████░░░░░░░░░░░░░░░░░░░  35.0% 21/60 | seed=6 BLOCKED_BA | step 20000/20000 | ETA текущего run 0м 00с | checkpoint
ЭТАП 1/2 — обучение █████████░░░░░░░░░░░░░░░░░░░  35.0% 21/60 | seed=6 BLOCKED_BA | step 20000/20000 | ETA текущего run 0м 00с | completed

--- запуск 22/60: seed=7, condition=INTERLEAVED ---
ЭТАП 1/2 — обучение █████████░░░░░░░░░░░░░░░░░░░  35.0% 22/60 | seed=7 INTERLEAVED | step 0/20000 | ETA текущего run 0м 00с | started
ЭТАП 1/2 — обучение █████████░░░░░░░░░░░░░░░░░░░  35.0% 22/60 | seed=7 INTERLEAVED | step 500/20000 | ETA текущего run 1м 15с | training
ЭТАП 1/2 — обучение █████████░░░░░░░░░░░░░░░░░░░  35.1% 22/60 | seed=7 INTERLEAVED | step 1000/20000 | ETA текущего run 1м 29с | training
ЭТАП 1/2 — обучение █████████░░░░░░░░░░░░░░░░░░░  35.1% 22/60 | seed=7 INTERLEAVED | step 1500/20000 | ETA текущего run 1м 33с | training
ЭТАП 1/2 — обучение █████████░░░░░░░░░░░░░░░░░░░  35.2% 22/60 | seed=7 INTERLEAVED | step 2000/20000 | ETA текущего run 1м 34с | training
ЭТАП 1/2 — обучение █████████░░░░░░░░░░░░░░░░░░░  35.2% 22/60 | seed=7 INTERLEAVED | step 2500/20000 | ETA текущего run 1м 33с | training
ЭТАП 1/2 — обучение █████████░░░░░░░░░░░░░░░░░░░  35.2% 22/60 | seed=7 INTERLEAVED | step 3000/20000 | ETA текущего run 1м 32с | training
ЭТАП 1/2 — обучение █████████░░░░░░░░░░░░░░░░░░░  35.3% 22/60 | seed=7 INTERLEAVED | step 3500/20000 | ETA текущего run 1м 30с | training
ЭТАП 1/2 — обучение █████████░░░░░░░░░░░░░░░░░░░  35.3% 22/60 | seed=7 INTERLEAVED | step 4000/20000 | ETA текущего run 1м 29с | training
ЭТАП 1/2 — обучение █████████░░░░░░░░░░░░░░░░░░░  35.3% 22/60 | seed=7 INTERLEAVED | step 4000/20000 | ETA текущего run 1м 29с | checkpoint
ЭТАП 1/2 — обучение █████████░░░░░░░░░░░░░░░░░░░  35.4% 22/60 | seed=7 INTERLEAVED | step 4500/20000 | ETA текущего run 1м 27с | training
ЭТАП 1/2 — обучение █████████░░░░░░░░░░░░░░░░░░░  35.4% 22/60 | seed=7 INTERLEAVED | step 5000/20000 | ETA текущего run 1м 23с | training
ЭТАП 1/2 — обучение █████████░░░░░░░░░░░░░░░░░░░  35.5% 22/60 | seed=7 INTERLEAVED | step 5500/20000 | ETA текущего run 1м 21с | training
ЭТАП 1/2 — обучение █████████░░░░░░░░░░░░░░░░░░░  35.5% 22/60 | seed=7 INTERLEAVED | step 6000/20000 | ETA текущего run 1м 18с | training
ЭТАП 1/2 — обучение █████████░░░░░░░░░░░░░░░░░░░  35.5% 22/60 | seed=7 INTERLEAVED | step 6500/20000 | ETA текущего run 1м 16с | training
ЭТАП 1/2 — обучение █████████░░░░░░░░░░░░░░░░░░░  35.6% 22/60 | seed=7 INTERLEAVED | step 7000/20000 | ETA текущего run 1м 13с | training
ЭТАП 1/2 — обучение █████████░░░░░░░░░░░░░░░░░░░  35.6% 22/60 | seed=7 INTERLEAVED | step 7500/20000 | ETA текущего run 1м 10с | training
ЭТАП 1/2 — обучение █████████░░░░░░░░░░░░░░░░░░░  35.7% 22/60 | seed=7 INTERLEAVED | step 8000/20000 | ETA текущего run 1м 07с | training
ЭТАП 1/2 — обучение █████████░░░░░░░░░░░░░░░░░░░  35.7% 22/60 | seed=7 INTERLEAVED | step 8500/20000 | ETA текущего run 1м 04с | training
ЭТАП 1/2 — обучение ██████████░░░░░░░░░░░░░░░░░░  35.8% 22/60 | seed=7 INTERLEAVED | step 9000/20000 | ETA текущего run 1м 02с | training
ЭТАП 1/2 — обучение ██████████░░░░░░░░░░░░░░░░░░  35.8% 22/60 | seed=7 INTERLEAVED | step 9500/20000 | ETA текущего run 0м 59с | training
ЭТАП 1/2 — обучение ██████████░░░░░░░░░░░░░░░░░░  35.8% 22/60 | seed=7 INTERLEAVED | step 10000/20000 | ETA текущего run 0м 56с | training
ЭТАП 1/2 — обучение ██████████░░░░░░░░░░░░░░░░░░  35.8% 22/60 | seed=7 INTERLEAVED | step 10000/20000 | ETA текущего run 0м 56с | checkpoint
ЭТАП 1/2 — обучение ██████████░░░░░░░░░░░░░░░░░░  35.9% 22/60 | seed=7 INTERLEAVED | step 10500/20000 | ETA текущего run 0м 54с | training
ЭТАП 1/2 — обучение ██████████░░░░░░░░░░░░░░░░░░  35.9% 22/60 | seed=7 INTERLEAVED | step 11000/20000 | ETA текущего run 0м 51с | training
ЭТАП 1/2 — обучение ██████████░░░░░░░░░░░░░░░░░░  36.0% 22/60 | seed=7 INTERLEAVED | step 11500/20000 | ETA текущего run 0м 48с | training
ЭТАП 1/2 — обучение ██████████░░░░░░░░░░░░░░░░░░  36.0% 22/60 | seed=7 INTERLEAVED | step 12000/20000 | ETA текущего run 0м 45с | training
ЭТАП 1/2 — обучение ██████████░░░░░░░░░░░░░░░░░░  36.0% 22/60 | seed=7 INTERLEAVED | step 12500/20000 | ETA текущего run 0м 42с | training
ЭТАП 1/2 — обучение ██████████░░░░░░░░░░░░░░░░░░  36.1% 22/60 | seed=7 INTERLEAVED | step 13000/20000 | ETA текущего run 0м 39с | training
ЭТАП 1/2 — обучение ██████████░░░░░░░░░░░░░░░░░░  36.1% 22/60 | seed=7 INTERLEAVED | step 13500/20000 | ETA текущего run 0м 37с | training
ЭТАП 1/2 — обучение ██████████░░░░░░░░░░░░░░░░░░  36.2% 22/60 | seed=7 INTERLEAVED | step 14000/20000 | ETA текущего run 0м 34с | training
ЭТАП 1/2 — обучение ██████████░░░░░░░░░░░░░░░░░░  36.2% 22/60 | seed=7 INTERLEAVED | step 14500/20000 | ETA текущего run 0м 31с | training
ЭТАП 1/2 — обучение ██████████░░░░░░░░░░░░░░░░░░  36.2% 22/60 | seed=7 INTERLEAVED | step 15000/20000 | ETA текущего run 0м 28с | training
ЭТАП 1/2 — обучение ██████████░░░░░░░░░░░░░░░░░░  36.3% 22/60 | seed=7 INTERLEAVED | step 15500/20000 | ETA текущего run 0м 25с | training
ЭТАП 1/2 — обучение ██████████░░░░░░░░░░░░░░░░░░  36.3% 22/60 | seed=7 INTERLEAVED | step 16000/20000 | ETA текущего run 0м 22с | training
ЭТАП 1/2 — обучение ██████████░░░░░░░░░░░░░░░░░░  36.4% 22/60 | seed=7 INTERLEAVED | step 16500/20000 | ETA текущего run 0м 19с | training
ЭТАП 1/2 — обучение ██████████░░░░░░░░░░░░░░░░░░  36.4% 22/60 | seed=7 INTERLEAVED | step 17000/20000 | ETA текущего run 0м 17с | training
ЭТАП 1/2 — обучение ██████████░░░░░░░░░░░░░░░░░░  36.5% 22/60 | seed=7 INTERLEAVED | step 17500/20000 | ETA текущего run 0м 14с | training
ЭТАП 1/2 — обучение ██████████░░░░░░░░░░░░░░░░░░  36.5% 22/60 | seed=7 INTERLEAVED | step 18000/20000 | ETA текущего run 0м 11с | training
ЭТАП 1/2 — обучение ██████████░░░░░░░░░░░░░░░░░░  36.5% 22/60 | seed=7 INTERLEAVED | step 18500/20000 | ETA текущего run 0м 08с | training
ЭТАП 1/2 — обучение ██████████░░░░░░░░░░░░░░░░░░  36.6% 22/60 | seed=7 INTERLEAVED | step 19000/20000 | ETA текущего run 0м 05с | training
ЭТАП 1/2 — обучение ██████████░░░░░░░░░░░░░░░░░░  36.6% 22/60 | seed=7 INTERLEAVED | step 19500/20000 | ETA текущего run 0м 02с | training
ЭТАП 1/2 — обучение ██████████░░░░░░░░░░░░░░░░░░  36.7% 22/60 | seed=7 INTERLEAVED | step 20000/20000 | ETA текущего run 0м 00с | training
ЭТАП 1/2 — обучение ██████████░░░░░░░░░░░░░░░░░░  36.7% 22/60 | seed=7 INTERLEAVED | step 20000/20000 | ETA текущего run 0м 00с | checkpoint
ЭТАП 1/2 — обучение ██████████░░░░░░░░░░░░░░░░░░  36.7% 22/60 | seed=7 INTERLEAVED | step 20000/20000 | ETA текущего run 0м 00с | completed

--- запуск 23/60: seed=7, condition=BLOCKED_AB ---
ЭТАП 1/2 — обучение ██████████░░░░░░░░░░░░░░░░░░  36.7% 23/60 | seed=7 BLOCKED_AB | step 0/20000 | ETA текущего run 0м 00с | started
ЭТАП 1/2 — обучение ██████████░░░░░░░░░░░░░░░░░░  36.7% 23/60 | seed=7 BLOCKED_AB | step 500/20000 | ETA текущего run 1м 27с | training
ЭТАП 1/2 — обучение ██████████░░░░░░░░░░░░░░░░░░  36.8% 23/60 | seed=7 BLOCKED_AB | step 1000/20000 | ETA текущего run 1м 35с | training
ЭТАП 1/2 — обучение ██████████░░░░░░░░░░░░░░░░░░  36.8% 23/60 | seed=7 BLOCKED_AB | step 1500/20000 | ETA текущего run 1м 36с | training
ЭТАП 1/2 — обучение ██████████░░░░░░░░░░░░░░░░░░  36.8% 23/60 | seed=7 BLOCKED_AB | step 2000/20000 | ETA текущего run 1м 35с | training
ЭТАП 1/2 — обучение ██████████░░░░░░░░░░░░░░░░░░  36.9% 23/60 | seed=7 BLOCKED_AB | step 2500/20000 | ETA текущего run 1м 34с | training
ЭТАП 1/2 — обучение ██████████░░░░░░░░░░░░░░░░░░  36.9% 23/60 | seed=7 BLOCKED_AB | step 3000/20000 | ETA текущего run 1м 31с | training
ЭТАП 1/2 — обучение ██████████░░░░░░░░░░░░░░░░░░  37.0% 23/60 | seed=7 BLOCKED_AB | step 3500/20000 | ETA текущего run 1м 29с | training
ЭТАП 1/2 — обучение ██████████░░░░░░░░░░░░░░░░░░  37.0% 23/60 | seed=7 BLOCKED_AB | step 4000/20000 | ETA текущего run 1м 27с | training
ЭТАП 1/2 — обучение ██████████░░░░░░░░░░░░░░░░░░  37.0% 23/60 | seed=7 BLOCKED_AB | step 4000/20000 | ETA текущего run 1м 27с | checkpoint
ЭТАП 1/2 — обучение ██████████░░░░░░░░░░░░░░░░░░  37.0% 23/60 | seed=7 BLOCKED_AB | step 4500/20000 | ETA текущего run 1м 24с | training
ЭТАП 1/2 — обучение ██████████░░░░░░░░░░░░░░░░░░  37.1% 23/60 | seed=7 BLOCKED_AB | step 5000/20000 | ETA текущего run 1м 22с | training
ЭТАП 1/2 — обучение ██████████░░░░░░░░░░░░░░░░░░  37.1% 23/60 | seed=7 BLOCKED_AB | step 5500/20000 | ETA текущего run 1м 19с | training
ЭТАП 1/2 — обучение ██████████░░░░░░░░░░░░░░░░░░  37.2% 23/60 | seed=7 BLOCKED_AB | step 6000/20000 | ETA текущего run 1м 17с | training
ЭТАП 1/2 — обучение ██████████░░░░░░░░░░░░░░░░░░  37.2% 23/60 | seed=7 BLOCKED_AB | step 6500/20000 | ETA текущего run 1м 14с | training
ЭТАП 1/2 — обучение ██████████░░░░░░░░░░░░░░░░░░  37.2% 23/60 | seed=7 BLOCKED_AB | step 7000/20000 | ETA текущего run 1м 11с | training
ЭТАП 1/2 — обучение ██████████░░░░░░░░░░░░░░░░░░  37.3% 23/60 | seed=7 BLOCKED_AB | step 7500/20000 | ETA текущего run 1м 08с | training
ЭТАП 1/2 — обучение ██████████░░░░░░░░░░░░░░░░░░  37.3% 23/60 | seed=7 BLOCKED_AB | step 8000/20000 | ETA текущего run 1м 06с | training
ЭТАП 1/2 — обучение ██████████░░░░░░░░░░░░░░░░░░  37.4% 23/60 | seed=7 BLOCKED_AB | step 8500/20000 | ETA текущего run 1м 03с | training
ЭТАП 1/2 — обучение ██████████░░░░░░░░░░░░░░░░░░  37.4% 23/60 | seed=7 BLOCKED_AB | step 9000/20000 | ETA текущего run 1м 00с | training
ЭТАП 1/2 — обучение ██████████░░░░░░░░░░░░░░░░░░  37.5% 23/60 | seed=7 BLOCKED_AB | step 9500/20000 | ETA текущего run 0м 58с | training
ЭТАП 1/2 — обучение ██████████░░░░░░░░░░░░░░░░░░  37.5% 23/60 | seed=7 BLOCKED_AB | step 10000/20000 | ETA текущего run 0м 55с | training
ЭТАП 1/2 — обучение ██████████░░░░░░░░░░░░░░░░░░  37.5% 23/60 | seed=7 BLOCKED_AB | step 10000/20000 | ETA текущего run 0м 55с | checkpoint
ЭТАП 1/2 — обучение ██████████░░░░░░░░░░░░░░░░░░  37.5% 23/60 | seed=7 BLOCKED_AB | step 10500/20000 | ETA текущего run 0м 52с | training
ЭТАП 1/2 — обучение ██████████░░░░░░░░░░░░░░░░░░  37.6% 23/60 | seed=7 BLOCKED_AB | step 11000/20000 | ETA текущего run 0м 49с | training
ЭТАП 1/2 — обучение ██████████░░░░░░░░░░░░░░░░░░  37.6% 23/60 | seed=7 BLOCKED_AB | step 11500/20000 | ETA текущего run 0м 47с | training
ЭТАП 1/2 — обучение ██████████░░░░░░░░░░░░░░░░░░  37.7% 23/60 | seed=7 BLOCKED_AB | step 12000/20000 | ETA текущего run 0м 44с | training
ЭТАП 1/2 — обучение ██████████░░░░░░░░░░░░░░░░░░  37.7% 23/60 | seed=7 BLOCKED_AB | step 12500/20000 | ETA текущего run 0м 41с | training
ЭТАП 1/2 — обучение ██████████░░░░░░░░░░░░░░░░░░  37.8% 23/60 | seed=7 BLOCKED_AB | step 13000/20000 | ETA текущего run 0м 38с | training
ЭТАП 1/2 — обучение ██████████░░░░░░░░░░░░░░░░░░  37.8% 23/60 | seed=7 BLOCKED_AB | step 13500/20000 | ETA текущего run 0м 36с | training
ЭТАП 1/2 — обучение ██████████░░░░░░░░░░░░░░░░░░  37.8% 23/60 | seed=7 BLOCKED_AB | step 14000/20000 | ETA текущего run 0м 33с | training
ЭТАП 1/2 — обучение ██████████░░░░░░░░░░░░░░░░░░  37.9% 23/60 | seed=7 BLOCKED_AB | step 14500/20000 | ETA текущего run 0м 30с | training
ЭТАП 1/2 — обучение ██████████░░░░░░░░░░░░░░░░░░  37.9% 23/60 | seed=7 BLOCKED_AB | step 15000/20000 | ETA текущего run 0м 27с | training
ЭТАП 1/2 — обучение ██████████░░░░░░░░░░░░░░░░░░  38.0% 23/60 | seed=7 BLOCKED_AB | step 15500/20000 | ETA текущего run 0м 25с | training
ЭТАП 1/2 — обучение ██████████░░░░░░░░░░░░░░░░░░  38.0% 23/60 | seed=7 BLOCKED_AB | step 16000/20000 | ETA текущего run 0м 22с | training
ЭТАП 1/2 — обучение ██████████░░░░░░░░░░░░░░░░░░  38.0% 23/60 | seed=7 BLOCKED_AB | step 16500/20000 | ETA текущего run 0м 19с | training
ЭТАП 1/2 — обучение ██████████░░░░░░░░░░░░░░░░░░  38.1% 23/60 | seed=7 BLOCKED_AB | step 17000/20000 | ETA текущего run 0м 16с | training
ЭТАП 1/2 — обучение ██████████░░░░░░░░░░░░░░░░░░  38.1% 23/60 | seed=7 BLOCKED_AB | step 17500/20000 | ETA текущего run 0м 13с | training
ЭТАП 1/2 — обучение ██████████░░░░░░░░░░░░░░░░░░  38.2% 23/60 | seed=7 BLOCKED_AB | step 18000/20000 | ETA текущего run 0м 11с | training
ЭТАП 1/2 — обучение ██████████░░░░░░░░░░░░░░░░░░  38.2% 23/60 | seed=7 BLOCKED_AB | step 18500/20000 | ETA текущего run 0м 08с | training
ЭТАП 1/2 — обучение ██████████░░░░░░░░░░░░░░░░░░  38.2% 23/60 | seed=7 BLOCKED_AB | step 19000/20000 | ETA текущего run 0м 05с | training
ЭТАП 1/2 — обучение ██████████░░░░░░░░░░░░░░░░░░  38.3% 23/60 | seed=7 BLOCKED_AB | step 19500/20000 | ETA текущего run 0м 02с | training
ЭТАП 1/2 — обучение ██████████░░░░░░░░░░░░░░░░░░  38.3% 23/60 | seed=7 BLOCKED_AB | step 20000/20000 | ETA текущего run 0м 00с | training
ЭТАП 1/2 — обучение ██████████░░░░░░░░░░░░░░░░░░  38.3% 23/60 | seed=7 BLOCKED_AB | step 20000/20000 | ETA текущего run 0м 00с | checkpoint
ЭТАП 1/2 — обучение ██████████░░░░░░░░░░░░░░░░░░  38.3% 23/60 | seed=7 BLOCKED_AB | step 20000/20000 | ETA текущего run 0м 00с | completed

--- запуск 24/60: seed=7, condition=BLOCKED_BA ---
ЭТАП 1/2 — обучение ██████████░░░░░░░░░░░░░░░░░░  38.3% 24/60 | seed=7 BLOCKED_BA | step 0/20000 | ETA текущего run 0м 00с | started
ЭТАП 1/2 — обучение ██████████░░░░░░░░░░░░░░░░░░  38.4% 24/60 | seed=7 BLOCKED_BA | step 500/20000 | ETA текущего run 1м 19с | training
ЭТАП 1/2 — обучение ██████████░░░░░░░░░░░░░░░░░░  38.4% 24/60 | seed=7 BLOCKED_BA | step 1000/20000 | ETA текущего run 1м 32с | training
ЭТАП 1/2 — обучение ██████████░░░░░░░░░░░░░░░░░░  38.5% 24/60 | seed=7 BLOCKED_BA | step 1500/20000 | ETA текущего run 1м 35с | training
ЭТАП 1/2 — обучение ██████████░░░░░░░░░░░░░░░░░░  38.5% 24/60 | seed=7 BLOCKED_BA | step 2000/20000 | ETA текущего run 1м 34с | training
ЭТАП 1/2 — обучение ██████████░░░░░░░░░░░░░░░░░░  38.5% 24/60 | seed=7 BLOCKED_BA | step 2500/20000 | ETA текущего run 1м 33с | training
ЭТАП 1/2 — обучение ██████████░░░░░░░░░░░░░░░░░░  38.6% 24/60 | seed=7 BLOCKED_BA | step 3000/20000 | ETA текущего run 1м 31с | training
ЭТАП 1/2 — обучение ██████████░░░░░░░░░░░░░░░░░░  38.6% 24/60 | seed=7 BLOCKED_BA | step 3500/20000 | ETA текущего run 1м 29с | training
ЭТАП 1/2 — обучение ██████████░░░░░░░░░░░░░░░░░░  38.7% 24/60 | seed=7 BLOCKED_BA | step 4000/20000 | ETA текущего run 1м 26с | training
ЭТАП 1/2 — обучение ██████████░░░░░░░░░░░░░░░░░░  38.7% 24/60 | seed=7 BLOCKED_BA | step 4000/20000 | ETA текущего run 1м 27с | checkpoint
ЭТАП 1/2 — обучение ██████████░░░░░░░░░░░░░░░░░░  38.7% 24/60 | seed=7 BLOCKED_BA | step 4500/20000 | ETA текущего run 1м 24с | training
ЭТАП 1/2 — обучение ██████████░░░░░░░░░░░░░░░░░░  38.8% 24/60 | seed=7 BLOCKED_BA | step 5000/20000 | ETA текущего run 1м 22с | training
ЭТАП 1/2 — обучение ██████████░░░░░░░░░░░░░░░░░░  38.8% 24/60 | seed=7 BLOCKED_BA | step 5500/20000 | ETA текущего run 1м 19с | training
ЭТАП 1/2 — обучение ██████████░░░░░░░░░░░░░░░░░░  38.8% 24/60 | seed=7 BLOCKED_BA | step 6000/20000 | ETA текущего run 1м 17с | training
ЭТАП 1/2 — обучение ██████████░░░░░░░░░░░░░░░░░░  38.9% 24/60 | seed=7 BLOCKED_BA | step 6500/20000 | ETA текущего run 1м 14с | training
ЭТАП 1/2 — обучение ██████████░░░░░░░░░░░░░░░░░░  38.9% 24/60 | seed=7 BLOCKED_BA | step 7000/20000 | ETA текущего run 1м 11с | training
ЭТАП 1/2 — обучение ██████████░░░░░░░░░░░░░░░░░░  39.0% 24/60 | seed=7 BLOCKED_BA | step 7500/20000 | ETA текущего run 1м 09с | training
ЭТАП 1/2 — обучение ██████████░░░░░░░░░░░░░░░░░░  39.0% 24/60 | seed=7 BLOCKED_BA | step 8000/20000 | ETA текущего run 1м 06с | training
ЭТАП 1/2 — обучение ██████████░░░░░░░░░░░░░░░░░░  39.0% 24/60 | seed=7 BLOCKED_BA | step 8500/20000 | ETA текущего run 1м 03с | training
ЭТАП 1/2 — обучение ██████████░░░░░░░░░░░░░░░░░░  39.1% 24/60 | seed=7 BLOCKED_BA | step 9000/20000 | ETA текущего run 1м 01с | training
ЭТАП 1/2 — обучение ██████████░░░░░░░░░░░░░░░░░░  39.1% 24/60 | seed=7 BLOCKED_BA | step 9500/20000 | ETA текущего run 0м 58с | training
ЭТАП 1/2 — обучение ██████████░░░░░░░░░░░░░░░░░░  39.2% 24/60 | seed=7 BLOCKED_BA | step 10000/20000 | ETA текущего run 0м 55с | training
ЭТАП 1/2 — обучение ██████████░░░░░░░░░░░░░░░░░░  39.2% 24/60 | seed=7 BLOCKED_BA | step 10000/20000 | ETA текущего run 0м 55с | checkpoint
ЭТАП 1/2 — обучение ██████████░░░░░░░░░░░░░░░░░░  39.2% 24/60 | seed=7 BLOCKED_BA | step 10500/20000 | ETA текущего run 0м 52с | training
ЭТАП 1/2 — обучение ██████████░░░░░░░░░░░░░░░░░░  39.2% 24/60 | seed=7 BLOCKED_BA | step 11000/20000 | ETA текущего run 0м 50с | training
ЭТАП 1/2 — обучение ███████████░░░░░░░░░░░░░░░░░  39.3% 24/60 | seed=7 BLOCKED_BA | step 11500/20000 | ETA текущего run 0м 47с | training
ЭТАП 1/2 — обучение ███████████░░░░░░░░░░░░░░░░░  39.3% 24/60 | seed=7 BLOCKED_BA | step 12000/20000 | ETA текущего run 0м 44с | training
ЭТАП 1/2 — обучение ███████████░░░░░░░░░░░░░░░░░  39.4% 24/60 | seed=7 BLOCKED_BA | step 12500/20000 | ETA текущего run 0м 41с | training
ЭТАП 1/2 — обучение ███████████░░░░░░░░░░░░░░░░░  39.4% 24/60 | seed=7 BLOCKED_BA | step 13000/20000 | ETA текущего run 0м 38с | training
ЭТАП 1/2 — обучение ███████████░░░░░░░░░░░░░░░░░  39.5% 24/60 | seed=7 BLOCKED_BA | step 13500/20000 | ETA текущего run 0м 36с | training
ЭТАП 1/2 — обучение ███████████░░░░░░░░░░░░░░░░░  39.5% 24/60 | seed=7 BLOCKED_BA | step 14000/20000 | ETA текущего run 0м 33с | training
ЭТАП 1/2 — обучение ███████████░░░░░░░░░░░░░░░░░  39.5% 24/60 | seed=7 BLOCKED_BA | step 14500/20000 | ETA текущего run 0м 30с | training
ЭТАП 1/2 — обучение ███████████░░░░░░░░░░░░░░░░░  39.6% 24/60 | seed=7 BLOCKED_BA | step 15000/20000 | ETA текущего run 0м 27с | training
ЭТАП 1/2 — обучение ███████████░░░░░░░░░░░░░░░░░  39.6% 24/60 | seed=7 BLOCKED_BA | step 15500/20000 | ETA текущего run 0м 25с | training
ЭТАП 1/2 — обучение ███████████░░░░░░░░░░░░░░░░░  39.7% 24/60 | seed=7 BLOCKED_BA | step 16000/20000 | ETA текущего run 0м 22с | training
ЭТАП 1/2 — обучение ███████████░░░░░░░░░░░░░░░░░  39.7% 24/60 | seed=7 BLOCKED_BA | step 16500/20000 | ETA текущего run 0м 19с | training
ЭТАП 1/2 — обучение ███████████░░░░░░░░░░░░░░░░░  39.8% 24/60 | seed=7 BLOCKED_BA | step 17000/20000 | ETA текущего run 0м 16с | training
ЭТАП 1/2 — обучение ███████████░░░░░░░░░░░░░░░░░  39.8% 24/60 | seed=7 BLOCKED_BA | step 17500/20000 | ETA текущего run 0м 13с | training
ЭТАП 1/2 — обучение ███████████░░░░░░░░░░░░░░░░░  39.8% 24/60 | seed=7 BLOCKED_BA | step 18000/20000 | ETA текущего run 0м 11с | training
ЭТАП 1/2 — обучение ███████████░░░░░░░░░░░░░░░░░  39.9% 24/60 | seed=7 BLOCKED_BA | step 18500/20000 | ETA текущего run 0м 08с | training
ЭТАП 1/2 — обучение ███████████░░░░░░░░░░░░░░░░░  39.9% 24/60 | seed=7 BLOCKED_BA | step 19000/20000 | ETA текущего run 0м 05с | training
ЭТАП 1/2 — обучение ███████████░░░░░░░░░░░░░░░░░  40.0% 24/60 | seed=7 BLOCKED_BA | step 19500/20000 | ETA текущего run 0м 02с | training
ЭТАП 1/2 — обучение ███████████░░░░░░░░░░░░░░░░░  40.0% 24/60 | seed=7 BLOCKED_BA | step 20000/20000 | ETA текущего run 0м 00с | training
ЭТАП 1/2 — обучение ███████████░░░░░░░░░░░░░░░░░  40.0% 24/60 | seed=7 BLOCKED_BA | step 20000/20000 | ETA текущего run 0м 00с | checkpoint
ЭТАП 1/2 — обучение ███████████░░░░░░░░░░░░░░░░░  40.0% 24/60 | seed=7 BLOCKED_BA | step 20000/20000 | ETA текущего run 0м 00с | completed

--- запуск 25/60: seed=8, condition=INTERLEAVED ---
ЭТАП 1/2 — обучение ███████████░░░░░░░░░░░░░░░░░  40.0% 25/60 | seed=8 INTERLEAVED | step 0/20000 | ETA текущего run 0м 00с | started
ЭТАП 1/2 — обучение ███████████░░░░░░░░░░░░░░░░░  40.0% 25/60 | seed=8 INTERLEAVED | step 500/20000 | ETA текущего run 1м 13с | training
ЭТАП 1/2 — обучение ███████████░░░░░░░░░░░░░░░░░  40.1% 25/60 | seed=8 INTERLEAVED | step 1000/20000 | ETA текущего run 1м 28с | training
ЭТАП 1/2 — обучение ███████████░░░░░░░░░░░░░░░░░  40.1% 25/60 | seed=8 INTERLEAVED | step 1500/20000 | ETA текущего run 1м 32с | training
ЭТАП 1/2 — обучение ███████████░░░░░░░░░░░░░░░░░  40.2% 25/60 | seed=8 INTERLEAVED | step 2000/20000 | ETA текущего run 1м 32с | training
ЭТАП 1/2 — обучение ███████████░░░░░░░░░░░░░░░░░  40.2% 25/60 | seed=8 INTERLEAVED | step 2500/20000 | ETA текущего run 1м 31с | training
ЭТАП 1/2 — обучение ███████████░░░░░░░░░░░░░░░░░  40.2% 25/60 | seed=8 INTERLEAVED | step 3000/20000 | ETA текущего run 1м 30с | training
ЭТАП 1/2 — обучение ███████████░░░░░░░░░░░░░░░░░  40.3% 25/60 | seed=8 INTERLEAVED | step 3500/20000 | ETA текущего run 1м 28с | training
ЭТАП 1/2 — обучение ███████████░░░░░░░░░░░░░░░░░  40.3% 25/60 | seed=8 INTERLEAVED | step 4000/20000 | ETA текущего run 1м 26с | training
ЭТАП 1/2 — обучение ███████████░░░░░░░░░░░░░░░░░  40.3% 25/60 | seed=8 INTERLEAVED | step 4000/20000 | ETA текущего run 1м 26с | checkpoint
ЭТАП 1/2 — обучение ███████████░░░░░░░░░░░░░░░░░  40.4% 25/60 | seed=8 INTERLEAVED | step 4500/20000 | ETA текущего run 1м 23с | training
ЭТАП 1/2 — обучение ███████████░░░░░░░░░░░░░░░░░  40.4% 25/60 | seed=8 INTERLEAVED | step 5000/20000 | ETA текущего run 1м 21с | training
ЭТАП 1/2 — обучение ███████████░░░░░░░░░░░░░░░░░  40.5% 25/60 | seed=8 INTERLEAVED | step 5500/20000 | ETA текущего run 1м 19с | training
ЭТАП 1/2 — обучение ███████████░░░░░░░░░░░░░░░░░  40.5% 25/60 | seed=8 INTERLEAVED | step 6000/20000 | ETA текущего run 1м 16с | training
ЭТАП 1/2 — обучение ███████████░░░░░░░░░░░░░░░░░  40.5% 25/60 | seed=8 INTERLEAVED | step 6500/20000 | ETA текущего run 1м 13с | training
ЭТАП 1/2 — обучение ███████████░░░░░░░░░░░░░░░░░  40.6% 25/60 | seed=8 INTERLEAVED | step 7000/20000 | ETA текущего run 1м 11с | training
ЭТАП 1/2 — обучение ███████████░░░░░░░░░░░░░░░░░  40.6% 25/60 | seed=8 INTERLEAVED | step 7500/20000 | ETA текущего run 1м 08с | training
ЭТАП 1/2 — обучение ███████████░░░░░░░░░░░░░░░░░  40.7% 25/60 | seed=8 INTERLEAVED | step 8000/20000 | ETA текущего run 1м 06с | training
ЭТАП 1/2 — обучение ███████████░░░░░░░░░░░░░░░░░  40.7% 25/60 | seed=8 INTERLEAVED | step 8500/20000 | ETA текущего run 1м 03с | training
ЭТАП 1/2 — обучение ███████████░░░░░░░░░░░░░░░░░  40.8% 25/60 | seed=8 INTERLEAVED | step 9000/20000 | ETA текущего run 1м 00с | training
ЭТАП 1/2 — обучение ███████████░░░░░░░░░░░░░░░░░  40.8% 25/60 | seed=8 INTERLEAVED | step 9500/20000 | ETA текущего run 0м 58с | training
ЭТАП 1/2 — обучение ███████████░░░░░░░░░░░░░░░░░  40.8% 25/60 | seed=8 INTERLEAVED | step 10000/20000 | ETA текущего run 0м 55с | training
ЭТАП 1/2 — обучение ███████████░░░░░░░░░░░░░░░░░  40.8% 25/60 | seed=8 INTERLEAVED | step 10000/20000 | ETA текущего run 0м 55с | checkpoint
ЭТАП 1/2 — обучение ███████████░░░░░░░░░░░░░░░░░  40.9% 25/60 | seed=8 INTERLEAVED | step 10500/20000 | ETA текущего run 0м 52с | training
ЭТАП 1/2 — обучение ███████████░░░░░░░░░░░░░░░░░  40.9% 25/60 | seed=8 INTERLEAVED | step 11000/20000 | ETA текущего run 0м 49с | training
ЭТАП 1/2 — обучение ███████████░░░░░░░░░░░░░░░░░  41.0% 25/60 | seed=8 INTERLEAVED | step 11500/20000 | ETA текущего run 0м 47с | training
ЭТАП 1/2 — обучение ███████████░░░░░░░░░░░░░░░░░  41.0% 25/60 | seed=8 INTERLEAVED | step 12000/20000 | ETA текущего run 0м 44с | training
ЭТАП 1/2 — обучение ███████████░░░░░░░░░░░░░░░░░  41.0% 25/60 | seed=8 INTERLEAVED | step 12500/20000 | ETA текущего run 0м 41с | training
ЭТАП 1/2 — обучение ███████████░░░░░░░░░░░░░░░░░  41.1% 25/60 | seed=8 INTERLEAVED | step 13000/20000 | ETA текущего run 0м 38с | training
ЭТАП 1/2 — обучение ███████████░░░░░░░░░░░░░░░░░  41.1% 25/60 | seed=8 INTERLEAVED | step 13500/20000 | ETA текущего run 0м 36с | training
ЭТАП 1/2 — обучение ███████████░░░░░░░░░░░░░░░░░  41.2% 25/60 | seed=8 INTERLEAVED | step 14000/20000 | ETA текущего run 0м 33с | training
ЭТАП 1/2 — обучение ███████████░░░░░░░░░░░░░░░░░  41.2% 25/60 | seed=8 INTERLEAVED | step 14500/20000 | ETA текущего run 0м 30с | training
ЭТАП 1/2 — обучение ███████████░░░░░░░░░░░░░░░░░  41.2% 25/60 | seed=8 INTERLEAVED | step 15000/20000 | ETA текущего run 0м 27с | training
ЭТАП 1/2 — обучение ███████████░░░░░░░░░░░░░░░░░  41.3% 25/60 | seed=8 INTERLEAVED | step 15500/20000 | ETA текущего run 0м 25с | training
ЭТАП 1/2 — обучение ███████████░░░░░░░░░░░░░░░░░  41.3% 25/60 | seed=8 INTERLEAVED | step 16000/20000 | ETA текущего run 0м 22с | training
ЭТАП 1/2 — обучение ███████████░░░░░░░░░░░░░░░░░  41.4% 25/60 | seed=8 INTERLEAVED | step 16500/20000 | ETA текущего run 0м 19с | training
ЭТАП 1/2 — обучение ███████████░░░░░░░░░░░░░░░░░  41.4% 25/60 | seed=8 INTERLEAVED | step 17000/20000 | ETA текущего run 0м 16с | training
ЭТАП 1/2 — обучение ███████████░░░░░░░░░░░░░░░░░  41.5% 25/60 | seed=8 INTERLEAVED | step 17500/20000 | ETA текущего run 0м 13с | training
ЭТАП 1/2 — обучение ███████████░░░░░░░░░░░░░░░░░  41.5% 25/60 | seed=8 INTERLEAVED | step 18000/20000 | ETA текущего run 0м 11с | training
ЭТАП 1/2 — обучение ███████████░░░░░░░░░░░░░░░░░  41.5% 25/60 | seed=8 INTERLEAVED | step 18500/20000 | ETA текущего run 0м 08с | training
ЭТАП 1/2 — обучение ███████████░░░░░░░░░░░░░░░░░  41.6% 25/60 | seed=8 INTERLEAVED | step 19000/20000 | ETA текущего run 0м 05с | training
ЭТАП 1/2 — обучение ███████████░░░░░░░░░░░░░░░░░  41.6% 25/60 | seed=8 INTERLEAVED | step 19500/20000 | ETA текущего run 0м 02с | training
ЭТАП 1/2 — обучение ███████████░░░░░░░░░░░░░░░░░  41.7% 25/60 | seed=8 INTERLEAVED | step 20000/20000 | ETA текущего run 0м 00с | training
ЭТАП 1/2 — обучение ███████████░░░░░░░░░░░░░░░░░  41.7% 25/60 | seed=8 INTERLEAVED | step 20000/20000 | ETA текущего run 0м 00с | checkpoint
ЭТАП 1/2 — обучение ███████████░░░░░░░░░░░░░░░░░  41.7% 25/60 | seed=8 INTERLEAVED | step 20000/20000 | ETA текущего run 0м 00с | completed

--- запуск 26/60: seed=8, condition=BLOCKED_AB ---
ЭТАП 1/2 — обучение ███████████░░░░░░░░░░░░░░░░░  41.7% 26/60 | seed=8 BLOCKED_AB | step 0/20000 | ETA текущего run 0м 00с | started
ЭТАП 1/2 — обучение ███████████░░░░░░░░░░░░░░░░░  41.7% 26/60 | seed=8 BLOCKED_AB | step 500/20000 | ETA текущего run 1м 18с | training
ЭТАП 1/2 — обучение ███████████░░░░░░░░░░░░░░░░░  41.8% 26/60 | seed=8 BLOCKED_AB | step 1000/20000 | ETA текущего run 1м 32с | training
ЭТАП 1/2 — обучение ███████████░░░░░░░░░░░░░░░░░  41.8% 26/60 | seed=8 BLOCKED_AB | step 1500/20000 | ETA текущего run 1м 35с | training
ЭТАП 1/2 — обучение ███████████░░░░░░░░░░░░░░░░░  41.8% 26/60 | seed=8 BLOCKED_AB | step 2000/20000 | ETA текущего run 1м 34с | training
ЭТАП 1/2 — обучение ███████████░░░░░░░░░░░░░░░░░  41.9% 26/60 | seed=8 BLOCKED_AB | step 2500/20000 | ETA текущего run 1м 33с | training
ЭТАП 1/2 — обучение ███████████░░░░░░░░░░░░░░░░░  41.9% 26/60 | seed=8 BLOCKED_AB | step 3000/20000 | ETA текущего run 1м 31с | training
ЭТАП 1/2 — обучение ███████████░░░░░░░░░░░░░░░░░  42.0% 26/60 | seed=8 BLOCKED_AB | step 3500/20000 | ETA текущего run 1м 29с | training
ЭТАП 1/2 — обучение ███████████░░░░░░░░░░░░░░░░░  42.0% 26/60 | seed=8 BLOCKED_AB | step 4000/20000 | ETA текущего run 1м 28с | training
ЭТАП 1/2 — обучение ███████████░░░░░░░░░░░░░░░░░  42.0% 26/60 | seed=8 BLOCKED_AB | step 4000/20000 | ETA текущего run 1м 28с | checkpoint
ЭТАП 1/2 — обучение ███████████░░░░░░░░░░░░░░░░░  42.0% 26/60 | seed=8 BLOCKED_AB | step 4500/20000 | ETA текущего run 1м 25с | training
ЭТАП 1/2 — обучение ███████████░░░░░░░░░░░░░░░░░  42.1% 26/60 | seed=8 BLOCKED_AB | step 5000/20000 | ETA текущего run 1м 23с | training
ЭТАП 1/2 — обучение ███████████░░░░░░░░░░░░░░░░░  42.1% 26/60 | seed=8 BLOCKED_AB | step 5500/20000 | ETA текущего run 1м 20с | training
ЭТАП 1/2 — обучение ███████████░░░░░░░░░░░░░░░░░  42.2% 26/60 | seed=8 BLOCKED_AB | step 6000/20000 | ETA текущего run 1м 18с | training
ЭТАП 1/2 — обучение ███████████░░░░░░░░░░░░░░░░░  42.2% 26/60 | seed=8 BLOCKED_AB | step 6500/20000 | ETA текущего run 1м 15с | training
ЭТАП 1/2 — обучение ███████████░░░░░░░░░░░░░░░░░  42.3% 26/60 | seed=8 BLOCKED_AB | step 7000/20000 | ETA текущего run 1м 12с | training
ЭТАП 1/2 — обучение ███████████░░░░░░░░░░░░░░░░░  42.3% 26/60 | seed=8 BLOCKED_AB | step 7500/20000 | ETA текущего run 1м 09с | training
ЭТАП 1/2 — обучение ███████████░░░░░░░░░░░░░░░░░  42.3% 26/60 | seed=8 BLOCKED_AB | step 8000/20000 | ETA текущего run 1м 07с | training
ЭТАП 1/2 — обучение ███████████░░░░░░░░░░░░░░░░░  42.4% 26/60 | seed=8 BLOCKED_AB | step 8500/20000 | ETA текущего run 1м 04с | training
ЭТАП 1/2 — обучение ███████████░░░░░░░░░░░░░░░░░  42.4% 26/60 | seed=8 BLOCKED_AB | step 9000/20000 | ETA текущего run 1м 01с | training
ЭТАП 1/2 — обучение ███████████░░░░░░░░░░░░░░░░░  42.5% 26/60 | seed=8 BLOCKED_AB | step 9500/20000 | ETA текущего run 0м 58с | training
ЭТАП 1/2 — обучение ███████████░░░░░░░░░░░░░░░░░  42.5% 26/60 | seed=8 BLOCKED_AB | step 10000/20000 | ETA текущего run 0м 56с | training
ЭТАП 1/2 — обучение ███████████░░░░░░░░░░░░░░░░░  42.5% 26/60 | seed=8 BLOCKED_AB | step 10000/20000 | ETA текущего run 0м 56с | checkpoint
ЭТАП 1/2 — обучение ███████████░░░░░░░░░░░░░░░░░  42.5% 26/60 | seed=8 BLOCKED_AB | step 10500/20000 | ETA текущего run 0м 53с | training
ЭТАП 1/2 — обучение ███████████░░░░░░░░░░░░░░░░░  42.6% 26/60 | seed=8 BLOCKED_AB | step 11000/20000 | ETA текущего run 0м 50с | training
ЭТАП 1/2 — обучение ███████████░░░░░░░░░░░░░░░░░  42.6% 26/60 | seed=8 BLOCKED_AB | step 11500/20000 | ETA текущего run 0м 47с | training
ЭТАП 1/2 — обучение ███████████░░░░░░░░░░░░░░░░░  42.7% 26/60 | seed=8 BLOCKED_AB | step 12000/20000 | ETA текущего run 0м 44с | training
ЭТАП 1/2 — обучение ███████████░░░░░░░░░░░░░░░░░  42.7% 26/60 | seed=8 BLOCKED_AB | step 12500/20000 | ETA текущего run 0м 42с | training
ЭТАП 1/2 — обучение ███████████░░░░░░░░░░░░░░░░░  42.8% 26/60 | seed=8 BLOCKED_AB | step 13000/20000 | ETA текущего run 0м 39с | training
ЭТАП 1/2 — обучение ███████████░░░░░░░░░░░░░░░░░  42.8% 26/60 | seed=8 BLOCKED_AB | step 13500/20000 | ETA текущего run 0м 36с | training
ЭТАП 1/2 — обучение ███████████░░░░░░░░░░░░░░░░░  42.8% 26/60 | seed=8 BLOCKED_AB | step 14000/20000 | ETA текущего run 0м 33с | training
ЭТАП 1/2 — обучение ████████████░░░░░░░░░░░░░░░░  42.9% 26/60 | seed=8 BLOCKED_AB | step 14500/20000 | ETA текущего run 0м 30с | training
ЭТАП 1/2 — обучение ████████████░░░░░░░░░░░░░░░░  42.9% 26/60 | seed=8 BLOCKED_AB | step 15000/20000 | ETA текущего run 0м 28с | training
ЭТАП 1/2 — обучение ████████████░░░░░░░░░░░░░░░░  43.0% 26/60 | seed=8 BLOCKED_AB | step 15500/20000 | ETA текущего run 0м 25с | training
ЭТАП 1/2 — обучение ████████████░░░░░░░░░░░░░░░░  43.0% 26/60 | seed=8 BLOCKED_AB | step 16000/20000 | ETA текущего run 0м 22с | training
ЭТАП 1/2 — обучение ████████████░░░░░░░░░░░░░░░░  43.0% 26/60 | seed=8 BLOCKED_AB | step 16500/20000 | ETA текущего run 0м 19с | training
ЭТАП 1/2 — обучение ████████████░░░░░░░░░░░░░░░░  43.1% 26/60 | seed=8 BLOCKED_AB | step 17000/20000 | ETA текущего run 0м 16с | training
ЭТАП 1/2 — обучение ████████████░░░░░░░░░░░░░░░░  43.1% 26/60 | seed=8 BLOCKED_AB | step 17500/20000 | ETA текущего run 0м 14с | training
ЭТАП 1/2 — обучение ████████████░░░░░░░░░░░░░░░░  43.2% 26/60 | seed=8 BLOCKED_AB | step 18000/20000 | ETA текущего run 0м 11с | training
ЭТАП 1/2 — обучение ████████████░░░░░░░░░░░░░░░░  43.2% 26/60 | seed=8 BLOCKED_AB | step 18500/20000 | ETA текущего run 0м 08с | training
ЭТАП 1/2 — обучение ████████████░░░░░░░░░░░░░░░░  43.2% 26/60 | seed=8 BLOCKED_AB | step 19000/20000 | ETA текущего run 0м 05с | training
ЭТАП 1/2 — обучение ████████████░░░░░░░░░░░░░░░░  43.3% 26/60 | seed=8 BLOCKED_AB | step 19500/20000 | ETA текущего run 0м 02с | training
ЭТАП 1/2 — обучение ████████████░░░░░░░░░░░░░░░░  43.3% 26/60 | seed=8 BLOCKED_AB | step 20000/20000 | ETA текущего run 0м 00с | training
ЭТАП 1/2 — обучение ████████████░░░░░░░░░░░░░░░░  43.3% 26/60 | seed=8 BLOCKED_AB | step 20000/20000 | ETA текущего run 0м 00с | checkpoint
ЭТАП 1/2 — обучение ████████████░░░░░░░░░░░░░░░░  43.3% 26/60 | seed=8 BLOCKED_AB | step 20000/20000 | ETA текущего run 0м 00с | completed

--- запуск 27/60: seed=8, condition=BLOCKED_BA ---
ЭТАП 1/2 — обучение ████████████░░░░░░░░░░░░░░░░  43.3% 27/60 | seed=8 BLOCKED_BA | step 0/20000 | ETA текущего run 0м 00с | started
ЭТАП 1/2 — обучение ████████████░░░░░░░░░░░░░░░░  43.4% 27/60 | seed=8 BLOCKED_BA | step 500/20000 | ETA текущего run 1м 14с | training
ЭТАП 1/2 — обучение ████████████░░░░░░░░░░░░░░░░  43.4% 27/60 | seed=8 BLOCKED_BA | step 1000/20000 | ETA текущего run 1м 29с | training
ЭТАП 1/2 — обучение ████████████░░░░░░░░░░░░░░░░  43.5% 27/60 | seed=8 BLOCKED_BA | step 1500/20000 | ETA текущего run 1м 32с | training
ЭТАП 1/2 — обучение ████████████░░░░░░░░░░░░░░░░  43.5% 27/60 | seed=8 BLOCKED_BA | step 2000/20000 | ETA текущего run 1м 33с | training
ЭТАП 1/2 — обучение ████████████░░░░░░░░░░░░░░░░  43.5% 27/60 | seed=8 BLOCKED_BA | step 2500/20000 | ETA текущего run 1м 32с | training
ЭТАП 1/2 — обучение ████████████░░░░░░░░░░░░░░░░  43.6% 27/60 | seed=8 BLOCKED_BA | step 3000/20000 | ETA текущего run 1м 32с | training
ЭТАП 1/2 — обучение ████████████░░░░░░░░░░░░░░░░  43.6% 27/60 | seed=8 BLOCKED_BA | step 3500/20000 | ETA текущего run 1м 29с | training
ЭТАП 1/2 — обучение ████████████░░░░░░░░░░░░░░░░  43.7% 27/60 | seed=8 BLOCKED_BA | step 4000/20000 | ETA текущего run 1м 26с | training
ЭТАП 1/2 — обучение ████████████░░░░░░░░░░░░░░░░  43.7% 27/60 | seed=8 BLOCKED_BA | step 4000/20000 | ETA текущего run 1м 26с | checkpoint
ЭТАП 1/2 — обучение ████████████░░░░░░░░░░░░░░░░  43.7% 27/60 | seed=8 BLOCKED_BA | step 4500/20000 | ETA текущего run 1м 21с | training
ЭТАП 1/2 — обучение ████████████░░░░░░░░░░░░░░░░  43.8% 27/60 | seed=8 BLOCKED_BA | step 5000/20000 | ETA текущего run 1м 17с | training
ЭТАП 1/2 — обучение ████████████░░░░░░░░░░░░░░░░  43.8% 27/60 | seed=8 BLOCKED_BA | step 5500/20000 | ETA текущего run 1м 15с | training
ЭТАП 1/2 — обучение ████████████░░░░░░░░░░░░░░░░  43.8% 27/60 | seed=8 BLOCKED_BA | step 6000/20000 | ETA текущего run 1м 12с | training
ЭТАП 1/2 — обучение ████████████░░░░░░░░░░░░░░░░  43.9% 27/60 | seed=8 BLOCKED_BA | step 6500/20000 | ETA текущего run 1м 10с | training
ЭТАП 1/2 — обучение ████████████░░░░░░░░░░░░░░░░  43.9% 27/60 | seed=8 BLOCKED_BA | step 7000/20000 | ETA текущего run 1м 08с | training
ЭТАП 1/2 — обучение ████████████░░░░░░░░░░░░░░░░  44.0% 27/60 | seed=8 BLOCKED_BA | step 7500/20000 | ETA текущего run 1м 06с | training
ЭТАП 1/2 — обучение ████████████░░░░░░░░░░░░░░░░  44.0% 27/60 | seed=8 BLOCKED_BA | step 8000/20000 | ETA текущего run 1м 03с | training
ЭТАП 1/2 — обучение ████████████░░░░░░░░░░░░░░░░  44.0% 27/60 | seed=8 BLOCKED_BA | step 8500/20000 | ETA текущего run 1м 01с | training
ЭТАП 1/2 — обучение ████████████░░░░░░░░░░░░░░░░  44.1% 27/60 | seed=8 BLOCKED_BA | step 9000/20000 | ETA текущего run 0м 58с | training
ЭТАП 1/2 — обучение ████████████░░░░░░░░░░░░░░░░  44.1% 27/60 | seed=8 BLOCKED_BA | step 9500/20000 | ETA текущего run 0м 55с | training
ЭТАП 1/2 — обучение ████████████░░░░░░░░░░░░░░░░  44.2% 27/60 | seed=8 BLOCKED_BA | step 10000/20000 | ETA текущего run 0м 53с | training
ЭТАП 1/2 — обучение ████████████░░░░░░░░░░░░░░░░  44.2% 27/60 | seed=8 BLOCKED_BA | step 10000/20000 | ETA текущего run 0м 53с | checkpoint
ЭТАП 1/2 — обучение ████████████░░░░░░░░░░░░░░░░  44.2% 27/60 | seed=8 BLOCKED_BA | step 10500/20000 | ETA текущего run 0м 50с | training
ЭТАП 1/2 — обучение ████████████░░░░░░░░░░░░░░░░  44.2% 27/60 | seed=8 BLOCKED_BA | step 11000/20000 | ETA текущего run 0м 47с | training
ЭТАП 1/2 — обучение ████████████░░░░░░░░░░░░░░░░  44.3% 27/60 | seed=8 BLOCKED_BA | step 11500/20000 | ETA текущего run 0м 45с | training
ЭТАП 1/2 — обучение ████████████░░░░░░░░░░░░░░░░  44.3% 27/60 | seed=8 BLOCKED_BA | step 12000/20000 | ETA текущего run 0м 42с | training
ЭТАП 1/2 — обучение ████████████░░░░░░░░░░░░░░░░  44.4% 27/60 | seed=8 BLOCKED_BA | step 12500/20000 | ETA текущего run 0м 40с | training
ЭТАП 1/2 — обучение ████████████░░░░░░░░░░░░░░░░  44.4% 27/60 | seed=8 BLOCKED_BA | step 13000/20000 | ETA текущего run 0м 37с | training
ЭТАП 1/2 — обучение ████████████░░░░░░░░░░░░░░░░  44.5% 27/60 | seed=8 BLOCKED_BA | step 13500/20000 | ETA текущего run 0м 34с | training
ЭТАП 1/2 — обучение ████████████░░░░░░░░░░░░░░░░  44.5% 27/60 | seed=8 BLOCKED_BA | step 14000/20000 | ETA текущего run 0м 32с | training
ЭТАП 1/2 — обучение ████████████░░░░░░░░░░░░░░░░  44.5% 27/60 | seed=8 BLOCKED_BA | step 14500/20000 | ETA текущего run 0м 29с | training
ЭТАП 1/2 — обучение ████████████░░░░░░░░░░░░░░░░  44.6% 27/60 | seed=8 BLOCKED_BA | step 15000/20000 | ETA текущего run 0м 26с | training
ЭТАП 1/2 — обучение ████████████░░░░░░░░░░░░░░░░  44.6% 27/60 | seed=8 BLOCKED_BA | step 15500/20000 | ETA текущего run 0м 24с | training
ЭТАП 1/2 — обучение ████████████░░░░░░░░░░░░░░░░  44.7% 27/60 | seed=8 BLOCKED_BA | step 16000/20000 | ETA текущего run 0м 21с | training
ЭТАП 1/2 — обучение ████████████░░░░░░░░░░░░░░░░  44.7% 27/60 | seed=8 BLOCKED_BA | step 16500/20000 | ETA текущего run 0м 18с | training
ЭТАП 1/2 — обучение ████████████░░░░░░░░░░░░░░░░  44.8% 27/60 | seed=8 BLOCKED_BA | step 17000/20000 | ETA текущего run 0м 16с | training
ЭТАП 1/2 — обучение ████████████░░░░░░░░░░░░░░░░  44.8% 27/60 | seed=8 BLOCKED_BA | step 17500/20000 | ETA текущего run 0м 13с | training
ЭТАП 1/2 — обучение ████████████░░░░░░░░░░░░░░░░  44.8% 27/60 | seed=8 BLOCKED_BA | step 18000/20000 | ETA текущего run 0м 10с | training
ЭТАП 1/2 — обучение ████████████░░░░░░░░░░░░░░░░  44.9% 27/60 | seed=8 BLOCKED_BA | step 18500/20000 | ETA текущего run 0м 08с | training
ЭТАП 1/2 — обучение ████████████░░░░░░░░░░░░░░░░  44.9% 27/60 | seed=8 BLOCKED_BA | step 19000/20000 | ETA текущего run 0м 05с | training
ЭТАП 1/2 — обучение ████████████░░░░░░░░░░░░░░░░  45.0% 27/60 | seed=8 BLOCKED_BA | step 19500/20000 | ETA текущего run 0м 02с | training
ЭТАП 1/2 — обучение ████████████░░░░░░░░░░░░░░░░  45.0% 27/60 | seed=8 BLOCKED_BA | step 20000/20000 | ETA текущего run 0м 00с | training
ЭТАП 1/2 — обучение ████████████░░░░░░░░░░░░░░░░  45.0% 27/60 | seed=8 BLOCKED_BA | step 20000/20000 | ETA текущего run 0м 00с | checkpoint
ЭТАП 1/2 — обучение ████████████░░░░░░░░░░░░░░░░  45.0% 27/60 | seed=8 BLOCKED_BA | step 20000/20000 | ETA текущего run 0м 00с | completed

--- запуск 28/60: seed=9, condition=INTERLEAVED ---
ЭТАП 1/2 — обучение ████████████░░░░░░░░░░░░░░░░  45.0% 28/60 | seed=9 INTERLEAVED | step 0/20000 | ETA текущего run 0м 00с | started
ЭТАП 1/2 — обучение ████████████░░░░░░░░░░░░░░░░  45.0% 28/60 | seed=9 INTERLEAVED | step 500/20000 | ETA текущего run 1м 40с | training
ЭТАП 1/2 — обучение ████████████░░░░░░░░░░░░░░░░  45.1% 28/60 | seed=9 INTERLEAVED | step 1000/20000 | ETA текущего run 1м 48с | training
ЭТАП 1/2 — обучение ████████████░░░░░░░░░░░░░░░░  45.1% 28/60 | seed=9 INTERLEAVED | step 1500/20000 | ETA текущего run 1м 49с | training
ЭТАП 1/2 — обучение ████████████░░░░░░░░░░░░░░░░  45.2% 28/60 | seed=9 INTERLEAVED | step 2000/20000 | ETA текущего run 1м 46с | training
ЭТАП 1/2 — обучение ████████████░░░░░░░░░░░░░░░░  45.2% 28/60 | seed=9 INTERLEAVED | step 2500/20000 | ETA текущего run 1м 43с | training
ЭТАП 1/2 — обучение ████████████░░░░░░░░░░░░░░░░  45.2% 28/60 | seed=9 INTERLEAVED | step 3000/20000 | ETA текущего run 1м 40с | training
ЭТАП 1/2 — обучение ████████████░░░░░░░░░░░░░░░░  45.3% 28/60 | seed=9 INTERLEAVED | step 3500/20000 | ETA текущего run 1м 37с | training
ЭТАП 1/2 — обучение ████████████░░░░░░░░░░░░░░░░  45.3% 28/60 | seed=9 INTERLEAVED | step 4000/20000 | ETA текущего run 1м 34с | training
ЭТАП 1/2 — обучение ████████████░░░░░░░░░░░░░░░░  45.3% 28/60 | seed=9 INTERLEAVED | step 4000/20000 | ETA текущего run 1м 34с | checkpoint
ЭТАП 1/2 — обучение ████████████░░░░░░░░░░░░░░░░  45.4% 28/60 | seed=9 INTERLEAVED | step 4500/20000 | ETA текущего run 1м 31с | training
ЭТАП 1/2 — обучение ████████████░░░░░░░░░░░░░░░░  45.4% 28/60 | seed=9 INTERLEAVED | step 5000/20000 | ETA текущего run 1м 29с | training
ЭТАП 1/2 — обучение ████████████░░░░░░░░░░░░░░░░  45.5% 28/60 | seed=9 INTERLEAVED | step 5500/20000 | ETA текущего run 1м 25с | training
ЭТАП 1/2 — обучение ████████████░░░░░░░░░░░░░░░░  45.5% 28/60 | seed=9 INTERLEAVED | step 6000/20000 | ETA текущего run 1м 22с | training
ЭТАП 1/2 — обучение ████████████░░░░░░░░░░░░░░░░  45.5% 28/60 | seed=9 INTERLEAVED | step 6500/20000 | ETA текущего run 1м 19с | training
ЭТАП 1/2 — обучение ████████████░░░░░░░░░░░░░░░░  45.6% 28/60 | seed=9 INTERLEAVED | step 7000/20000 | ETA текущего run 1м 16с | training
ЭТАП 1/2 — обучение ████████████░░░░░░░░░░░░░░░░  45.6% 28/60 | seed=9 INTERLEAVED | step 7500/20000 | ETA текущего run 1м 13с | training
ЭТАП 1/2 — обучение ████████████░░░░░░░░░░░░░░░░  45.7% 28/60 | seed=9 INTERLEAVED | step 8000/20000 | ETA текущего run 1м 09с | training
ЭТАП 1/2 — обучение ████████████░░░░░░░░░░░░░░░░  45.7% 28/60 | seed=9 INTERLEAVED | step 8500/20000 | ETA текущего run 1м 06с | training
ЭТАП 1/2 — обучение ████████████░░░░░░░░░░░░░░░░  45.7% 28/60 | seed=9 INTERLEAVED | step 9000/20000 | ETA текущего run 1м 03с | training
ЭТАП 1/2 — обучение ████████████░░░░░░░░░░░░░░░░  45.8% 28/60 | seed=9 INTERLEAVED | step 9500/20000 | ETA текущего run 1м 00с | training
ЭТАП 1/2 — обучение ████████████░░░░░░░░░░░░░░░░  45.8% 28/60 | seed=9 INTERLEAVED | step 10000/20000 | ETA текущего run 0м 57с | training
ЭТАП 1/2 — обучение ████████████░░░░░░░░░░░░░░░░  45.8% 28/60 | seed=9 INTERLEAVED | step 10000/20000 | ETA текущего run 0м 57с | checkpoint
ЭТАП 1/2 — обучение ████████████░░░░░░░░░░░░░░░░  45.9% 28/60 | seed=9 INTERLEAVED | step 10500/20000 | ETA текущего run 0м 54с | training
ЭТАП 1/2 — обучение ████████████░░░░░░░░░░░░░░░░  45.9% 28/60 | seed=9 INTERLEAVED | step 11000/20000 | ETA текущего run 0м 52с | training
ЭТАП 1/2 — обучение ████████████░░░░░░░░░░░░░░░░  46.0% 28/60 | seed=9 INTERLEAVED | step 11500/20000 | ETA текущего run 0м 49с | training
ЭТАП 1/2 — обучение ████████████░░░░░░░░░░░░░░░░  46.0% 28/60 | seed=9 INTERLEAVED | step 12000/20000 | ETA текущего run 0м 46с | training
ЭТАП 1/2 — обучение ████████████░░░░░░░░░░░░░░░░  46.0% 28/60 | seed=9 INTERLEAVED | step 12500/20000 | ETA текущего run 0м 43с | training
ЭТАП 1/2 — обучение ████████████░░░░░░░░░░░░░░░░  46.1% 28/60 | seed=9 INTERLEAVED | step 13000/20000 | ETA текущего run 0м 40с | training
ЭТАП 1/2 — обучение ████████████░░░░░░░░░░░░░░░░  46.1% 28/60 | seed=9 INTERLEAVED | step 13500/20000 | ETA текущего run 0м 37с | training
ЭТАП 1/2 — обучение ████████████░░░░░░░░░░░░░░░░  46.2% 28/60 | seed=9 INTERLEAVED | step 14000/20000 | ETA текущего run 0м 34с | training
ЭТАП 1/2 — обучение ████████████░░░░░░░░░░░░░░░░  46.2% 28/60 | seed=9 INTERLEAVED | step 14500/20000 | ETA текущего run 0м 31с | training
ЭТАП 1/2 — обучение ████████████░░░░░░░░░░░░░░░░  46.2% 28/60 | seed=9 INTERLEAVED | step 15000/20000 | ETA текущего run 0м 28с | training
ЭТАП 1/2 — обучение ████████████░░░░░░░░░░░░░░░░  46.3% 28/60 | seed=9 INTERLEAVED | step 15500/20000 | ETA текущего run 0м 25с | training
ЭТАП 1/2 — обучение ████████████░░░░░░░░░░░░░░░░  46.3% 28/60 | seed=9 INTERLEAVED | step 16000/20000 | ETA текущего run 0м 22с | training
ЭТАП 1/2 — обучение ████████████░░░░░░░░░░░░░░░░  46.4% 28/60 | seed=9 INTERLEAVED | step 16500/20000 | ETA текущего run 0м 20с | training
ЭТАП 1/2 — обучение ████████████░░░░░░░░░░░░░░░░  46.4% 28/60 | seed=9 INTERLEAVED | step 17000/20000 | ETA текущего run 0м 17с | training
ЭТАП 1/2 — обучение █████████████░░░░░░░░░░░░░░░  46.5% 28/60 | seed=9 INTERLEAVED | step 17500/20000 | ETA текущего run 0м 14с | training
ЭТАП 1/2 — обучение █████████████░░░░░░░░░░░░░░░  46.5% 28/60 | seed=9 INTERLEAVED | step 18000/20000 | ETA текущего run 0м 11с | training
ЭТАП 1/2 — обучение █████████████░░░░░░░░░░░░░░░  46.5% 28/60 | seed=9 INTERLEAVED | step 18500/20000 | ETA текущего run 0м 08с | training
ЭТАП 1/2 — обучение █████████████░░░░░░░░░░░░░░░  46.6% 28/60 | seed=9 INTERLEAVED | step 19000/20000 | ETA текущего run 0м 05с | training
ЭТАП 1/2 — обучение █████████████░░░░░░░░░░░░░░░  46.6% 28/60 | seed=9 INTERLEAVED | step 19500/20000 | ETA текущего run 0м 02с | training
ЭТАП 1/2 — обучение █████████████░░░░░░░░░░░░░░░  46.7% 28/60 | seed=9 INTERLEAVED | step 20000/20000 | ETA текущего run 0м 00с | training
ЭТАП 1/2 — обучение █████████████░░░░░░░░░░░░░░░  46.7% 28/60 | seed=9 INTERLEAVED | step 20000/20000 | ETA текущего run 0м 00с | checkpoint
ЭТАП 1/2 — обучение █████████████░░░░░░░░░░░░░░░  46.7% 28/60 | seed=9 INTERLEAVED | step 20000/20000 | ETA текущего run 0м 00с | completed

--- запуск 29/60: seed=9, condition=BLOCKED_AB ---
ЭТАП 1/2 — обучение █████████████░░░░░░░░░░░░░░░  46.7% 29/60 | seed=9 BLOCKED_AB | step 0/20000 | ETA текущего run 0м 00с | started
ЭТАП 1/2 — обучение █████████████░░░░░░░░░░░░░░░  46.7% 29/60 | seed=9 BLOCKED_AB | step 500/20000 | ETA текущего run 1м 54с | training
ЭТАП 1/2 — обучение █████████████░░░░░░░░░░░░░░░  46.8% 29/60 | seed=9 BLOCKED_AB | step 1000/20000 | ETA текущего run 1м 47с | training
ЭТАП 1/2 — обучение █████████████░░░░░░░░░░░░░░░  46.8% 29/60 | seed=9 BLOCKED_AB | step 1500/20000 | ETA текущего run 1м 43с | training
ЭТАП 1/2 — обучение █████████████░░░░░░░░░░░░░░░  46.8% 29/60 | seed=9 BLOCKED_AB | step 2000/20000 | ETA текущего run 1м 40с | training
ЭТАП 1/2 — обучение █████████████░░░░░░░░░░░░░░░  46.9% 29/60 | seed=9 BLOCKED_AB | step 2500/20000 | ETA текущего run 1м 37с | training
ЭТАП 1/2 — обучение █████████████░░░░░░░░░░░░░░░  46.9% 29/60 | seed=9 BLOCKED_AB | step 3000/20000 | ETA текущего run 1м 39с | training
ЭТАП 1/2 — обучение █████████████░░░░░░░░░░░░░░░  47.0% 29/60 | seed=9 BLOCKED_AB | step 3500/20000 | ETA текущего run 1м 40с | training
ЭТАП 1/2 — обучение █████████████░░░░░░░░░░░░░░░  47.0% 29/60 | seed=9 BLOCKED_AB | step 4000/20000 | ETA текущего run 1м 36с | training
ЭТАП 1/2 — обучение █████████████░░░░░░░░░░░░░░░  47.0% 29/60 | seed=9 BLOCKED_AB | step 4000/20000 | ETA текущего run 1м 36с | checkpoint
ЭТАП 1/2 — обучение █████████████░░░░░░░░░░░░░░░  47.0% 29/60 | seed=9 BLOCKED_AB | step 4500/20000 | ETA текущего run 1м 32с | training
ЭТАП 1/2 — обучение █████████████░░░░░░░░░░░░░░░  47.1% 29/60 | seed=9 BLOCKED_AB | step 5000/20000 | ETA текущего run 1м 29с | training
ЭТАП 1/2 — обучение █████████████░░░░░░░░░░░░░░░  47.1% 29/60 | seed=9 BLOCKED_AB | step 5500/20000 | ETA текущего run 1м 25с | training
ЭТАП 1/2 — обучение █████████████░░░░░░░░░░░░░░░  47.2% 29/60 | seed=9 BLOCKED_AB | step 6000/20000 | ETA текущего run 1м 22с | training
ЭТАП 1/2 — обучение █████████████░░░░░░░░░░░░░░░  47.2% 29/60 | seed=9 BLOCKED_AB | step 6500/20000 | ETA текущего run 1м 19с | training
ЭТАП 1/2 — обучение █████████████░░░░░░░░░░░░░░░  47.2% 29/60 | seed=9 BLOCKED_AB | step 7000/20000 | ETA текущего run 1м 16с | training
ЭТАП 1/2 — обучение █████████████░░░░░░░░░░░░░░░  47.3% 29/60 | seed=9 BLOCKED_AB | step 7500/20000 | ETA текущего run 1м 12с | training
ЭТАП 1/2 — обучение █████████████░░░░░░░░░░░░░░░  47.3% 29/60 | seed=9 BLOCKED_AB | step 8000/20000 | ETA текущего run 25м 54с | training
ЭТАП 1/2 — обучение █████████████░░░░░░░░░░░░░░░  47.4% 29/60 | seed=9 BLOCKED_AB | step 8500/20000 | ETA текущего run 23м 25с | training
ЭТАП 1/2 — обучение █████████████░░░░░░░░░░░░░░░  47.4% 29/60 | seed=9 BLOCKED_AB | step 9000/20000 | ETA текущего run 21м 12с | training
ЭТАП 1/2 — обучение █████████████░░░░░░░░░░░░░░░  47.5% 29/60 | seed=9 BLOCKED_AB | step 9500/20000 | ETA текущего run 19м 14с | training
ЭТАП 1/2 — обучение █████████████░░░░░░░░░░░░░░░  47.5% 29/60 | seed=9 BLOCKED_AB | step 10000/20000 | ETA текущего run 17м 26с | training
ЭТАП 1/2 — обучение █████████████░░░░░░░░░░░░░░░  47.5% 29/60 | seed=9 BLOCKED_AB | step 10000/20000 | ETA текущего run 17м 26с | checkpoint
ЭТАП 1/2 — обучение █████████████░░░░░░░░░░░░░░░  47.5% 29/60 | seed=9 BLOCKED_AB | step 10500/20000 | ETA текущего run 15м 49с | training
ЭТАП 1/2 — обучение █████████████░░░░░░░░░░░░░░░  47.6% 29/60 | seed=9 BLOCKED_AB | step 11000/20000 | ETA текущего run 14м 21с | training
ЭТАП 1/2 — обучение █████████████░░░░░░░░░░░░░░░  47.6% 29/60 | seed=9 BLOCKED_AB | step 11500/20000 | ETA текущего run 12м 59с | training
ЭТАП 1/2 — обучение █████████████░░░░░░░░░░░░░░░  47.7% 29/60 | seed=9 BLOCKED_AB | step 12000/20000 | ETA текущего run 11м 45с | training
ЭТАП 1/2 — обучение █████████████░░░░░░░░░░░░░░░  47.7% 29/60 | seed=9 BLOCKED_AB | step 12500/20000 | ETA текущего run 10м 36с | training
ЭТАП 1/2 — обучение █████████████░░░░░░░░░░░░░░░  47.8% 29/60 | seed=9 BLOCKED_AB | step 13000/20000 | ETA текущего run 16м 16с | training
ЭТАП 1/2 — обучение █████████████░░░░░░░░░░░░░░░  47.8% 29/60 | seed=9 BLOCKED_AB | step 13500/20000 | ETA текущего run 14м 34с | training
ЭТАП 1/2 — обучение █████████████░░░░░░░░░░░░░░░  47.8% 29/60 | seed=9 BLOCKED_AB | step 14000/20000 | ETA текущего run 12м 59с | training
ЭТАП 1/2 — обучение █████████████░░░░░░░░░░░░░░░  47.9% 29/60 | seed=9 BLOCKED_AB | step 14500/20000 | ETA текущего run 11м 31с | training
ЭТАП 1/2 — обучение █████████████░░░░░░░░░░░░░░░  47.9% 29/60 | seed=9 BLOCKED_AB | step 15000/20000 | ETA текущего run 10м 08с | training
ЭТАП 1/2 — обучение █████████████░░░░░░░░░░░░░░░  48.0% 29/60 | seed=9 BLOCKED_AB | step 15500/20000 | ETA текущего run 8м 50с | training
ЭТАП 1/2 — обучение █████████████░░░░░░░░░░░░░░░  48.0% 29/60 | seed=9 BLOCKED_AB | step 16000/20000 | ETA текущего run 7м 37с | training
ЭТАП 1/2 — обучение █████████████░░░░░░░░░░░░░░░  48.0% 29/60 | seed=9 BLOCKED_AB | step 16500/20000 | ETA текущего run 6м 28с | training
ЭТАП 1/2 — обучение █████████████░░░░░░░░░░░░░░░  48.1% 29/60 | seed=9 BLOCKED_AB | step 17000/20000 | ETA текущего run 5м 24с | training
ЭТАП 1/2 — обучение █████████████░░░░░░░░░░░░░░░  48.1% 29/60 | seed=9 BLOCKED_AB | step 17500/20000 | ETA текущего run 4м 22с | training
ЭТАП 1/2 — обучение █████████████░░░░░░░░░░░░░░░  48.2% 29/60 | seed=9 BLOCKED_AB | step 18000/20000 | ETA текущего run 3м 24с | training
ЭТАП 1/2 — обучение █████████████░░░░░░░░░░░░░░░  48.2% 29/60 | seed=9 BLOCKED_AB | step 18500/20000 | ETA текущего run 2м 29с | training
ЭТАП 1/2 — обучение █████████████░░░░░░░░░░░░░░░  48.2% 29/60 | seed=9 BLOCKED_AB | step 19000/20000 | ETA текущего run 1м 37с | training
ЭТАП 1/2 — обучение █████████████░░░░░░░░░░░░░░░  48.3% 29/60 | seed=9 BLOCKED_AB | step 19500/20000 | ETA текущего run 0м 47с | training
ЭТАП 1/2 — обучение █████████████░░░░░░░░░░░░░░░  48.3% 29/60 | seed=9 BLOCKED_AB | step 20000/20000 | ETA текущего run 0м 00с | training
ЭТАП 1/2 — обучение █████████████░░░░░░░░░░░░░░░  48.3% 29/60 | seed=9 BLOCKED_AB | step 20000/20000 | ETA текущего run 0м 00с | checkpoint
ЭТАП 1/2 — обучение █████████████░░░░░░░░░░░░░░░  48.3% 29/60 | seed=9 BLOCKED_AB | step 20000/20000 | ETA текущего run 0м 00с | completed

--- запуск 30/60: seed=9, condition=BLOCKED_BA ---
ЭТАП 1/2 — обучение █████████████░░░░░░░░░░░░░░░  48.3% 30/60 | seed=9 BLOCKED_BA | step 0/20000 | ETA текущего run 0м 00с | started
ЭТАП 1/2 — обучение █████████████░░░░░░░░░░░░░░░  48.4% 30/60 | seed=9 BLOCKED_BA | step 500/20000 | ETA текущего run 1м 19с | training
ЭТАП 1/2 — обучение █████████████░░░░░░░░░░░░░░░  48.4% 30/60 | seed=9 BLOCKED_BA | step 1000/20000 | ETA текущего run 1м 32с | training
ЭТАП 1/2 — обучение █████████████░░░░░░░░░░░░░░░  48.5% 30/60 | seed=9 BLOCKED_BA | step 1500/20000 | ETA текущего run 1м 35с | training
ЭТАП 1/2 — обучение █████████████░░░░░░░░░░░░░░░  48.5% 30/60 | seed=9 BLOCKED_BA | step 2000/20000 | ETA текущего run 1м 34с | training
ЭТАП 1/2 — обучение █████████████░░░░░░░░░░░░░░░  48.5% 30/60 | seed=9 BLOCKED_BA | step 2500/20000 | ETA текущего run 1м 33с | training
ЭТАП 1/2 — обучение █████████████░░░░░░░░░░░░░░░  48.6% 30/60 | seed=9 BLOCKED_BA | step 3000/20000 | ETA текущего run 1м 31с | training
ЭТАП 1/2 — обучение █████████████░░░░░░░░░░░░░░░  48.6% 30/60 | seed=9 BLOCKED_BA | step 3500/20000 | ETA текущего run 1м 29с | training
ЭТАП 1/2 — обучение █████████████░░░░░░░░░░░░░░░  48.7% 30/60 | seed=9 BLOCKED_BA | step 4000/20000 | ETA текущего run 1м 27с | training
ЭТАП 1/2 — обучение █████████████░░░░░░░░░░░░░░░  48.7% 30/60 | seed=9 BLOCKED_BA | step 4000/20000 | ETA текущего run 1м 27с | checkpoint
ЭТАП 1/2 — обучение █████████████░░░░░░░░░░░░░░░  48.7% 30/60 | seed=9 BLOCKED_BA | step 4500/20000 | ETA текущего run 1м 25с | training
ЭТАП 1/2 — обучение █████████████░░░░░░░░░░░░░░░  48.8% 30/60 | seed=9 BLOCKED_BA | step 5000/20000 | ETA текущего run 1м 23с | training
ЭТАП 1/2 — обучение █████████████░░░░░░░░░░░░░░░  48.8% 30/60 | seed=9 BLOCKED_BA | step 5500/20000 | ETA текущего run 1м 21с | training
ЭТАП 1/2 — обучение █████████████░░░░░░░░░░░░░░░  48.8% 30/60 | seed=9 BLOCKED_BA | step 6000/20000 | ETA текущего run 1м 18с | training
ЭТАП 1/2 — обучение █████████████░░░░░░░░░░░░░░░  48.9% 30/60 | seed=9 BLOCKED_BA | step 6500/20000 | ETA текущего run 1м 16с | training
ЭТАП 1/2 — обучение █████████████░░░░░░░░░░░░░░░  48.9% 30/60 | seed=9 BLOCKED_BA | step 7000/20000 | ETA текущего run 1м 13с | training
ЭТАП 1/2 — обучение █████████████░░░░░░░░░░░░░░░  49.0% 30/60 | seed=9 BLOCKED_BA | step 7500/20000 | ETA текущего run 1м 10с | training
ЭТАП 1/2 — обучение █████████████░░░░░░░░░░░░░░░  49.0% 30/60 | seed=9 BLOCKED_BA | step 8000/20000 | ETA текущего run 1м 08с | training
ЭТАП 1/2 — обучение █████████████░░░░░░░░░░░░░░░  49.0% 30/60 | seed=9 BLOCKED_BA | step 8500/20000 | ETA текущего run 1м 05с | training
ЭТАП 1/2 — обучение █████████████░░░░░░░░░░░░░░░  49.1% 30/60 | seed=9 BLOCKED_BA | step 9000/20000 | ETA текущего run 1м 03с | training
ЭТАП 1/2 — обучение █████████████░░░░░░░░░░░░░░░  49.1% 30/60 | seed=9 BLOCKED_BA | step 9500/20000 | ETA текущего run 1м 00с | training
ЭТАП 1/2 — обучение █████████████░░░░░░░░░░░░░░░  49.2% 30/60 | seed=9 BLOCKED_BA | step 10000/20000 | ETA текущего run 0м 57с | training
ЭТАП 1/2 — обучение █████████████░░░░░░░░░░░░░░░  49.2% 30/60 | seed=9 BLOCKED_BA | step 10000/20000 | ETA текущего run 0м 57с | checkpoint
ЭТАП 1/2 — обучение █████████████░░░░░░░░░░░░░░░  49.2% 30/60 | seed=9 BLOCKED_BA | step 10500/20000 | ETA текущего run 0м 55с | training
ЭТАП 1/2 — обучение █████████████░░░░░░░░░░░░░░░  49.2% 30/60 | seed=9 BLOCKED_BA | step 11000/20000 | ETA текущего run 0м 52с | training
ЭТАП 1/2 — обучение █████████████░░░░░░░░░░░░░░░  49.3% 30/60 | seed=9 BLOCKED_BA | step 11500/20000 | ETA текущего run 0м 49с | training
ЭТАП 1/2 — обучение █████████████░░░░░░░░░░░░░░░  49.3% 30/60 | seed=9 BLOCKED_BA | step 12000/20000 | ETA текущего run 0м 46с | training
ЭТАП 1/2 — обучение █████████████░░░░░░░░░░░░░░░  49.4% 30/60 | seed=9 BLOCKED_BA | step 12500/20000 | ETA текущего run 0м 43с | training
ЭТАП 1/2 — обучение █████████████░░░░░░░░░░░░░░░  49.4% 30/60 | seed=9 BLOCKED_BA | step 13000/20000 | ETA текущего run 0м 40с | training
ЭТАП 1/2 — обучение █████████████░░░░░░░░░░░░░░░  49.5% 30/60 | seed=9 BLOCKED_BA | step 13500/20000 | ETA текущего run 0м 37с | training
ЭТАП 1/2 — обучение █████████████░░░░░░░░░░░░░░░  49.5% 30/60 | seed=9 BLOCKED_BA | step 14000/20000 | ETA текущего run 0м 34с | training
ЭТАП 1/2 — обучение █████████████░░░░░░░░░░░░░░░  49.5% 30/60 | seed=9 BLOCKED_BA | step 14500/20000 | ETA текущего run 0м 31с | training
ЭТАП 1/2 — обучение █████████████░░░░░░░░░░░░░░░  49.6% 30/60 | seed=9 BLOCKED_BA | step 15000/20000 | ETA текущего run 0м 29с | training
ЭТАП 1/2 — обучение █████████████░░░░░░░░░░░░░░░  49.6% 30/60 | seed=9 BLOCKED_BA | step 15500/20000 | ETA текущего run 0м 26с | training
ЭТАП 1/2 — обучение █████████████░░░░░░░░░░░░░░░  49.7% 30/60 | seed=9 BLOCKED_BA | step 16000/20000 | ETA текущего run 0м 23с | training
ЭТАП 1/2 — обучение █████████████░░░░░░░░░░░░░░░  49.7% 30/60 | seed=9 BLOCKED_BA | step 16500/20000 | ETA текущего run 0м 20с | training
ЭТАП 1/2 — обучение █████████████░░░░░░░░░░░░░░░  49.8% 30/60 | seed=9 BLOCKED_BA | step 17000/20000 | ETA текущего run 0м 17с | training
ЭТАП 1/2 — обучение █████████████░░░░░░░░░░░░░░░  49.8% 30/60 | seed=9 BLOCKED_BA | step 17500/20000 | ETA текущего run 0м 14с | training
ЭТАП 1/2 — обучение █████████████░░░░░░░░░░░░░░░  49.8% 30/60 | seed=9 BLOCKED_BA | step 18000/20000 | ETA текущего run 0м 11с | training
ЭТАП 1/2 — обучение █████████████░░░░░░░░░░░░░░░  49.9% 30/60 | seed=9 BLOCKED_BA | step 18500/20000 | ETA текущего run 0м 08с | training
ЭТАП 1/2 — обучение █████████████░░░░░░░░░░░░░░░  49.9% 30/60 | seed=9 BLOCKED_BA | step 19000/20000 | ETA текущего run 0м 05с | training
ЭТАП 1/2 — обучение █████████████░░░░░░░░░░░░░░░  50.0% 30/60 | seed=9 BLOCKED_BA | step 19500/20000 | ETA текущего run 0м 02с | training
ЭТАП 1/2 — обучение ██████████████░░░░░░░░░░░░░░  50.0% 30/60 | seed=9 BLOCKED_BA | step 20000/20000 | ETA текущего run 0м 00с | training
ЭТАП 1/2 — обучение ██████████████░░░░░░░░░░░░░░  50.0% 30/60 | seed=9 BLOCKED_BA | step 20000/20000 | ETA текущего run 0м 00с | checkpoint
ЭТАП 1/2 — обучение ██████████████░░░░░░░░░░░░░░  50.0% 30/60 | seed=9 BLOCKED_BA | step 20000/20000 | ETA текущего run 0м 00с | completed

--- запуск 31/60: seed=10, condition=INTERLEAVED ---
ЭТАП 1/2 — обучение ██████████████░░░░░░░░░░░░░░  50.0% 31/60 | seed=10 INTERLEAVED | step 0/20000 | ETA текущего run 0м 00с | started
ЭТАП 1/2 — обучение ██████████████░░░░░░░░░░░░░░  50.0% 31/60 | seed=10 INTERLEAVED | step 500/20000 | ETA текущего run 1м 32с | training
ЭТАП 1/2 — обучение ██████████████░░░░░░░░░░░░░░  50.1% 31/60 | seed=10 INTERLEAVED | step 1000/20000 | ETA текущего run 1м 30с | training
ЭТАП 1/2 — обучение ██████████████░░░░░░░░░░░░░░  50.1% 31/60 | seed=10 INTERLEAVED | step 1500/20000 | ETA текущего run 1м 29с | training
ЭТАП 1/2 — обучение ██████████████░░░░░░░░░░░░░░  50.2% 31/60 | seed=10 INTERLEAVED | step 2000/20000 | ETA текущего run 1м 26с | training
ЭТАП 1/2 — обучение ██████████████░░░░░░░░░░░░░░  50.2% 31/60 | seed=10 INTERLEAVED | step 2500/20000 | ETA текущего run 1м 25с | training
ЭТАП 1/2 — обучение ██████████████░░░░░░░░░░░░░░  50.2% 31/60 | seed=10 INTERLEAVED | step 3000/20000 | ETA текущего run 1м 22с | training
ЭТАП 1/2 — обучение ██████████████░░░░░░░░░░░░░░  50.3% 31/60 | seed=10 INTERLEAVED | step 3500/20000 | ETA текущего run 1м 22с | training
ЭТАП 1/2 — обучение ██████████████░░░░░░░░░░░░░░  50.3% 31/60 | seed=10 INTERLEAVED | step 4000/20000 | ETA текущего run 1м 21с | training
ЭТАП 1/2 — обучение ██████████████░░░░░░░░░░░░░░  50.3% 31/60 | seed=10 INTERLEAVED | step 4000/20000 | ETA текущего run 1м 21с | checkpoint
ЭТАП 1/2 — обучение ██████████████░░░░░░░░░░░░░░  50.4% 31/60 | seed=10 INTERLEAVED | step 4500/20000 | ETA текущего run 1м 19с | training
ЭТАП 1/2 — обучение ██████████████░░░░░░░░░░░░░░  50.4% 31/60 | seed=10 INTERLEAVED | step 5000/20000 | ETA текущего run 1м 16с | training
ЭТАП 1/2 — обучение ██████████████░░░░░░░░░░░░░░  50.5% 31/60 | seed=10 INTERLEAVED | step 5500/20000 | ETA текущего run 1м 14с | training
ЭТАП 1/2 — обучение ██████████████░░░░░░░░░░░░░░  50.5% 31/60 | seed=10 INTERLEAVED | step 6000/20000 | ETA текущего run 1м 13с | training
ЭТАП 1/2 — обучение ██████████████░░░░░░░░░░░░░░  50.5% 31/60 | seed=10 INTERLEAVED | step 6500/20000 | ETA текущего run 1м 10с | training
ЭТАП 1/2 — обучение ██████████████░░░░░░░░░░░░░░  50.6% 31/60 | seed=10 INTERLEAVED | step 7000/20000 | ETA текущего run 1м 08с | training
ЭТАП 1/2 — обучение ██████████████░░░░░░░░░░░░░░  50.6% 31/60 | seed=10 INTERLEAVED | step 7500/20000 | ETA текущего run 1м 05с | training
ЭТАП 1/2 — обучение ██████████████░░░░░░░░░░░░░░  50.7% 31/60 | seed=10 INTERLEAVED | step 8000/20000 | ETA текущего run 1м 03с | training
ЭТАП 1/2 — обучение ██████████████░░░░░░░░░░░░░░  50.7% 31/60 | seed=10 INTERLEAVED | step 8500/20000 | ETA текущего run 1м 01с | training
ЭТАП 1/2 — обучение ██████████████░░░░░░░░░░░░░░  50.7% 31/60 | seed=10 INTERLEAVED | step 9000/20000 | ETA текущего run 0м 58с | training
ЭТАП 1/2 — обучение ██████████████░░░░░░░░░░░░░░  50.8% 31/60 | seed=10 INTERLEAVED | step 9500/20000 | ETA текущего run 0м 56с | training
ЭТАП 1/2 — обучение ██████████████░░░░░░░░░░░░░░  50.8% 31/60 | seed=10 INTERLEAVED | step 10000/20000 | ETA текущего run 0м 53с | training
ЭТАП 1/2 — обучение ██████████████░░░░░░░░░░░░░░  50.8% 31/60 | seed=10 INTERLEAVED | step 10000/20000 | ETA текущего run 0м 53с | checkpoint
ЭТАП 1/2 — обучение ██████████████░░░░░░░░░░░░░░  50.9% 31/60 | seed=10 INTERLEAVED | step 10500/20000 | ETA текущего run 0м 51с | training
ЭТАП 1/2 — обучение ██████████████░░░░░░░░░░░░░░  50.9% 31/60 | seed=10 INTERLEAVED | step 11000/20000 | ETA текущего run 0м 48с | training
ЭТАП 1/2 — обучение ██████████████░░░░░░░░░░░░░░  51.0% 31/60 | seed=10 INTERLEAVED | step 11500/20000 | ETA текущего run 0м 45с | training
ЭТАП 1/2 — обучение ██████████████░░░░░░░░░░░░░░  51.0% 31/60 | seed=10 INTERLEAVED | step 12000/20000 | ETA текущего run 0м 43с | training
ЭТАП 1/2 — обучение ██████████████░░░░░░░░░░░░░░  51.0% 31/60 | seed=10 INTERLEAVED | step 12500/20000 | ETA текущего run 0м 40с | training
ЭТАП 1/2 — обучение ██████████████░░░░░░░░░░░░░░  51.1% 31/60 | seed=10 INTERLEAVED | step 13000/20000 | ETA текущего run 0м 37с | training
ЭТАП 1/2 — обучение ██████████████░░░░░░░░░░░░░░  51.1% 31/60 | seed=10 INTERLEAVED | step 13500/20000 | ETA текущего run 0м 34с | training
ЭТАП 1/2 — обучение ██████████████░░░░░░░░░░░░░░  51.2% 31/60 | seed=10 INTERLEAVED | step 14000/20000 | ETA текущего run 0м 32с | training
ЭТАП 1/2 — обучение ██████████████░░░░░░░░░░░░░░  51.2% 31/60 | seed=10 INTERLEAVED | step 14500/20000 | ETA текущего run 0м 29с | training
ЭТАП 1/2 — обучение ██████████████░░░░░░░░░░░░░░  51.2% 31/60 | seed=10 INTERLEAVED | step 15000/20000 | ETA текущего run 0м 26с | training
ЭТАП 1/2 — обучение ██████████████░░░░░░░░░░░░░░  51.3% 31/60 | seed=10 INTERLEAVED | step 15500/20000 | ETA текущего run 0м 24с | training
ЭТАП 1/2 — обучение ██████████████░░░░░░░░░░░░░░  51.3% 31/60 | seed=10 INTERLEAVED | step 16000/20000 | ETA текущего run 0м 21с | training
ЭТАП 1/2 — обучение ██████████████░░░░░░░░░░░░░░  51.4% 31/60 | seed=10 INTERLEAVED | step 16500/20000 | ETA текущего run 0м 18с | training
ЭТАП 1/2 — обучение ██████████████░░░░░░░░░░░░░░  51.4% 31/60 | seed=10 INTERLEAVED | step 17000/20000 | ETA текущего run 0м 16с | training
ЭТАП 1/2 — обучение ██████████████░░░░░░░░░░░░░░  51.5% 31/60 | seed=10 INTERLEAVED | step 17500/20000 | ETA текущего run 0м 13с | training
ЭТАП 1/2 — обучение ██████████████░░░░░░░░░░░░░░  51.5% 31/60 | seed=10 INTERLEAVED | step 18000/20000 | ETA текущего run 0м 10с | training
ЭТАП 1/2 — обучение ██████████████░░░░░░░░░░░░░░  51.5% 31/60 | seed=10 INTERLEAVED | step 18500/20000 | ETA текущего run 0м 08с | training
ЭТАП 1/2 — обучение ██████████████░░░░░░░░░░░░░░  51.6% 31/60 | seed=10 INTERLEAVED | step 19000/20000 | ETA текущего run 0м 05с | training
ЭТАП 1/2 — обучение ██████████████░░░░░░░░░░░░░░  51.6% 31/60 | seed=10 INTERLEAVED | step 19500/20000 | ETA текущего run 0м 02с | training
ЭТАП 1/2 — обучение ██████████████░░░░░░░░░░░░░░  51.7% 31/60 | seed=10 INTERLEAVED | step 20000/20000 | ETA текущего run 0м 00с | training
ЭТАП 1/2 — обучение ██████████████░░░░░░░░░░░░░░  51.7% 31/60 | seed=10 INTERLEAVED | step 20000/20000 | ETA текущего run 0м 00с | checkpoint
ЭТАП 1/2 — обучение ██████████████░░░░░░░░░░░░░░  51.7% 31/60 | seed=10 INTERLEAVED | step 20000/20000 | ETA текущего run 0м 00с | completed

--- запуск 32/60: seed=10, condition=BLOCKED_AB ---
ЭТАП 1/2 — обучение ██████████████░░░░░░░░░░░░░░  51.7% 32/60 | seed=10 BLOCKED_AB | step 0/20000 | ETA текущего run 0м 00с | started
ЭТАП 1/2 — обучение ██████████████░░░░░░░░░░░░░░  51.7% 32/60 | seed=10 BLOCKED_AB | step 500/20000 | ETA текущего run 1м 09с | training
ЭТАП 1/2 — обучение ██████████████░░░░░░░░░░░░░░  51.7% 32/60 | seed=10 BLOCKED_AB | step 1000/20000 | ETA текущего run 1м 20с | training
ЭТАП 1/2 — обучение ██████████████░░░░░░░░░░░░░░  51.8% 32/60 | seed=10 BLOCKED_AB | step 1500/20000 | ETA текущего run 1м 24с | training
ЭТАП 1/2 — обучение ██████████████░░░░░░░░░░░░░░  51.8% 32/60 | seed=10 BLOCKED_AB | step 2000/20000 | ETA текущего run 1м 23с | training
ЭТАП 1/2 — обучение ██████████████░░░░░░░░░░░░░░  51.9% 32/60 | seed=10 BLOCKED_AB | step 2500/20000 | ETA текущего run 1м 21с | training
ЭТАП 1/2 — обучение ██████████████░░░░░░░░░░░░░░  51.9% 32/60 | seed=10 BLOCKED_AB | step 3000/20000 | ETA текущего run 1м 21с | training
ЭТАП 1/2 — обучение ██████████████░░░░░░░░░░░░░░  52.0% 32/60 | seed=10 BLOCKED_AB | step 3500/20000 | ETA текущего run 1м 21с | training
ЭТАП 1/2 — обучение ██████████████░░░░░░░░░░░░░░  52.0% 32/60 | seed=10 BLOCKED_AB | step 4000/20000 | ETA текущего run 1м 20с | training
ЭТАП 1/2 — обучение ██████████████░░░░░░░░░░░░░░  52.0% 32/60 | seed=10 BLOCKED_AB | step 4000/20000 | ETA текущего run 1м 20с | checkpoint
ЭТАП 1/2 — обучение ██████████████░░░░░░░░░░░░░░  52.0% 32/60 | seed=10 BLOCKED_AB | step 4500/20000 | ETA текущего run 1м 19с | training
ЭТАП 1/2 — обучение ██████████████░░░░░░░░░░░░░░  52.1% 32/60 | seed=10 BLOCKED_AB | step 5000/20000 | ETA текущего run 1м 18с | training
ЭТАП 1/2 — обучение ██████████████░░░░░░░░░░░░░░  52.1% 32/60 | seed=10 BLOCKED_AB | step 5500/20000 | ETA текущего run 1м 16с | training
ЭТАП 1/2 — обучение ██████████████░░░░░░░░░░░░░░  52.2% 32/60 | seed=10 BLOCKED_AB | step 6000/20000 | ETA текущего run 1м 13с | training
ЭТАП 1/2 — обучение ██████████████░░░░░░░░░░░░░░  52.2% 32/60 | seed=10 BLOCKED_AB | step 6500/20000 | ETA текущего run 1м 10с | training
ЭТАП 1/2 — обучение ██████████████░░░░░░░░░░░░░░  52.3% 32/60 | seed=10 BLOCKED_AB | step 7000/20000 | ETA текущего run 1м 07с | training
ЭТАП 1/2 — обучение ██████████████░░░░░░░░░░░░░░  52.3% 32/60 | seed=10 BLOCKED_AB | step 7500/20000 | ETA текущего run 1м 05с | training
ЭТАП 1/2 — обучение ██████████████░░░░░░░░░░░░░░  52.3% 32/60 | seed=10 BLOCKED_AB | step 8000/20000 | ETA текущего run 1м 02с | training
ЭТАП 1/2 — обучение ██████████████░░░░░░░░░░░░░░  52.4% 32/60 | seed=10 BLOCKED_AB | step 8500/20000 | ETA текущего run 1м 00с | training
ЭТАП 1/2 — обучение ██████████████░░░░░░░░░░░░░░  52.4% 32/60 | seed=10 BLOCKED_AB | step 9000/20000 | ETA текущего run 0м 57с | training
ЭТАП 1/2 — обучение ██████████████░░░░░░░░░░░░░░  52.5% 32/60 | seed=10 BLOCKED_AB | step 9500/20000 | ETA текущего run 0м 55с | training
ЭТАП 1/2 — обучение ██████████████░░░░░░░░░░░░░░  52.5% 32/60 | seed=10 BLOCKED_AB | step 10000/20000 | ETA текущего run 0м 52с | training
ЭТАП 1/2 — обучение ██████████████░░░░░░░░░░░░░░  52.5% 32/60 | seed=10 BLOCKED_AB | step 10000/20000 | ETA текущего run 0м 52с | checkpoint
ЭТАП 1/2 — обучение ██████████████░░░░░░░░░░░░░░  52.5% 32/60 | seed=10 BLOCKED_AB | step 10500/20000 | ETA текущего run 0м 50с | training
ЭТАП 1/2 — обучение ██████████████░░░░░░░░░░░░░░  52.6% 32/60 | seed=10 BLOCKED_AB | step 11000/20000 | ETA текущего run 0м 47с | training
ЭТАП 1/2 — обучение ██████████████░░░░░░░░░░░░░░  52.6% 32/60 | seed=10 BLOCKED_AB | step 11500/20000 | ETA текущего run 0м 45с | training
ЭТАП 1/2 — обучение ██████████████░░░░░░░░░░░░░░  52.7% 32/60 | seed=10 BLOCKED_AB | step 12000/20000 | ETA текущего run 0м 43с | training
ЭТАП 1/2 — обучение ██████████████░░░░░░░░░░░░░░  52.7% 32/60 | seed=10 BLOCKED_AB | step 12500/20000 | ETA текущего run 0м 40с | training
ЭТАП 1/2 — обучение ██████████████░░░░░░░░░░░░░░  52.8% 32/60 | seed=10 BLOCKED_AB | step 13000/20000 | ETA текущего run 0м 37с | training
ЭТАП 1/2 — обучение ██████████████░░░░░░░░░░░░░░  52.8% 32/60 | seed=10 BLOCKED_AB | step 13500/20000 | ETA текущего run 0м 35с | training
ЭТАП 1/2 — обучение ██████████████░░░░░░░░░░░░░░  52.8% 32/60 | seed=10 BLOCKED_AB | step 14000/20000 | ETA текущего run 0м 32с | training
ЭТАП 1/2 — обучение ██████████████░░░░░░░░░░░░░░  52.9% 32/60 | seed=10 BLOCKED_AB | step 14500/20000 | ETA текущего run 0м 30с | training
ЭТАП 1/2 — обучение ██████████████░░░░░░░░░░░░░░  52.9% 32/60 | seed=10 BLOCKED_AB | step 15000/20000 | ETA текущего run 0м 27с | training
ЭТАП 1/2 — обучение ██████████████░░░░░░░░░░░░░░  53.0% 32/60 | seed=10 BLOCKED_AB | step 15500/20000 | ETA текущего run 0м 24с | training
ЭТАП 1/2 — обучение ██████████████░░░░░░░░░░░░░░  53.0% 32/60 | seed=10 BLOCKED_AB | step 16000/20000 | ETA текущего run 0м 22с | training
ЭТАП 1/2 — обучение ██████████████░░░░░░░░░░░░░░  53.0% 32/60 | seed=10 BLOCKED_AB | step 16500/20000 | ETA текущего run 0м 19с | training
ЭТАП 1/2 — обучение ██████████████░░░░░░░░░░░░░░  53.1% 32/60 | seed=10 BLOCKED_AB | step 17000/20000 | ETA текущего run 0м 16с | training
ЭТАП 1/2 — обучение ██████████████░░░░░░░░░░░░░░  53.1% 32/60 | seed=10 BLOCKED_AB | step 17500/20000 | ETA текущего run 0м 13с | training
ЭТАП 1/2 — обучение ██████████████░░░░░░░░░░░░░░  53.2% 32/60 | seed=10 BLOCKED_AB | step 18000/20000 | ETA текущего run 0м 11с | training
ЭТАП 1/2 — обучение ██████████████░░░░░░░░░░░░░░  53.2% 32/60 | seed=10 BLOCKED_AB | step 18500/20000 | ETA текущего run 0м 08с | training
ЭТАП 1/2 — обучение ██████████████░░░░░░░░░░░░░░  53.2% 32/60 | seed=10 BLOCKED_AB | step 19000/20000 | ETA текущего run 0м 05с | training
ЭТАП 1/2 — обучение ██████████████░░░░░░░░░░░░░░  53.3% 32/60 | seed=10 BLOCKED_AB | step 19500/20000 | ETA текущего run 0м 02с | training
ЭТАП 1/2 — обучение ██████████████░░░░░░░░░░░░░░  53.3% 32/60 | seed=10 BLOCKED_AB | step 20000/20000 | ETA текущего run 0м 00с | training
ЭТАП 1/2 — обучение ██████████████░░░░░░░░░░░░░░  53.3% 32/60 | seed=10 BLOCKED_AB | step 20000/20000 | ETA текущего run 0м 00с | checkpoint
ЭТАП 1/2 — обучение ██████████████░░░░░░░░░░░░░░  53.3% 32/60 | seed=10 BLOCKED_AB | step 20000/20000 | ETA текущего run 0м 00с | completed

--- запуск 33/60: seed=10, condition=BLOCKED_BA ---
ЭТАП 1/2 — обучение ██████████████░░░░░░░░░░░░░░  53.3% 33/60 | seed=10 BLOCKED_BA | step 0/20000 | ETA текущего run 0м 00с | started
ЭТАП 1/2 — обучение ██████████████░░░░░░░░░░░░░░  53.4% 33/60 | seed=10 BLOCKED_BA | step 500/20000 | ETA текущего run 1м 29с | training
ЭТАП 1/2 — обучение ██████████████░░░░░░░░░░░░░░  53.4% 33/60 | seed=10 BLOCKED_BA | step 1000/20000 | ETA текущего run 1м 40с | training
ЭТАП 1/2 — обучение ██████████████░░░░░░░░░░░░░░  53.5% 33/60 | seed=10 BLOCKED_BA | step 1500/20000 | ETA текущего run 1м 43с | training
ЭТАП 1/2 — обучение ██████████████░░░░░░░░░░░░░░  53.5% 33/60 | seed=10 BLOCKED_BA | step 2000/20000 | ETA текущего run 1м 43с | training
ЭТАП 1/2 — обучение ██████████████░░░░░░░░░░░░░░  53.5% 33/60 | seed=10 BLOCKED_BA | step 2500/20000 | ETA текущего run 1м 38с | training
ЭТАП 1/2 — обучение ███████████████░░░░░░░░░░░░░  53.6% 33/60 | seed=10 BLOCKED_BA | step 3000/20000 | ETA текущего run 1м 33с | training
ЭТАП 1/2 — обучение ███████████████░░░░░░░░░░░░░  53.6% 33/60 | seed=10 BLOCKED_BA | step 3500/20000 | ETA текущего run 1м 29с | training
ЭТАП 1/2 — обучение ███████████████░░░░░░░░░░░░░  53.7% 33/60 | seed=10 BLOCKED_BA | step 4000/20000 | ETA текущего run 1м 25с | training
ЭТАП 1/2 — обучение ███████████████░░░░░░░░░░░░░  53.7% 33/60 | seed=10 BLOCKED_BA | step 4000/20000 | ETA текущего run 1м 25с | checkpoint
ЭТАП 1/2 — обучение ███████████████░░░░░░░░░░░░░  53.7% 33/60 | seed=10 BLOCKED_BA | step 4500/20000 | ETA текущего run 1м 21с | training
ЭТАП 1/2 — обучение ███████████████░░░░░░░░░░░░░  53.8% 33/60 | seed=10 BLOCKED_BA | step 5000/20000 | ETA текущего run 1м 19с | training
ЭТАП 1/2 — обучение ███████████████░░░░░░░░░░░░░  53.8% 33/60 | seed=10 BLOCKED_BA | step 5500/20000 | ETA текущего run 1м 16с | training
ЭТАП 1/2 — обучение ███████████████░░░░░░░░░░░░░  53.8% 33/60 | seed=10 BLOCKED_BA | step 6000/20000 | ETA текущего run 1м 12с | training
ЭТАП 1/2 — обучение ███████████████░░░░░░░░░░░░░  53.9% 33/60 | seed=10 BLOCKED_BA | step 6500/20000 | ETA текущего run 1м 09с | training
ЭТАП 1/2 — обучение ███████████████░░░░░░░░░░░░░  53.9% 33/60 | seed=10 BLOCKED_BA | step 7000/20000 | ETA текущего run 1м 08с | training
ЭТАП 1/2 — обучение ███████████████░░░░░░░░░░░░░  54.0% 33/60 | seed=10 BLOCKED_BA | step 7500/20000 | ETA текущего run 1м 06с | training
ЭТАП 1/2 — обучение ███████████████░░░░░░░░░░░░░  54.0% 33/60 | seed=10 BLOCKED_BA | step 8000/20000 | ETA текущего run 1м 04с | training
ЭТАП 1/2 — обучение ███████████████░░░░░░░░░░░░░  54.0% 33/60 | seed=10 BLOCKED_BA | step 8500/20000 | ETA текущего run 1м 02с | training
ЭТАП 1/2 — обучение ███████████████░░░░░░░░░░░░░  54.1% 33/60 | seed=10 BLOCKED_BA | step 9000/20000 | ETA текущего run 1м 00с | training
ЭТАП 1/2 — обучение ███████████████░░░░░░░░░░░░░  54.1% 33/60 | seed=10 BLOCKED_BA | step 9500/20000 | ETA текущего run 0м 57с | training
ЭТАП 1/2 — обучение ███████████████░░░░░░░░░░░░░  54.2% 33/60 | seed=10 BLOCKED_BA | step 10000/20000 | ETA текущего run 0м 54с | training
ЭТАП 1/2 — обучение ███████████████░░░░░░░░░░░░░  54.2% 33/60 | seed=10 BLOCKED_BA | step 10000/20000 | ETA текущего run 0м 54с | checkpoint
ЭТАП 1/2 — обучение ███████████████░░░░░░░░░░░░░  54.2% 33/60 | seed=10 BLOCKED_BA | step 10500/20000 | ETA текущего run 0м 50с | training
ЭТАП 1/2 — обучение ███████████████░░░░░░░░░░░░░  54.2% 33/60 | seed=10 BLOCKED_BA | step 11000/20000 | ETA текущего run 0м 48с | training
ЭТАП 1/2 — обучение ███████████████░░░░░░░░░░░░░  54.3% 33/60 | seed=10 BLOCKED_BA | step 11500/20000 | ETA текущего run 0м 46с | training
ЭТАП 1/2 — обучение ███████████████░░░░░░░░░░░░░  54.3% 33/60 | seed=10 BLOCKED_BA | step 12000/20000 | ETA текущего run 0м 43с | training
ЭТАП 1/2 — обучение ███████████████░░░░░░░░░░░░░  54.4% 33/60 | seed=10 BLOCKED_BA | step 12500/20000 | ETA текущего run 0м 40с | training
ЭТАП 1/2 — обучение ███████████████░░░░░░░░░░░░░  54.4% 33/60 | seed=10 BLOCKED_BA | step 13000/20000 | ETA текущего run 0м 37с | training
ЭТАП 1/2 — обучение ███████████████░░░░░░░░░░░░░  54.5% 33/60 | seed=10 BLOCKED_BA | step 13500/20000 | ETA текущего run 0м 35с | training
ЭТАП 1/2 — обучение ███████████████░░░░░░░░░░░░░  54.5% 33/60 | seed=10 BLOCKED_BA | step 14000/20000 | ETA текущего run 0м 32с | training
ЭТАП 1/2 — обучение ███████████████░░░░░░░░░░░░░  54.5% 33/60 | seed=10 BLOCKED_BA | step 14500/20000 | ETA текущего run 0м 29с | training
ЭТАП 1/2 — обучение ███████████████░░░░░░░░░░░░░  54.6% 33/60 | seed=10 BLOCKED_BA | step 15000/20000 | ETA текущего run 0м 26с | training
ЭТАП 1/2 — обучение ███████████████░░░░░░░░░░░░░  54.6% 33/60 | seed=10 BLOCKED_BA | step 15500/20000 | ETA текущего run 0м 23с | training
ЭТАП 1/2 — обучение ███████████████░░░░░░░░░░░░░  54.7% 33/60 | seed=10 BLOCKED_BA | step 16000/20000 | ETA текущего run 0м 21с | training
ЭТАП 1/2 — обучение ███████████████░░░░░░░░░░░░░  54.7% 33/60 | seed=10 BLOCKED_BA | step 16500/20000 | ETA текущего run 0м 18с | training
ЭТАП 1/2 — обучение ███████████████░░░░░░░░░░░░░  54.8% 33/60 | seed=10 BLOCKED_BA | step 17000/20000 | ETA текущего run 0м 15с | training
ЭТАП 1/2 — обучение ███████████████░░░░░░░░░░░░░  54.8% 33/60 | seed=10 BLOCKED_BA | step 17500/20000 | ETA текущего run 0м 13с | training
ЭТАП 1/2 — обучение ███████████████░░░░░░░░░░░░░  54.8% 33/60 | seed=10 BLOCKED_BA | step 18000/20000 | ETA текущего run 0м 10с | training
ЭТАП 1/2 — обучение ███████████████░░░░░░░░░░░░░  54.9% 33/60 | seed=10 BLOCKED_BA | step 18500/20000 | ETA текущего run 0м 07с | training
ЭТАП 1/2 — обучение ███████████████░░░░░░░░░░░░░  54.9% 33/60 | seed=10 BLOCKED_BA | step 19000/20000 | ETA текущего run 0м 05с | training
ЭТАП 1/2 — обучение ███████████████░░░░░░░░░░░░░  55.0% 33/60 | seed=10 BLOCKED_BA | step 19500/20000 | ETA текущего run 0м 02с | training
ЭТАП 1/2 — обучение ███████████████░░░░░░░░░░░░░  55.0% 33/60 | seed=10 BLOCKED_BA | step 20000/20000 | ETA текущего run 0м 00с | training
ЭТАП 1/2 — обучение ███████████████░░░░░░░░░░░░░  55.0% 33/60 | seed=10 BLOCKED_BA | step 20000/20000 | ETA текущего run 0м 00с | checkpoint
ЭТАП 1/2 — обучение ███████████████░░░░░░░░░░░░░  55.0% 33/60 | seed=10 BLOCKED_BA | step 20000/20000 | ETA текущего run 0м 00с | completed

--- запуск 34/60: seed=11, condition=INTERLEAVED ---
ЭТАП 1/2 — обучение ███████████████░░░░░░░░░░░░░  55.0% 34/60 | seed=11 INTERLEAVED | step 0/20000 | ETA текущего run 0м 00с | started
ЭТАП 1/2 — обучение ███████████████░░░░░░░░░░░░░  55.0% 34/60 | seed=11 INTERLEAVED | step 500/20000 | ETA текущего run 1м 41с | training
ЭТАП 1/2 — обучение ███████████████░░░░░░░░░░░░░  55.1% 34/60 | seed=11 INTERLEAVED | step 1000/20000 | ETA текущего run 1м 43с | training
ЭТАП 1/2 — обучение ███████████████░░░░░░░░░░░░░  55.1% 34/60 | seed=11 INTERLEAVED | step 1500/20000 | ETA текущего run 1м 44с | training
ЭТАП 1/2 — обучение ███████████████░░░░░░░░░░░░░  55.2% 34/60 | seed=11 INTERLEAVED | step 2000/20000 | ETA текущего run 1м 43с | training
ЭТАП 1/2 — обучение ███████████████░░░░░░░░░░░░░  55.2% 34/60 | seed=11 INTERLEAVED | step 2500/20000 | ETA текущего run 1м 38с | training
ЭТАП 1/2 — обучение ███████████████░░░░░░░░░░░░░  55.2% 34/60 | seed=11 INTERLEAVED | step 3000/20000 | ETA текущего run 1м 32с | training
ЭТАП 1/2 — обучение ███████████████░░░░░░░░░░░░░  55.3% 34/60 | seed=11 INTERLEAVED | step 3500/20000 | ETA текущего run 1м 28с | training
ЭТАП 1/2 — обучение ███████████████░░░░░░░░░░░░░  55.3% 34/60 | seed=11 INTERLEAVED | step 4000/20000 | ETA текущего run 1м 26с | training
ЭТАП 1/2 — обучение ███████████████░░░░░░░░░░░░░  55.3% 34/60 | seed=11 INTERLEAVED | step 4000/20000 | ETA текущего run 1м 26с | checkpoint
ЭТАП 1/2 — обучение ███████████████░░░░░░░░░░░░░  55.4% 34/60 | seed=11 INTERLEAVED | step 4500/20000 | ETA текущего run 1м 23с | training
ЭТАП 1/2 — обучение ███████████████░░░░░░░░░░░░░  55.4% 34/60 | seed=11 INTERLEAVED | step 5000/20000 | ETA текущего run 1м 21с | training
ЭТАП 1/2 — обучение ███████████████░░░░░░░░░░░░░  55.5% 34/60 | seed=11 INTERLEAVED | step 5500/20000 | ETA текущего run 1м 16с | training
ЭТАП 1/2 — обучение ███████████████░░░░░░░░░░░░░  55.5% 34/60 | seed=11 INTERLEAVED | step 6000/20000 | ETA текущего run 1м 13с | training
ЭТАП 1/2 — обучение ███████████████░░░░░░░░░░░░░  55.5% 34/60 | seed=11 INTERLEAVED | step 6500/20000 | ETA текущего run 1м 09с | training
ЭТАП 1/2 — обучение ███████████████░░░░░░░░░░░░░  55.6% 34/60 | seed=11 INTERLEAVED | step 7000/20000 | ETA текущего run 1м 05с | training
ЭТАП 1/2 — обучение ███████████████░░░░░░░░░░░░░  55.6% 34/60 | seed=11 INTERLEAVED | step 7500/20000 | ETA текущего run 1м 02с | training
ЭТАП 1/2 — обучение ███████████████░░░░░░░░░░░░░  55.7% 34/60 | seed=11 INTERLEAVED | step 8000/20000 | ETA текущего run 0м 59с | training
ЭТАП 1/2 — обучение ███████████████░░░░░░░░░░░░░  55.7% 34/60 | seed=11 INTERLEAVED | step 8500/20000 | ETA текущего run 0м 56с | training
ЭТАП 1/2 — обучение ███████████████░░░░░░░░░░░░░  55.8% 34/60 | seed=11 INTERLEAVED | step 9000/20000 | ETA текущего run 0м 53с | training
ЭТАП 1/2 — обучение ███████████████░░░░░░░░░░░░░  55.8% 34/60 | seed=11 INTERLEAVED | step 9500/20000 | ETA текущего run 0м 51с | training
ЭТАП 1/2 — обучение ███████████████░░░░░░░░░░░░░  55.8% 34/60 | seed=11 INTERLEAVED | step 10000/20000 | ETA текущего run 0м 49с | training
ЭТАП 1/2 — обучение ███████████████░░░░░░░░░░░░░  55.8% 34/60 | seed=11 INTERLEAVED | step 10000/20000 | ETA текущего run 0м 49с | checkpoint
ЭТАП 1/2 — обучение ███████████████░░░░░░░░░░░░░  55.9% 34/60 | seed=11 INTERLEAVED | step 10500/20000 | ETA текущего run 0м 47с | training
ЭТАП 1/2 — обучение ███████████████░░░░░░░░░░░░░  55.9% 34/60 | seed=11 INTERLEAVED | step 11000/20000 | ETA текущего run 0м 44с | training
ЭТАП 1/2 — обучение ███████████████░░░░░░░░░░░░░  56.0% 34/60 | seed=11 INTERLEAVED | step 11500/20000 | ETA текущего run 0м 42с | training
ЭТАП 1/2 — обучение ███████████████░░░░░░░░░░░░░  56.0% 34/60 | seed=11 INTERLEAVED | step 12000/20000 | ETA текущего run 0м 40с | training
ЭТАП 1/2 — обучение ███████████████░░░░░░░░░░░░░  56.0% 34/60 | seed=11 INTERLEAVED | step 12500/20000 | ETA текущего run 0м 38с | training
ЭТАП 1/2 — обучение ███████████████░░░░░░░░░░░░░  56.1% 34/60 | seed=11 INTERLEAVED | step 13000/20000 | ETA текущего run 0м 35с | training
ЭТАП 1/2 — обучение ███████████████░░░░░░░░░░░░░  56.1% 34/60 | seed=11 INTERLEAVED | step 13500/20000 | ETA текущего run 0м 33с | training
ЭТАП 1/2 — обучение ███████████████░░░░░░░░░░░░░  56.2% 34/60 | seed=11 INTERLEAVED | step 14000/20000 | ETA текущего run 0м 30с | training
ЭТАП 1/2 — обучение ███████████████░░░░░░░░░░░░░  56.2% 34/60 | seed=11 INTERLEAVED | step 14500/20000 | ETA текущего run 0м 28с | training
ЭТАП 1/2 — обучение ███████████████░░░░░░░░░░░░░  56.2% 34/60 | seed=11 INTERLEAVED | step 15000/20000 | ETA текущего run 0м 25с | training
ЭТАП 1/2 — обучение ███████████████░░░░░░░░░░░░░  56.3% 34/60 | seed=11 INTERLEAVED | step 15500/20000 | ETA текущего run 0м 23с | training
ЭТАП 1/2 — обучение ███████████████░░░░░░░░░░░░░  56.3% 34/60 | seed=11 INTERLEAVED | step 16000/20000 | ETA текущего run 0м 20с | training
ЭТАП 1/2 — обучение ███████████████░░░░░░░░░░░░░  56.4% 34/60 | seed=11 INTERLEAVED | step 16500/20000 | ETA текущего run 0м 18с | training
ЭТАП 1/2 — обучение ███████████████░░░░░░░░░░░░░  56.4% 34/60 | seed=11 INTERLEAVED | step 17000/20000 | ETA текущего run 0м 15с | training
ЭТАП 1/2 — обучение ███████████████░░░░░░░░░░░░░  56.5% 34/60 | seed=11 INTERLEAVED | step 17500/20000 | ETA текущего run 0м 12с | training
ЭТАП 1/2 — обучение ███████████████░░░░░░░░░░░░░  56.5% 34/60 | seed=11 INTERLEAVED | step 18000/20000 | ETA текущего run 0м 10с | training
ЭТАП 1/2 — обучение ███████████████░░░░░░░░░░░░░  56.5% 34/60 | seed=11 INTERLEAVED | step 18500/20000 | ETA текущего run 0м 07с | training
ЭТАП 1/2 — обучение ███████████████░░░░░░░░░░░░░  56.6% 34/60 | seed=11 INTERLEAVED | step 19000/20000 | ETA текущего run 0м 05с | training
ЭТАП 1/2 — обучение ███████████████░░░░░░░░░░░░░  56.6% 34/60 | seed=11 INTERLEAVED | step 19500/20000 | ETA текущего run 0м 02с | training
ЭТАП 1/2 — обучение ███████████████░░░░░░░░░░░░░  56.7% 34/60 | seed=11 INTERLEAVED | step 20000/20000 | ETA текущего run 0м 00с | training
ЭТАП 1/2 — обучение ███████████████░░░░░░░░░░░░░  56.7% 34/60 | seed=11 INTERLEAVED | step 20000/20000 | ETA текущего run 0м 00с | checkpoint
ЭТАП 1/2 — обучение ███████████████░░░░░░░░░░░░░  56.7% 34/60 | seed=11 INTERLEAVED | step 20000/20000 | ETA текущего run 0м 00с | completed

--- запуск 35/60: seed=11, condition=BLOCKED_AB ---
ЭТАП 1/2 — обучение ███████████████░░░░░░░░░░░░░  56.7% 35/60 | seed=11 BLOCKED_AB | step 0/20000 | ETA текущего run 0м 00с | started
ЭТАП 1/2 — обучение ███████████████░░░░░░░░░░░░░  56.7% 35/60 | seed=11 BLOCKED_AB | step 500/20000 | ETA текущего run 1м 45с | training
ЭТАП 1/2 — обучение ███████████████░░░░░░░░░░░░░  56.8% 35/60 | seed=11 BLOCKED_AB | step 1000/20000 | ETA текущего run 1м 46с | training
ЭТАП 1/2 — обучение ███████████████░░░░░░░░░░░░░  56.8% 35/60 | seed=11 BLOCKED_AB | step 1500/20000 | ETA текущего run 1м 42с | training
ЭТАП 1/2 — обучение ███████████████░░░░░░░░░░░░░  56.8% 35/60 | seed=11 BLOCKED_AB | step 2000/20000 | ETA текущего run 1м 39с | training
ЭТАП 1/2 — обучение ███████████████░░░░░░░░░░░░░  56.9% 35/60 | seed=11 BLOCKED_AB | step 2500/20000 | ETA текущего run 1м 35с | training
ЭТАП 1/2 — обучение ███████████████░░░░░░░░░░░░░  56.9% 35/60 | seed=11 BLOCKED_AB | step 3000/20000 | ETA текущего run 1м 32с | training
ЭТАП 1/2 — обучение ███████████████░░░░░░░░░░░░░  57.0% 35/60 | seed=11 BLOCKED_AB | step 3500/20000 | ETA текущего run 1м 30с | training
ЭТАП 1/2 — обучение ███████████████░░░░░░░░░░░░░  57.0% 35/60 | seed=11 BLOCKED_AB | step 4000/20000 | ETA текущего run 1м 28с | training
ЭТАП 1/2 — обучение ███████████████░░░░░░░░░░░░░  57.0% 35/60 | seed=11 BLOCKED_AB | step 4000/20000 | ETA текущего run 1м 28с | checkpoint
ЭТАП 1/2 — обучение ███████████████░░░░░░░░░░░░░  57.0% 35/60 | seed=11 BLOCKED_AB | step 4500/20000 | ETA текущего run 1м 26с | training
ЭТАП 1/2 — обучение ███████████████░░░░░░░░░░░░░  57.1% 35/60 | seed=11 BLOCKED_AB | step 5000/20000 | ETA текущего run 1м 23с | training
ЭТАП 1/2 — обучение ███████████████░░░░░░░░░░░░░  57.1% 35/60 | seed=11 BLOCKED_AB | step 5500/20000 | ETA текущего run 1м 20с | training
ЭТАП 1/2 — обучение ████████████████░░░░░░░░░░░░  57.2% 35/60 | seed=11 BLOCKED_AB | step 6000/20000 | ETA текущего run 1м 17с | training
ЭТАП 1/2 — обучение ████████████████░░░░░░░░░░░░  57.2% 35/60 | seed=11 BLOCKED_AB | step 6500/20000 | ETA текущего run 1м 14с | training
ЭТАП 1/2 — обучение ████████████████░░░░░░░░░░░░  57.2% 35/60 | seed=11 BLOCKED_AB | step 7000/20000 | ETA текущего run 1м 12с | training
ЭТАП 1/2 — обучение ████████████████░░░░░░░░░░░░  57.3% 35/60 | seed=11 BLOCKED_AB | step 7500/20000 | ETA текущего run 1м 09с | training
ЭТАП 1/2 — обучение ████████████████░░░░░░░░░░░░  57.3% 35/60 | seed=11 BLOCKED_AB | step 8000/20000 | ETA текущего run 1м 07с | training
ЭТАП 1/2 — обучение ████████████████░░░░░░░░░░░░  57.4% 35/60 | seed=11 BLOCKED_AB | step 8500/20000 | ETA текущего run 1м 04с | training
ЭТАП 1/2 — обучение ████████████████░░░░░░░░░░░░  57.4% 35/60 | seed=11 BLOCKED_AB | step 9000/20000 | ETA текущего run 1м 01с | training
ЭТАП 1/2 — обучение ████████████████░░░░░░░░░░░░  57.5% 35/60 | seed=11 BLOCKED_AB | step 9500/20000 | ETA текущего run 0м 58с | training
ЭТАП 1/2 — обучение ████████████████░░░░░░░░░░░░  57.5% 35/60 | seed=11 BLOCKED_AB | step 10000/20000 | ETA текущего run 0м 56с | training
ЭТАП 1/2 — обучение ████████████████░░░░░░░░░░░░  57.5% 35/60 | seed=11 BLOCKED_AB | step 10000/20000 | ETA текущего run 0м 56с | checkpoint
ЭТАП 1/2 — обучение ████████████████░░░░░░░░░░░░  57.5% 35/60 | seed=11 BLOCKED_AB | step 10500/20000 | ETA текущего run 0м 53с | training
ЭТАП 1/2 — обучение ████████████████░░░░░░░░░░░░  57.6% 35/60 | seed=11 BLOCKED_AB | step 11000/20000 | ETA текущего run 0м 50с | training
ЭТАП 1/2 — обучение ████████████████░░░░░░░░░░░░  57.6% 35/60 | seed=11 BLOCKED_AB | step 11500/20000 | ETA текущего run 0м 47с | training
ЭТАП 1/2 — обучение ████████████████░░░░░░░░░░░░  57.7% 35/60 | seed=11 BLOCKED_AB | step 12000/20000 | ETA текущего run 0м 45с | training
ЭТАП 1/2 — обучение ████████████████░░░░░░░░░░░░  57.7% 35/60 | seed=11 BLOCKED_AB | step 12500/20000 | ETA текущего run 0м 42с | training
ЭТАП 1/2 — обучение ████████████████░░░░░░░░░░░░  57.8% 35/60 | seed=11 BLOCKED_AB | step 13000/20000 | ETA текущего run 0м 39с | training
ЭТАП 1/2 — обучение ████████████████░░░░░░░░░░░░  57.8% 35/60 | seed=11 BLOCKED_AB | step 13500/20000 | ETA текущего run 0м 36с | training
ЭТАП 1/2 — обучение ████████████████░░░░░░░░░░░░  57.8% 35/60 | seed=11 BLOCKED_AB | step 14000/20000 | ETA текущего run 0м 33с | training
ЭТАП 1/2 — обучение ████████████████░░░░░░░░░░░░  57.9% 35/60 | seed=11 BLOCKED_AB | step 14500/20000 | ETA текущего run 0м 31с | training
ЭТАП 1/2 — обучение ████████████████░░░░░░░░░░░░  57.9% 35/60 | seed=11 BLOCKED_AB | step 15000/20000 | ETA текущего run 0м 28с | training
ЭТАП 1/2 — обучение ████████████████░░░░░░░░░░░░  58.0% 35/60 | seed=11 BLOCKED_AB | step 15500/20000 | ETA текущего run 0м 25с | training
ЭТАП 1/2 — обучение ████████████████░░░░░░░░░░░░  58.0% 35/60 | seed=11 BLOCKED_AB | step 16000/20000 | ETA текущего run 0м 22с | training
ЭТАП 1/2 — обучение ████████████████░░░░░░░░░░░░  58.0% 35/60 | seed=11 BLOCKED_AB | step 16500/20000 | ETA текущего run 0м 19с | training
ЭТАП 1/2 — обучение ████████████████░░░░░░░░░░░░  58.1% 35/60 | seed=11 BLOCKED_AB | step 17000/20000 | ETA текущего run 0м 16с | training
ЭТАП 1/2 — обучение ████████████████░░░░░░░░░░░░  58.1% 35/60 | seed=11 BLOCKED_AB | step 17500/20000 | ETA текущего run 0м 13с | training
ЭТАП 1/2 — обучение ████████████████░░░░░░░░░░░░  58.2% 35/60 | seed=11 BLOCKED_AB | step 18000/20000 | ETA текущего run 0м 11с | training
ЭТАП 1/2 — обучение ████████████████░░░░░░░░░░░░  58.2% 35/60 | seed=11 BLOCKED_AB | step 18500/20000 | ETA текущего run 0м 08с | training
ЭТАП 1/2 — обучение ████████████████░░░░░░░░░░░░  58.2% 35/60 | seed=11 BLOCKED_AB | step 19000/20000 | ETA текущего run 0м 05с | training
ЭТАП 1/2 — обучение ████████████████░░░░░░░░░░░░  58.3% 35/60 | seed=11 BLOCKED_AB | step 19500/20000 | ETA текущего run 0м 02с | training
ЭТАП 1/2 — обучение ████████████████░░░░░░░░░░░░  58.3% 35/60 | seed=11 BLOCKED_AB | step 20000/20000 | ETA текущего run 0м 00с | training
ЭТАП 1/2 — обучение ████████████████░░░░░░░░░░░░  58.3% 35/60 | seed=11 BLOCKED_AB | step 20000/20000 | ETA текущего run 0м 00с | checkpoint
ЭТАП 1/2 — обучение ████████████████░░░░░░░░░░░░  58.3% 35/60 | seed=11 BLOCKED_AB | step 20000/20000 | ETA текущего run 0м 00с | completed

--- запуск 36/60: seed=11, condition=BLOCKED_BA ---
ЭТАП 1/2 — обучение ████████████████░░░░░░░░░░░░  58.3% 36/60 | seed=11 BLOCKED_BA | step 0/20000 | ETA текущего run 0м 00с | started
ЭТАП 1/2 — обучение ████████████████░░░░░░░░░░░░  58.4% 36/60 | seed=11 BLOCKED_BA | step 500/20000 | ETA текущего run 1м 40с | training
ЭТАП 1/2 — обучение ████████████████░░░░░░░░░░░░  58.4% 36/60 | seed=11 BLOCKED_BA | step 1000/20000 | ETA текущего run 3м 01с | training
ЭТАП 1/2 — обучение ████████████████░░░░░░░░░░░░  58.5% 36/60 | seed=11 BLOCKED_BA | step 1500/20000 | ETA текущего run 3м 30с | training
ЭТАП 1/2 — обучение ████████████████░░░░░░░░░░░░  58.5% 36/60 | seed=11 BLOCKED_BA | step 2000/20000 | ETA текущего run 3м 30с | training
ЭТАП 1/2 — обучение ████████████████░░░░░░░░░░░░  58.5% 36/60 | seed=11 BLOCKED_BA | step 2500/20000 | ETA текущего run 3м 29с | training
ЭТАП 1/2 — обучение ████████████████░░░░░░░░░░░░  58.6% 36/60 | seed=11 BLOCKED_BA | step 3000/20000 | ETA текущего run 3м 24с | training
ЭТАП 1/2 — обучение ████████████████░░░░░░░░░░░░  58.6% 36/60 | seed=11 BLOCKED_BA | step 3500/20000 | ETA текущего run 3м 23с | training
ЭТАП 1/2 — обучение ████████████████░░░░░░░░░░░░  58.7% 36/60 | seed=11 BLOCKED_BA | step 4000/20000 | ETA текущего run 3м 19с | training
ЭТАП 1/2 — обучение ████████████████░░░░░░░░░░░░  58.7% 36/60 | seed=11 BLOCKED_BA | step 4000/20000 | ETA текущего run 3м 20с | checkpoint
ЭТАП 1/2 — обучение ████████████████░░░░░░░░░░░░  58.7% 36/60 | seed=11 BLOCKED_BA | step 4500/20000 | ETA текущего run 3м 15с | training
ЭТАП 1/2 — обучение ████████████████░░░░░░░░░░░░  58.8% 36/60 | seed=11 BLOCKED_BA | step 5000/20000 | ETA текущего run 3м 11с | training
ЭТАП 1/2 — обучение ████████████████░░░░░░░░░░░░  58.8% 36/60 | seed=11 BLOCKED_BA | step 5500/20000 | ETA текущего run 3м 06с | training
ЭТАП 1/2 — обучение ████████████████░░░░░░░░░░░░  58.8% 36/60 | seed=11 BLOCKED_BA | step 6000/20000 | ETA текущего run 3м 00с | training
ЭТАП 1/2 — обучение ████████████████░░░░░░░░░░░░  58.9% 36/60 | seed=11 BLOCKED_BA | step 6500/20000 | ETA текущего run 2м 54с | training
ЭТАП 1/2 — обучение ████████████████░░░░░░░░░░░░  58.9% 36/60 | seed=11 BLOCKED_BA | step 7000/20000 | ETA текущего run 2м 48с | training
ЭТАП 1/2 — обучение ████████████████░░░░░░░░░░░░  59.0% 36/60 | seed=11 BLOCKED_BA | step 7500/20000 | ETA текущего run 2м 43с | training
ЭТАП 1/2 — обучение ████████████████░░░░░░░░░░░░  59.0% 36/60 | seed=11 BLOCKED_BA | step 8000/20000 | ETA текущего run 2м 32с | training
ЭТАП 1/2 — обучение ████████████████░░░░░░░░░░░░  59.0% 36/60 | seed=11 BLOCKED_BA | step 8500/20000 | ETA текущего run 2м 21с | training
ЭТАП 1/2 — обучение ████████████████░░░░░░░░░░░░  59.1% 36/60 | seed=11 BLOCKED_BA | step 9000/20000 | ETA текущего run 2м 11с | training
ЭТАП 1/2 — обучение ████████████████░░░░░░░░░░░░  59.1% 36/60 | seed=11 BLOCKED_BA | step 9500/20000 | ETA текущего run 2м 01с | training
ЭТАП 1/2 — обучение ████████████████░░░░░░░░░░░░  59.2% 36/60 | seed=11 BLOCKED_BA | step 10000/20000 | ETA текущего run 1м 53с | training
ЭТАП 1/2 — обучение ████████████████░░░░░░░░░░░░  59.2% 36/60 | seed=11 BLOCKED_BA | step 10000/20000 | ETA текущего run 1м 53с | checkpoint
ЭТАП 1/2 — обучение ████████████████░░░░░░░░░░░░  59.2% 36/60 | seed=11 BLOCKED_BA | step 10500/20000 | ETA текущего run 1м 44с | training
ЭТАП 1/2 — обучение ████████████████░░░░░░░░░░░░  59.2% 36/60 | seed=11 BLOCKED_BA | step 11000/20000 | ETA текущего run 1м 36с | training
ЭТАП 1/2 — обучение ████████████████░░░░░░░░░░░░  59.3% 36/60 | seed=11 BLOCKED_BA | step 11500/20000 | ETA текущего run 1м 29с | training
ЭТАП 1/2 — обучение ████████████████░░░░░░░░░░░░  59.3% 36/60 | seed=11 BLOCKED_BA | step 12000/20000 | ETA текущего run 1м 22с | training
ЭТАП 1/2 — обучение ████████████████░░░░░░░░░░░░  59.4% 36/60 | seed=11 BLOCKED_BA | step 12500/20000 | ETA текущего run 1м 15с | training
ЭТАП 1/2 — обучение ████████████████░░░░░░░░░░░░  59.4% 36/60 | seed=11 BLOCKED_BA | step 13000/20000 | ETA текущего run 1м 09с | training
ЭТАП 1/2 — обучение ████████████████░░░░░░░░░░░░  59.5% 36/60 | seed=11 BLOCKED_BA | step 13500/20000 | ETA текущего run 1м 03с | training
ЭТАП 1/2 — обучение ████████████████░░░░░░░░░░░░  59.5% 36/60 | seed=11 BLOCKED_BA | step 14000/20000 | ETA текущего run 0м 57с | training
ЭТАП 1/2 — обучение ████████████████░░░░░░░░░░░░  59.5% 36/60 | seed=11 BLOCKED_BA | step 14500/20000 | ETA текущего run 0м 52с | training
ЭТАП 1/2 — обучение ████████████████░░░░░░░░░░░░  59.6% 36/60 | seed=11 BLOCKED_BA | step 15000/20000 | ETA текущего run 0м 46с | training
ЭТАП 1/2 — обучение ████████████████░░░░░░░░░░░░  59.6% 36/60 | seed=11 BLOCKED_BA | step 15500/20000 | ETA текущего run 0м 41с | training
ЭТАП 1/2 — обучение ████████████████░░░░░░░░░░░░  59.7% 36/60 | seed=11 BLOCKED_BA | step 16000/20000 | ETA текущего run 0м 36с | training
ЭТАП 1/2 — обучение ████████████████░░░░░░░░░░░░  59.7% 36/60 | seed=11 BLOCKED_BA | step 16500/20000 | ETA текущего run 0м 31с | training
ЭТАП 1/2 — обучение ████████████████░░░░░░░░░░░░  59.8% 36/60 | seed=11 BLOCKED_BA | step 17000/20000 | ETA текущего run 0м 26с | training
ЭТАП 1/2 — обучение ████████████████░░░░░░░░░░░░  59.8% 36/60 | seed=11 BLOCKED_BA | step 17500/20000 | ETA текущего run 0м 22с | training
ЭТАП 1/2 — обучение ████████████████░░░░░░░░░░░░  59.8% 36/60 | seed=11 BLOCKED_BA | step 18000/20000 | ETA текущего run 0м 17с | training
ЭТАП 1/2 — обучение ████████████████░░░░░░░░░░░░  59.9% 36/60 | seed=11 BLOCKED_BA | step 18500/20000 | ETA текущего run 0м 12с | training
ЭТАП 1/2 — обучение ████████████████░░░░░░░░░░░░  59.9% 36/60 | seed=11 BLOCKED_BA | step 19000/20000 | ETA текущего run 0м 08с | training
ЭТАП 1/2 — обучение ████████████████░░░░░░░░░░░░  60.0% 36/60 | seed=11 BLOCKED_BA | step 19500/20000 | ETA текущего run 0м 04с | training
ЭТАП 1/2 — обучение ████████████████░░░░░░░░░░░░  60.0% 36/60 | seed=11 BLOCKED_BA | step 20000/20000 | ETA текущего run 0м 00с | training
ЭТАП 1/2 — обучение ████████████████░░░░░░░░░░░░  60.0% 36/60 | seed=11 BLOCKED_BA | step 20000/20000 | ETA текущего run 0м 00с | checkpoint
ЭТАП 1/2 — обучение ████████████████░░░░░░░░░░░░  60.0% 36/60 | seed=11 BLOCKED_BA | step 20000/20000 | ETA текущего run 0м 00с | completed

--- запуск 37/60: seed=12, condition=INTERLEAVED ---
ЭТАП 1/2 — обучение ████████████████░░░░░░░░░░░░  60.0% 37/60 | seed=12 INTERLEAVED | step 0/20000 | ETA текущего run 0м 00с | started
ЭТАП 1/2 — обучение ████████████████░░░░░░░░░░░░  60.0% 37/60 | seed=12 INTERLEAVED | step 500/20000 | ETA текущего run 1м 29с | training
ЭТАП 1/2 — обучение ████████████████░░░░░░░░░░░░  60.1% 37/60 | seed=12 INTERLEAVED | step 1000/20000 | ETA текущего run 1м 37с | training
ЭТАП 1/2 — обучение ████████████████░░░░░░░░░░░░  60.1% 37/60 | seed=12 INTERLEAVED | step 1500/20000 | ETA текущего run 1м 37с | training
ЭТАП 1/2 — обучение ████████████████░░░░░░░░░░░░  60.2% 37/60 | seed=12 INTERLEAVED | step 2000/20000 | ETA текущего run 1м 36с | training
ЭТАП 1/2 — обучение ████████████████░░░░░░░░░░░░  60.2% 37/60 | seed=12 INTERLEAVED | step 2500/20000 | ETA текущего run 1м 35с | training
ЭТАП 1/2 — обучение ████████████████░░░░░░░░░░░░  60.2% 37/60 | seed=12 INTERLEAVED | step 3000/20000 | ETA текущего run 1м 32с | training
ЭТАП 1/2 — обучение ████████████████░░░░░░░░░░░░  60.3% 37/60 | seed=12 INTERLEAVED | step 3500/20000 | ETA текущего run 1м 30с | training
ЭТАП 1/2 — обучение ████████████████░░░░░░░░░░░░  60.3% 37/60 | seed=12 INTERLEAVED | step 4000/20000 | ETA текущего run 1м 28с | training
ЭТАП 1/2 — обучение ████████████████░░░░░░░░░░░░  60.3% 37/60 | seed=12 INTERLEAVED | step 4000/20000 | ETA текущего run 1м 28с | checkpoint
ЭТАП 1/2 — обучение ████████████████░░░░░░░░░░░░  60.4% 37/60 | seed=12 INTERLEAVED | step 4500/20000 | ETA текущего run 1м 25с | training
ЭТАП 1/2 — обучение ████████████████░░░░░░░░░░░░  60.4% 37/60 | seed=12 INTERLEAVED | step 5000/20000 | ETA текущего run 1м 26с | training
ЭТАП 1/2 — обучение ████████████████░░░░░░░░░░░░  60.5% 37/60 | seed=12 INTERLEAVED | step 5500/20000 | ETA текущего run 1м 32с | training
ЭТАП 1/2 — обучение ████████████████░░░░░░░░░░░░  60.5% 37/60 | seed=12 INTERLEAVED | step 6000/20000 | ETA текущего run 1м 35с | training
ЭТАП 1/2 — обучение ████████████████░░░░░░░░░░░░  60.5% 37/60 | seed=12 INTERLEAVED | step 6500/20000 | ETA текущего run 1м 30с | training
ЭТАП 1/2 — обучение ████████████████░░░░░░░░░░░░  60.6% 37/60 | seed=12 INTERLEAVED | step 7000/20000 | ETA текущего run 1м 27с | training
ЭТАП 1/2 — обучение ████████████████░░░░░░░░░░░░  60.6% 37/60 | seed=12 INTERLEAVED | step 7500/20000 | ETA текущего run 1м 27с | training
ЭТАП 1/2 — обучение ████████████████░░░░░░░░░░░░  60.7% 37/60 | seed=12 INTERLEAVED | step 8000/20000 | ETA текущего run 1м 28с | training
ЭТАП 1/2 — обучение ████████████████░░░░░░░░░░░░  60.7% 37/60 | seed=12 INTERLEAVED | step 8500/20000 | ETA текущего run 1м 27с | training
ЭТАП 1/2 — обучение █████████████████░░░░░░░░░░░  60.8% 37/60 | seed=12 INTERLEAVED | step 9000/20000 | ETA текущего run 1м 22с | training
ЭТАП 1/2 — обучение █████████████████░░░░░░░░░░░  60.8% 37/60 | seed=12 INTERLEAVED | step 9500/20000 | ETA текущего run 1м 18с | training
ЭТАП 1/2 — обучение █████████████████░░░░░░░░░░░  60.8% 37/60 | seed=12 INTERLEAVED | step 10000/20000 | ETA текущего run 1м 15с | training
ЭТАП 1/2 — обучение █████████████████░░░░░░░░░░░  60.8% 37/60 | seed=12 INTERLEAVED | step 10000/20000 | ETA текущего run 1м 15с | checkpoint
ЭТАП 1/2 — обучение █████████████████░░░░░░░░░░░  60.9% 37/60 | seed=12 INTERLEAVED | step 10500/20000 | ETA текущего run 1м 12с | training
ЭТАП 1/2 — обучение █████████████████░░░░░░░░░░░  60.9% 37/60 | seed=12 INTERLEAVED | step 11000/20000 | ETA текущего run 1м 07с | training
ЭТАП 1/2 — обучение █████████████████░░░░░░░░░░░  61.0% 37/60 | seed=12 INTERLEAVED | step 11500/20000 | ETA текущего run 1м 05с | training
ЭТАП 1/2 — обучение █████████████████░░░░░░░░░░░  61.0% 37/60 | seed=12 INTERLEAVED | step 12000/20000 | ETA текущего run 1м 02с | training
ЭТАП 1/2 — обучение █████████████████░░░░░░░░░░░  61.0% 37/60 | seed=12 INTERLEAVED | step 12500/20000 | ETA текущего run 0м 59с | training
ЭТАП 1/2 — обучение █████████████████░░░░░░░░░░░  61.1% 37/60 | seed=12 INTERLEAVED | step 13000/20000 | ETA текущего run 0м 56с | training
ЭТАП 1/2 — обучение █████████████████░░░░░░░░░░░  61.1% 37/60 | seed=12 INTERLEAVED | step 13500/20000 | ETA текущего run 0м 53с | training
ЭТАП 1/2 — обучение █████████████████░░░░░░░░░░░  61.2% 37/60 | seed=12 INTERLEAVED | step 14000/20000 | ETA текущего run 0м 49с | training
ЭТАП 1/2 — обучение █████████████████░░░░░░░░░░░  61.2% 37/60 | seed=12 INTERLEAVED | step 14500/20000 | ETA текущего run 0м 44с | training
ЭТАП 1/2 — обучение █████████████████░░░░░░░░░░░  61.3% 37/60 | seed=12 INTERLEAVED | step 15000/20000 | ETA текущего run 0м 40с | training
ЭТАП 1/2 — обучение █████████████████░░░░░░░░░░░  61.3% 37/60 | seed=12 INTERLEAVED | step 15500/20000 | ETA текущего run 0м 36с | training
ЭТАП 1/2 — обучение █████████████████░░░░░░░░░░░  61.3% 37/60 | seed=12 INTERLEAVED | step 16000/20000 | ETA текущего run 0м 31с | training
ЭТАП 1/2 — обучение █████████████████░░░░░░░░░░░  61.4% 37/60 | seed=12 INTERLEAVED | step 16500/20000 | ETA текущего run 0м 27с | training
ЭТАП 1/2 — обучение █████████████████░░░░░░░░░░░  61.4% 37/60 | seed=12 INTERLEAVED | step 17000/20000 | ETA текущего run 0м 23с | training
ЭТАП 1/2 — обучение █████████████████░░░░░░░░░░░  61.5% 37/60 | seed=12 INTERLEAVED | step 17500/20000 | ETA текущего run 0м 19с | training
ЭТАП 1/2 — обучение █████████████████░░░░░░░░░░░  61.5% 37/60 | seed=12 INTERLEAVED | step 18000/20000 | ETA текущего run 0м 15с | training
ЭТАП 1/2 — обучение █████████████████░░░░░░░░░░░  61.5% 37/60 | seed=12 INTERLEAVED | step 18500/20000 | ETA текущего run 0м 11с | training
ЭТАП 1/2 — обучение █████████████████░░░░░░░░░░░  61.6% 37/60 | seed=12 INTERLEAVED | step 19000/20000 | ETA текущего run 0м 07с | training
ЭТАП 1/2 — обучение █████████████████░░░░░░░░░░░  61.6% 37/60 | seed=12 INTERLEAVED | step 19500/20000 | ETA текущего run 0м 03с | training
ЭТАП 1/2 — обучение █████████████████░░░░░░░░░░░  61.7% 37/60 | seed=12 INTERLEAVED | step 20000/20000 | ETA текущего run 0м 00с | training
ЭТАП 1/2 — обучение █████████████████░░░░░░░░░░░  61.7% 37/60 | seed=12 INTERLEAVED | step 20000/20000 | ETA текущего run 0м 00с | checkpoint
ЭТАП 1/2 — обучение █████████████████░░░░░░░░░░░  61.7% 37/60 | seed=12 INTERLEAVED | step 20000/20000 | ETA текущего run 0м 00с | completed

--- запуск 38/60: seed=12, condition=BLOCKED_AB ---
ЭТАП 1/2 — обучение █████████████████░░░░░░░░░░░  61.7% 38/60 | seed=12 BLOCKED_AB | step 0/20000 | ETA текущего run 0м 00с | started
ЭТАП 1/2 — обучение █████████████████░░░░░░░░░░░  61.7% 38/60 | seed=12 BLOCKED_AB | step 500/20000 | ETA текущего run 1м 27с | training
ЭТАП 1/2 — обучение █████████████████░░░░░░░░░░░  61.7% 38/60 | seed=12 BLOCKED_AB | step 1000/20000 | ETA текущего run 1м 36с | training
ЭТАП 1/2 — обучение █████████████████░░░░░░░░░░░  61.8% 38/60 | seed=12 BLOCKED_AB | step 1500/20000 | ETA текущего run 2м 02с | training
ЭТАП 1/2 — обучение █████████████████░░░░░░░░░░░  61.8% 38/60 | seed=12 BLOCKED_AB | step 2000/20000 | ETA текущего run 2м 14с | training
ЭТАП 1/2 — обучение █████████████████░░░░░░░░░░░  61.9% 38/60 | seed=12 BLOCKED_AB | step 2500/20000 | ETA текущего run 2м 04с | training
ЭТАП 1/2 — обучение █████████████████░░░░░░░░░░░  61.9% 38/60 | seed=12 BLOCKED_AB | step 3000/20000 | ETA текущего run 1м 56с | training
ЭТАП 1/2 — обучение █████████████████░░░░░░░░░░░  62.0% 38/60 | seed=12 BLOCKED_AB | step 3500/20000 | ETA текущего run 1м 50с | training
ЭТАП 1/2 — обучение █████████████████░░░░░░░░░░░  62.0% 38/60 | seed=12 BLOCKED_AB | step 4000/20000 | ETA текущего run 1м 45с | training
ЭТАП 1/2 — обучение █████████████████░░░░░░░░░░░  62.0% 38/60 | seed=12 BLOCKED_AB | step 4000/20000 | ETA текущего run 1м 45с | checkpoint
ЭТАП 1/2 — обучение █████████████████░░░░░░░░░░░  62.0% 38/60 | seed=12 BLOCKED_AB | step 4500/20000 | ETA текущего run 1м 40с | training
ЭТАП 1/2 — обучение █████████████████░░░░░░░░░░░  62.1% 38/60 | seed=12 BLOCKED_AB | step 5000/20000 | ETA текущего run 1м 35с | training
ЭТАП 1/2 — обучение █████████████████░░░░░░░░░░░  62.1% 38/60 | seed=12 BLOCKED_AB | step 5500/20000 | ETA текущего run 1м 36с | training
ЭТАП 1/2 — обучение █████████████████░░░░░░░░░░░  62.2% 38/60 | seed=12 BLOCKED_AB | step 6000/20000 | ETA текущего run 1м 40с | training
ЭТАП 1/2 — обучение █████████████████░░░░░░░░░░░  62.2% 38/60 | seed=12 BLOCKED_AB | step 6500/20000 | ETA текущего run 1м 40с | training
ЭТАП 1/2 — обучение █████████████████░░░░░░░░░░░  62.3% 38/60 | seed=12 BLOCKED_AB | step 7000/20000 | ETA текущего run 1м 40с | training
ЭТАП 1/2 — обучение █████████████████░░░░░░░░░░░  62.3% 38/60 | seed=12 BLOCKED_AB | step 7500/20000 | ETA текущего run 1м 40с | training
ЭТАП 1/2 — обучение █████████████████░░░░░░░░░░░  62.3% 38/60 | seed=12 BLOCKED_AB | step 8000/20000 | ETA текущего run 1м 38с | training
ЭТАП 1/2 — обучение █████████████████░░░░░░░░░░░  62.4% 38/60 | seed=12 BLOCKED_AB | step 8500/20000 | ETA текущего run 1м 37с | training
ЭТАП 1/2 — обучение █████████████████░░░░░░░░░░░  62.4% 38/60 | seed=12 BLOCKED_AB | step 9000/20000 | ETA текущего run 1м 35с | training
ЭТАП 1/2 — обучение █████████████████░░░░░░░░░░░  62.5% 38/60 | seed=12 BLOCKED_AB | step 9500/20000 | ETA текущего run 1м 32с | training
ЭТАП 1/2 — обучение █████████████████░░░░░░░░░░░  62.5% 38/60 | seed=12 BLOCKED_AB | step 10000/20000 | ETA текущего run 1м 29с | training
ЭТАП 1/2 — обучение █████████████████░░░░░░░░░░░  62.5% 38/60 | seed=12 BLOCKED_AB | step 10000/20000 | ETA текущего run 1м 29с | checkpoint
ЭТАП 1/2 — обучение █████████████████░░░░░░░░░░░  62.5% 38/60 | seed=12 BLOCKED_AB | step 10500/20000 | ETA текущего run 1м 26с | training
ЭТАП 1/2 — обучение █████████████████░░░░░░░░░░░  62.6% 38/60 | seed=12 BLOCKED_AB | step 11000/20000 | ETA текущего run 1м 23с | training
ЭТАП 1/2 — обучение █████████████████░░░░░░░░░░░  62.6% 38/60 | seed=12 BLOCKED_AB | step 11500/20000 | ETA текущего run 1м 19с | training
ЭТАП 1/2 — обучение █████████████████░░░░░░░░░░░  62.7% 38/60 | seed=12 BLOCKED_AB | step 12000/20000 | ETA текущего run 1м 16с | training
ЭТАП 1/2 — обучение █████████████████░░░░░░░░░░░  62.7% 38/60 | seed=12 BLOCKED_AB | step 12500/20000 | ETA текущего run 1м 11с | training
ЭТАП 1/2 — обучение █████████████████░░░░░░░░░░░  62.7% 38/60 | seed=12 BLOCKED_AB | step 13000/20000 | ETA текущего run 1м 07с | training
ЭТАП 1/2 — обучение █████████████████░░░░░░░░░░░  62.8% 38/60 | seed=12 BLOCKED_AB | step 13500/20000 | ETA текущего run 1м 03с | training
ЭТАП 1/2 — обучение █████████████████░░░░░░░░░░░  62.8% 38/60 | seed=12 BLOCKED_AB | step 14000/20000 | ETA текущего run 0м 58с | training
ЭТАП 1/2 — обучение █████████████████░░░░░░░░░░░  62.9% 38/60 | seed=12 BLOCKED_AB | step 14500/20000 | ETA текущего run 0м 54с | training
ЭТАП 1/2 — обучение █████████████████░░░░░░░░░░░  62.9% 38/60 | seed=12 BLOCKED_AB | step 15000/20000 | ETA текущего run 0м 49с | training
ЭТАП 1/2 — обучение █████████████████░░░░░░░░░░░  63.0% 38/60 | seed=12 BLOCKED_AB | step 15500/20000 | ETA текущего run 0м 45с | training
ЭТАП 1/2 — обучение █████████████████░░░░░░░░░░░  63.0% 38/60 | seed=12 BLOCKED_AB | step 16000/20000 | ETA текущего run 0м 39с | training
ЭТАП 1/2 — обучение █████████████████░░░░░░░░░░░  63.0% 38/60 | seed=12 BLOCKED_AB | step 16500/20000 | ETA текущего run 0м 34с | training
ЭТАП 1/2 — обучение █████████████████░░░░░░░░░░░  63.1% 38/60 | seed=12 BLOCKED_AB | step 17000/20000 | ETA текущего run 0м 29с | training
ЭТАП 1/2 — обучение █████████████████░░░░░░░░░░░  63.1% 38/60 | seed=12 BLOCKED_AB | step 17500/20000 | ETA текущего run 0м 24с | training
ЭТАП 1/2 — обучение █████████████████░░░░░░░░░░░  63.2% 38/60 | seed=12 BLOCKED_AB | step 18000/20000 | ETA текущего run 0м 19с | training
ЭТАП 1/2 — обучение █████████████████░░░░░░░░░░░  63.2% 38/60 | seed=12 BLOCKED_AB | step 18500/20000 | ETA текущего run 0м 14с | training
ЭТАП 1/2 — обучение █████████████████░░░░░░░░░░░  63.3% 38/60 | seed=12 BLOCKED_AB | step 19000/20000 | ETA текущего run 0м 09с | training
ЭТАП 1/2 — обучение █████████████████░░░░░░░░░░░  63.3% 38/60 | seed=12 BLOCKED_AB | step 19500/20000 | ETA текущего run 0м 04с | training
ЭТАП 1/2 — обучение █████████████████░░░░░░░░░░░  63.3% 38/60 | seed=12 BLOCKED_AB | step 20000/20000 | ETA текущего run 0м 00с | training
ЭТАП 1/2 — обучение █████████████████░░░░░░░░░░░  63.3% 38/60 | seed=12 BLOCKED_AB | step 20000/20000 | ETA текущего run 0м 00с | checkpoint
ЭТАП 1/2 — обучение █████████████████░░░░░░░░░░░  63.3% 38/60 | seed=12 BLOCKED_AB | step 20000/20000 | ETA текущего run 0м 00с | completed

--- запуск 39/60: seed=12, condition=BLOCKED_BA ---
ЭТАП 1/2 — обучение █████████████████░░░░░░░░░░░  63.3% 39/60 | seed=12 BLOCKED_BA | step 0/20000 | ETA текущего run 0м 00с | started
ЭТАП 1/2 — обучение █████████████████░░░░░░░░░░░  63.4% 39/60 | seed=12 BLOCKED_BA | step 500/20000 | ETA текущего run 1м 24с | training
ЭТАП 1/2 — обучение █████████████████░░░░░░░░░░░  63.4% 39/60 | seed=12 BLOCKED_BA | step 1000/20000 | ETA текущего run 1м 34с | training
ЭТАП 1/2 — обучение █████████████████░░░░░░░░░░░  63.5% 39/60 | seed=12 BLOCKED_BA | step 1500/20000 | ETA текущего run 1м 36с | training
ЭТАП 1/2 — обучение █████████████████░░░░░░░░░░░  63.5% 39/60 | seed=12 BLOCKED_BA | step 2000/20000 | ETA текущего run 1м 37с | training
ЭТАП 1/2 — обучение █████████████████░░░░░░░░░░░  63.5% 39/60 | seed=12 BLOCKED_BA | step 2500/20000 | ETA текущего run 1м 53с | training
ЭТАП 1/2 — обучение █████████████████░░░░░░░░░░░  63.6% 39/60 | seed=12 BLOCKED_BA | step 3000/20000 | ETA текущего run 2м 05с | training
ЭТАП 1/2 — обучение █████████████████░░░░░░░░░░░  63.6% 39/60 | seed=12 BLOCKED_BA | step 3500/20000 | ETA текущего run 2м 19с | training
ЭТАП 1/2 — обучение █████████████████░░░░░░░░░░░  63.7% 39/60 | seed=12 BLOCKED_BA | step 4000/20000 | ETA текущего run 2м 26с | training
ЭТАП 1/2 — обучение █████████████████░░░░░░░░░░░  63.7% 39/60 | seed=12 BLOCKED_BA | step 4000/20000 | ETA текущего run 2м 27с | checkpoint
ЭТАП 1/2 — обучение █████████████████░░░░░░░░░░░  63.7% 39/60 | seed=12 BLOCKED_BA | step 4500/20000 | ETA текущего run 2м 27с | training
ЭТАП 1/2 — обучение █████████████████░░░░░░░░░░░  63.7% 39/60 | seed=12 BLOCKED_BA | step 5000/20000 | ETA текущего run 2м 26с | training
ЭТАП 1/2 — обучение █████████████████░░░░░░░░░░░  63.8% 39/60 | seed=12 BLOCKED_BA | step 5500/20000 | ETA текущего run 2м 27с | training
ЭТАП 1/2 — обучение █████████████████░░░░░░░░░░░  63.8% 39/60 | seed=12 BLOCKED_BA | step 6000/20000 | ETA текущего run 2м 23с | training
ЭТАП 1/2 — обучение █████████████████░░░░░░░░░░░  63.9% 39/60 | seed=12 BLOCKED_BA | step 6500/20000 | ETA текущего run 2м 20с | training
ЭТАП 1/2 — обучение █████████████████░░░░░░░░░░░  63.9% 39/60 | seed=12 BLOCKED_BA | step 7000/20000 | ETA текущего run 2м 16с | training
ЭТАП 1/2 — обучение █████████████████░░░░░░░░░░░  64.0% 39/60 | seed=12 BLOCKED_BA | step 7500/20000 | ETA текущего run 2м 13с | training
ЭТАП 1/2 — обучение █████████████████░░░░░░░░░░░  64.0% 39/60 | seed=12 BLOCKED_BA | step 8000/20000 | ETA текущего run 2м 08с | training
ЭТАП 1/2 — обучение █████████████████░░░░░░░░░░░  64.0% 39/60 | seed=12 BLOCKED_BA | step 8500/20000 | ETA текущего run 2м 04с | training
ЭТАП 1/2 — обучение █████████████████░░░░░░░░░░░  64.1% 39/60 | seed=12 BLOCKED_BA | step 9000/20000 | ETA текущего run 1м 59с | training
ЭТАП 1/2 — обучение █████████████████░░░░░░░░░░░  64.1% 39/60 | seed=12 BLOCKED_BA | step 9500/20000 | ETA текущего run 1м 51с | training
ЭТАП 1/2 — обучение █████████████████░░░░░░░░░░░  64.2% 39/60 | seed=12 BLOCKED_BA | step 10000/20000 | ETA текущего run 1м 43с | training
ЭТАП 1/2 — обучение █████████████████░░░░░░░░░░░  64.2% 39/60 | seed=12 BLOCKED_BA | step 10000/20000 | ETA текущего run 1м 43с | checkpoint
ЭТАП 1/2 — обучение █████████████████░░░░░░░░░░░  64.2% 39/60 | seed=12 BLOCKED_BA | step 10500/20000 | ETA текущего run 1м 35с | training
ЭТАП 1/2 — обучение █████████████████░░░░░░░░░░░  64.2% 39/60 | seed=12 BLOCKED_BA | step 11000/20000 | ETA текущего run 1м 28с | training
ЭТАП 1/2 — обучение ██████████████████░░░░░░░░░░  64.3% 39/60 | seed=12 BLOCKED_BA | step 11500/20000 | ETA текущего run 1м 21с | training
ЭТАП 1/2 — обучение ██████████████████░░░░░░░░░░  64.3% 39/60 | seed=12 BLOCKED_BA | step 12000/20000 | ETA текущего run 1м 15с | training
ЭТАП 1/2 — обучение ██████████████████░░░░░░░░░░  64.4% 39/60 | seed=12 BLOCKED_BA | step 12500/20000 | ETA текущего run 1м 09с | training
ЭТАП 1/2 — обучение ██████████████████░░░░░░░░░░  64.4% 39/60 | seed=12 BLOCKED_BA | step 13000/20000 | ETA текущего run 1м 04с | training
ЭТАП 1/2 — обучение ██████████████████░░░░░░░░░░  64.5% 39/60 | seed=12 BLOCKED_BA | step 13500/20000 | ETA текущего run 0м 58с | training
ЭТАП 1/2 — обучение ██████████████████░░░░░░░░░░  64.5% 39/60 | seed=12 BLOCKED_BA | step 14000/20000 | ETA текущего run 0м 53с | training
ЭТАП 1/2 — обучение ██████████████████░░░░░░░░░░  64.5% 39/60 | seed=12 BLOCKED_BA | step 14500/20000 | ETA текущего run 0м 48с | training
ЭТАП 1/2 — обучение ██████████████████░░░░░░░░░░  64.6% 39/60 | seed=12 BLOCKED_BA | step 15000/20000 | ETA текущего run 0м 43с | training
ЭТАП 1/2 — обучение ██████████████████░░░░░░░░░░  64.6% 39/60 | seed=12 BLOCKED_BA | step 15500/20000 | ETA текущего run 0м 38с | training
ЭТАП 1/2 — обучение ██████████████████░░░░░░░░░░  64.7% 39/60 | seed=12 BLOCKED_BA | step 16000/20000 | ETA текущего run 0м 34с | training
ЭТАП 1/2 — обучение ██████████████████░░░░░░░░░░  64.7% 39/60 | seed=12 BLOCKED_BA | step 16500/20000 | ETA текущего run 0м 29с | training
ЭТАП 1/2 — обучение ██████████████████░░░░░░░░░░  64.8% 39/60 | seed=12 BLOCKED_BA | step 17000/20000 | ETA текущего run 0м 24с | training
ЭТАП 1/2 — обучение ██████████████████░░░░░░░░░░  64.8% 39/60 | seed=12 BLOCKED_BA | step 17500/20000 | ETA текущего run 0м 20с | training
ЭТАП 1/2 — обучение ██████████████████░░░░░░░░░░  64.8% 39/60 | seed=12 BLOCKED_BA | step 18000/20000 | ETA текущего run 0м 16с | training
ЭТАП 1/2 — обучение ██████████████████░░░░░░░░░░  64.9% 39/60 | seed=12 BLOCKED_BA | step 18500/20000 | ETA текущего run 0м 12с | training
ЭТАП 1/2 — обучение ██████████████████░░░░░░░░░░  64.9% 39/60 | seed=12 BLOCKED_BA | step 19000/20000 | ETA текущего run 0м 08с | training
ЭТАП 1/2 — обучение ██████████████████░░░░░░░░░░  65.0% 39/60 | seed=12 BLOCKED_BA | step 19500/20000 | ETA текущего run 0м 04с | training
ЭТАП 1/2 — обучение ██████████████████░░░░░░░░░░  65.0% 39/60 | seed=12 BLOCKED_BA | step 20000/20000 | ETA текущего run 0м 00с | training
ЭТАП 1/2 — обучение ██████████████████░░░░░░░░░░  65.0% 39/60 | seed=12 BLOCKED_BA | step 20000/20000 | ETA текущего run 0м 00с | checkpoint
ЭТАП 1/2 — обучение ██████████████████░░░░░░░░░░  65.0% 39/60 | seed=12 BLOCKED_BA | step 20000/20000 | ETA текущего run 0м 00с | completed

--- запуск 40/60: seed=13, condition=INTERLEAVED ---
ЭТАП 1/2 — обучение ██████████████████░░░░░░░░░░  65.0% 40/60 | seed=13 INTERLEAVED | step 0/20000 | ETA текущего run 0м 00с | started
ЭТАП 1/2 — обучение ██████████████████░░░░░░░░░░  65.0% 40/60 | seed=13 INTERLEAVED | step 500/20000 | ETA текущего run 1м 18с | training
ЭТАП 1/2 — обучение ██████████████████░░░░░░░░░░  65.1% 40/60 | seed=13 INTERLEAVED | step 1000/20000 | ETA текущего run 1м 33с | training
ЭТАП 1/2 — обучение ██████████████████░░░░░░░░░░  65.1% 40/60 | seed=13 INTERLEAVED | step 1500/20000 | ETA текущего run 1м 36с | training
ЭТАП 1/2 — обучение ██████████████████░░░░░░░░░░  65.2% 40/60 | seed=13 INTERLEAVED | step 2000/20000 | ETA текущего run 1м 36с | training
ЭТАП 1/2 — обучение ██████████████████░░░░░░░░░░  65.2% 40/60 | seed=13 INTERLEAVED | step 2500/20000 | ETA текущего run 1м 31с | training
ЭТАП 1/2 — обучение ██████████████████░░░░░░░░░░  65.2% 40/60 | seed=13 INTERLEAVED | step 3000/20000 | ETA текущего run 1м 36с | training
ЭТАП 1/2 — обучение ██████████████████░░░░░░░░░░  65.3% 40/60 | seed=13 INTERLEAVED | step 3500/20000 | ETA текущего run 1м 31с | training
ЭТАП 1/2 — обучение ██████████████████░░░░░░░░░░  65.3% 40/60 | seed=13 INTERLEAVED | step 4000/20000 | ETA текущего run 1м 28с | training
ЭТАП 1/2 — обучение ██████████████████░░░░░░░░░░  65.3% 40/60 | seed=13 INTERLEAVED | step 4000/20000 | ETA текущего run 1м 28с | checkpoint
ЭТАП 1/2 — обучение ██████████████████░░░░░░░░░░  65.4% 40/60 | seed=13 INTERLEAVED | step 4500/20000 | ETA текущего run 1м 25с | training
ЭТАП 1/2 — обучение ██████████████████░░░░░░░░░░  65.4% 40/60 | seed=13 INTERLEAVED | step 5000/20000 | ETA текущего run 1м 21с | training
ЭТАП 1/2 — обучение ██████████████████░░░░░░░░░░  65.5% 40/60 | seed=13 INTERLEAVED | step 5500/20000 | ETA текущего run 1м 19с | training
ЭТАП 1/2 — обучение ██████████████████░░░░░░░░░░  65.5% 40/60 | seed=13 INTERLEAVED | step 6000/20000 | ETA текущего run 1м 17с | training
ЭТАП 1/2 — обучение ██████████████████░░░░░░░░░░  65.5% 40/60 | seed=13 INTERLEAVED | step 6500/20000 | ETA текущего run 1м 14с | training
ЭТАП 1/2 — обучение ██████████████████░░░░░░░░░░  65.6% 40/60 | seed=13 INTERLEAVED | step 7000/20000 | ETA текущего run 1м 11с | training
ЭТАП 1/2 — обучение ██████████████████░░░░░░░░░░  65.6% 40/60 | seed=13 INTERLEAVED | step 7500/20000 | ETA текущего run 1м 10с | training
ЭТАП 1/2 — обучение ██████████████████░░░░░░░░░░  65.7% 40/60 | seed=13 INTERLEAVED | step 8000/20000 | ETA текущего run 1м 09с | training
ЭТАП 1/2 — обучение ██████████████████░░░░░░░░░░  65.7% 40/60 | seed=13 INTERLEAVED | step 8500/20000 | ETA текущего run 1м 07с | training
ЭТАП 1/2 — обучение ██████████████████░░░░░░░░░░  65.8% 40/60 | seed=13 INTERLEAVED | step 9000/20000 | ETA текущего run 1м 03с | training
ЭТАП 1/2 — обучение ██████████████████░░░░░░░░░░  65.8% 40/60 | seed=13 INTERLEAVED | step 9500/20000 | ETA текущего run 1м 00с | training
ЭТАП 1/2 — обучение ██████████████████░░░░░░░░░░  65.8% 40/60 | seed=13 INTERLEAVED | step 10000/20000 | ETA текущего run 0м 57с | training
ЭТАП 1/2 — обучение ██████████████████░░░░░░░░░░  65.8% 40/60 | seed=13 INTERLEAVED | step 10000/20000 | ETA текущего run 0м 57с | checkpoint
ЭТАП 1/2 — обучение ██████████████████░░░░░░░░░░  65.9% 40/60 | seed=13 INTERLEAVED | step 10500/20000 | ETA текущего run 0м 57с | training
ЭТАП 1/2 — обучение ██████████████████░░░░░░░░░░  65.9% 40/60 | seed=13 INTERLEAVED | step 11000/20000 | ETA текущего run 0м 56с | training
ЭТАП 1/2 — обучение ██████████████████░░░░░░░░░░  66.0% 40/60 | seed=13 INTERLEAVED | step 11500/20000 | ETA текущего run 0м 55с | training
ЭТАП 1/2 — обучение ██████████████████░░░░░░░░░░  66.0% 40/60 | seed=13 INTERLEAVED | step 12000/20000 | ETA текущего run 0м 54с | training
ЭТАП 1/2 — обучение ██████████████████░░░░░░░░░░  66.0% 40/60 | seed=13 INTERLEAVED | step 12500/20000 | ETA текущего run 0м 53с | training
ЭТАП 1/2 — обучение ██████████████████░░░░░░░░░░  66.1% 40/60 | seed=13 INTERLEAVED | step 13000/20000 | ETA текущего run 0м 51с | training
ЭТАП 1/2 — обучение ██████████████████░░░░░░░░░░  66.1% 40/60 | seed=13 INTERLEAVED | step 13500/20000 | ETA текущего run 0м 49с | training
ЭТАП 1/2 — обучение ██████████████████░░░░░░░░░░  66.2% 40/60 | seed=13 INTERLEAVED | step 14000/20000 | ETA текущего run 0м 45с | training
ЭТАП 1/2 — обучение ██████████████████░░░░░░░░░░  66.2% 40/60 | seed=13 INTERLEAVED | step 14500/20000 | ETA текущего run 0м 42с | training
ЭТАП 1/2 — обучение ██████████████████░░░░░░░░░░  66.2% 40/60 | seed=13 INTERLEAVED | step 15000/20000 | ETA текущего run 0м 40с | training
ЭТАП 1/2 — обучение ██████████████████░░░░░░░░░░  66.3% 40/60 | seed=13 INTERLEAVED | step 15500/20000 | ETA текущего run 0м 37с | training
ЭТАП 1/2 — обучение ██████████████████░░░░░░░░░░  66.3% 40/60 | seed=13 INTERLEAVED | step 16000/20000 | ETA текущего run 0м 34с | training
ЭТАП 1/2 — обучение ██████████████████░░░░░░░░░░  66.4% 40/60 | seed=13 INTERLEAVED | step 16500/20000 | ETA текущего run 0м 30с | training
ЭТАП 1/2 — обучение ██████████████████░░░░░░░░░░  66.4% 40/60 | seed=13 INTERLEAVED | step 17000/20000 | ETA текущего run 0м 26с | training
ЭТАП 1/2 — обучение ██████████████████░░░░░░░░░░  66.5% 40/60 | seed=13 INTERLEAVED | step 17500/20000 | ETA текущего run 0м 22с | training
ЭТАП 1/2 — обучение ██████████████████░░░░░░░░░░  66.5% 40/60 | seed=13 INTERLEAVED | step 18000/20000 | ETA текущего run 0м 18с | training
ЭТАП 1/2 — обучение ██████████████████░░░░░░░░░░  66.5% 40/60 | seed=13 INTERLEAVED | step 18500/20000 | ETA текущего run 0м 14с | training
ЭТАП 1/2 — обучение ██████████████████░░░░░░░░░░  66.6% 40/60 | seed=13 INTERLEAVED | step 19000/20000 | ETA текущего run 0м 09с | training
ЭТАП 1/2 — обучение ██████████████████░░░░░░░░░░  66.6% 40/60 | seed=13 INTERLEAVED | step 19500/20000 | ETA текущего run 0м 04с | training
ЭТАП 1/2 — обучение ██████████████████░░░░░░░░░░  66.7% 40/60 | seed=13 INTERLEAVED | step 20000/20000 | ETA текущего run 0м 00с | training
ЭТАП 1/2 — обучение ██████████████████░░░░░░░░░░  66.7% 40/60 | seed=13 INTERLEAVED | step 20000/20000 | ETA текущего run 0м 00с | checkpoint
ЭТАП 1/2 — обучение ██████████████████░░░░░░░░░░  66.7% 40/60 | seed=13 INTERLEAVED | step 20000/20000 | ETA текущего run 0м 00с | completed

--- запуск 41/60: seed=13, condition=BLOCKED_AB ---
ЭТАП 1/2 — обучение ██████████████████░░░░░░░░░░  66.7% 41/60 | seed=13 BLOCKED_AB | step 0/20000 | ETA текущего run 0м 00с | started
ЭТАП 1/2 — обучение ██████████████████░░░░░░░░░░  66.7% 41/60 | seed=13 BLOCKED_AB | step 500/20000 | ETA текущего run 3м 18с | training
ЭТАП 1/2 — обучение ██████████████████░░░░░░░░░░  66.8% 41/60 | seed=13 BLOCKED_AB | step 1000/20000 | ETA текущего run 3м 50с | training
ЭТАП 1/2 — обучение ██████████████████░░░░░░░░░░  66.8% 41/60 | seed=13 BLOCKED_AB | step 1500/20000 | ETA текущего run 3м 45с | training
ЭТАП 1/2 — обучение ██████████████████░░░░░░░░░░  66.8% 41/60 | seed=13 BLOCKED_AB | step 2000/20000 | ETA текущего run 3м 40с | training
ЭТАП 1/2 — обучение ██████████████████░░░░░░░░░░  66.9% 41/60 | seed=13 BLOCKED_AB | step 2500/20000 | ETA текущего run 3м 36с | training
ЭТАП 1/2 — обучение ██████████████████░░░░░░░░░░  66.9% 41/60 | seed=13 BLOCKED_AB | step 3000/20000 | ETA текущего run 3м 24с | training
ЭТАП 1/2 — обучение ██████████████████░░░░░░░░░░  67.0% 41/60 | seed=13 BLOCKED_AB | step 3500/20000 | ETA текущего run 3м 18с | training
ЭТАП 1/2 — обучение ██████████████████░░░░░░░░░░  67.0% 41/60 | seed=13 BLOCKED_AB | step 4000/20000 | ETA текущего run 3м 13с | training
ЭТАП 1/2 — обучение ██████████████████░░░░░░░░░░  67.0% 41/60 | seed=13 BLOCKED_AB | step 4000/20000 | ETA текущего run 3м 13с | checkpoint
ЭТАП 1/2 — обучение ██████████████████░░░░░░░░░░  67.0% 41/60 | seed=13 BLOCKED_AB | step 4500/20000 | ETA текущего run 3м 10с | training
ЭТАП 1/2 — обучение ██████████████████░░░░░░░░░░  67.1% 41/60 | seed=13 BLOCKED_AB | step 5000/20000 | ETA текущего run 3м 04с | training
ЭТАП 1/2 — обучение ██████████████████░░░░░░░░░░  67.1% 41/60 | seed=13 BLOCKED_AB | step 5500/20000 | ETA текущего run 2м 49с | training
ЭТАП 1/2 — обучение ██████████████████░░░░░░░░░░  67.2% 41/60 | seed=13 BLOCKED_AB | step 6000/20000 | ETA текущего run 2м 36с | training
ЭТАП 1/2 — обучение ██████████████████░░░░░░░░░░  67.2% 41/60 | seed=13 BLOCKED_AB | step 6500/20000 | ETA текущего run 2м 25с | training
ЭТАП 1/2 — обучение ██████████████████░░░░░░░░░░  67.2% 41/60 | seed=13 BLOCKED_AB | step 7000/20000 | ETA текущего run 2м 15с | training
ЭТАП 1/2 — обучение ██████████████████░░░░░░░░░░  67.3% 41/60 | seed=13 BLOCKED_AB | step 7500/20000 | ETA текущего run 2м 05с | training
ЭТАП 1/2 — обучение ██████████████████░░░░░░░░░░  67.3% 41/60 | seed=13 BLOCKED_AB | step 8000/20000 | ETA текущего run 1м 57с | training
ЭТАП 1/2 — обучение ██████████████████░░░░░░░░░░  67.4% 41/60 | seed=13 BLOCKED_AB | step 8500/20000 | ETA текущего run 1м 49с | training
ЭТАП 1/2 — обучение ██████████████████░░░░░░░░░░  67.4% 41/60 | seed=13 BLOCKED_AB | step 9000/20000 | ETA текущего run 1м 42с | training
ЭТАП 1/2 — обучение ██████████████████░░░░░░░░░░  67.5% 41/60 | seed=13 BLOCKED_AB | step 9500/20000 | ETA текущего run 1м 35с | training
ЭТАП 1/2 — обучение ██████████████████░░░░░░░░░░  67.5% 41/60 | seed=13 BLOCKED_AB | step 10000/20000 | ETA текущего run 1м 29с | training
ЭТАП 1/2 — обучение ██████████████████░░░░░░░░░░  67.5% 41/60 | seed=13 BLOCKED_AB | step 10000/20000 | ETA текущего run 1м 29с | checkpoint
ЭТАП 1/2 — обучение ██████████████████░░░░░░░░░░  67.5% 41/60 | seed=13 BLOCKED_AB | step 10500/20000 | ETA текущего run 1м 23с | training
ЭТАП 1/2 — обучение ██████████████████░░░░░░░░░░  67.6% 41/60 | seed=13 BLOCKED_AB | step 11000/20000 | ETA текущего run 1м 17с | training
ЭТАП 1/2 — обучение ██████████████████░░░░░░░░░░  67.6% 41/60 | seed=13 BLOCKED_AB | step 11500/20000 | ETA текущего run 1м 12с | training
ЭТАП 1/2 — обучение ██████████████████░░░░░░░░░░  67.7% 41/60 | seed=13 BLOCKED_AB | step 12000/20000 | ETA текущего run 1м 06с | training
ЭТАП 1/2 — обучение ██████████████████░░░░░░░░░░  67.7% 41/60 | seed=13 BLOCKED_AB | step 12500/20000 | ETA текущего run 1м 01с | training
ЭТАП 1/2 — обучение ██████████████████░░░░░░░░░░  67.8% 41/60 | seed=13 BLOCKED_AB | step 13000/20000 | ETA текущего run 0м 57с | training
ЭТАП 1/2 — обучение ██████████████████░░░░░░░░░░  67.8% 41/60 | seed=13 BLOCKED_AB | step 13500/20000 | ETA текущего run 0м 52с | training
ЭТАП 1/2 — обучение ██████████████████░░░░░░░░░░  67.8% 41/60 | seed=13 BLOCKED_AB | step 14000/20000 | ETA текущего run 0м 47с | training
ЭТАП 1/2 — обучение ███████████████████░░░░░░░░░  67.9% 41/60 | seed=13 BLOCKED_AB | step 14500/20000 | ETA текущего run 0м 43с | training
ЭТАП 1/2 — обучение ███████████████████░░░░░░░░░  67.9% 41/60 | seed=13 BLOCKED_AB | step 15000/20000 | ETA текущего run 0м 39с | training
ЭТАП 1/2 — обучение ███████████████████░░░░░░░░░  68.0% 41/60 | seed=13 BLOCKED_AB | step 15500/20000 | ETA текущего run 0м 36с | training
ЭТАП 1/2 — обучение ███████████████████░░░░░░░░░  68.0% 41/60 | seed=13 BLOCKED_AB | step 16000/20000 | ETA текущего run 0м 32с | training
ЭТАП 1/2 — обучение ███████████████████░░░░░░░░░  68.0% 41/60 | seed=13 BLOCKED_AB | step 16500/20000 | ETA текущего run 0м 29с | training
ЭТАП 1/2 — обучение ███████████████████░░░░░░░░░  68.1% 41/60 | seed=13 BLOCKED_AB | step 17000/20000 | ETA текущего run 0м 25с | training
ЭТАП 1/2 — обучение ███████████████████░░░░░░░░░  68.1% 41/60 | seed=13 BLOCKED_AB | step 17500/20000 | ETA текущего run 0м 21с | training
ЭТАП 1/2 — обучение ███████████████████░░░░░░░░░  68.2% 41/60 | seed=13 BLOCKED_AB | step 18000/20000 | ETA текущего run 0м 17с | training
ЭТАП 1/2 — обучение ███████████████████░░░░░░░░░  68.2% 41/60 | seed=13 BLOCKED_AB | step 18500/20000 | ETA текущего run 0м 13с | training
ЭТАП 1/2 — обучение ███████████████████░░░░░░░░░  68.2% 41/60 | seed=13 BLOCKED_AB | step 19000/20000 | ETA текущего run 0м 09с | training
ЭТАП 1/2 — обучение ███████████████████░░░░░░░░░  68.3% 41/60 | seed=13 BLOCKED_AB | step 19500/20000 | ETA текущего run 0м 04с | training
ЭТАП 1/2 — обучение ███████████████████░░░░░░░░░  68.3% 41/60 | seed=13 BLOCKED_AB | step 20000/20000 | ETA текущего run 0м 00с | training
ЭТАП 1/2 — обучение ███████████████████░░░░░░░░░  68.3% 41/60 | seed=13 BLOCKED_AB | step 20000/20000 | ETA текущего run 0м 00с | checkpoint
ЭТАП 1/2 — обучение ███████████████████░░░░░░░░░  68.3% 41/60 | seed=13 BLOCKED_AB | step 20000/20000 | ETA текущего run 0м 00с | completed

--- запуск 42/60: seed=13, condition=BLOCKED_BA ---
ЭТАП 1/2 — обучение ███████████████████░░░░░░░░░  68.3% 42/60 | seed=13 BLOCKED_BA | step 0/20000 | ETA текущего run 0м 00с | started
ЭТАП 1/2 — обучение ███████████████████░░░░░░░░░  68.4% 42/60 | seed=13 BLOCKED_BA | step 500/20000 | ETA текущего run 2м 47с | training
ЭТАП 1/2 — обучение ███████████████████░░░░░░░░░  68.4% 42/60 | seed=13 BLOCKED_BA | step 1000/20000 | ETA текущего run 3м 09с | training
ЭТАП 1/2 — обучение ███████████████████░░░░░░░░░  68.5% 42/60 | seed=13 BLOCKED_BA | step 1500/20000 | ETA текущего run 3м 15с | training
ЭТАП 1/2 — обучение ███████████████████░░░░░░░░░  68.5% 42/60 | seed=13 BLOCKED_BA | step 2000/20000 | ETA текущего run 3м 17с | training
ЭТАП 1/2 — обучение ███████████████████░░░░░░░░░  68.5% 42/60 | seed=13 BLOCKED_BA | step 2500/20000 | ETA текущего run 3м 17с | training
ЭТАП 1/2 — обучение ███████████████████░░░░░░░░░  68.6% 42/60 | seed=13 BLOCKED_BA | step 3000/20000 | ETA текущего run 3м 16с | training
ЭТАП 1/2 — обучение ███████████████████░░░░░░░░░  68.6% 42/60 | seed=13 BLOCKED_BA | step 3500/20000 | ETA текущего run 3м 13с | training
ЭТАП 1/2 — обучение ███████████████████░░░░░░░░░  68.7% 42/60 | seed=13 BLOCKED_BA | step 4000/20000 | ETA текущего run 3м 13с | training
ЭТАП 1/2 — обучение ███████████████████░░░░░░░░░  68.7% 42/60 | seed=13 BLOCKED_BA | step 4000/20000 | ETA текущего run 3м 14с | checkpoint
ЭТАП 1/2 — обучение ███████████████████░░░░░░░░░  68.7% 42/60 | seed=13 BLOCKED_BA | step 4500/20000 | ETA текущего run 3м 14с | training
ЭТАП 1/2 — обучение ███████████████████░░░░░░░░░  68.8% 42/60 | seed=13 BLOCKED_BA | step 5000/20000 | ETA текущего run 3м 11с | training
ЭТАП 1/2 — обучение ███████████████████░░░░░░░░░  68.8% 42/60 | seed=13 BLOCKED_BA | step 5500/20000 | ETA текущего run 3м 06с | training
ЭТАП 1/2 — обучение ███████████████████░░░░░░░░░  68.8% 42/60 | seed=13 BLOCKED_BA | step 6000/20000 | ETA текущего run 3м 02с | training
ЭТАП 1/2 — обучение ███████████████████░░░░░░░░░  68.9% 42/60 | seed=13 BLOCKED_BA | step 6500/20000 | ETA текущего run 2м 58с | training
ЭТАП 1/2 — обучение ███████████████████░░░░░░░░░  68.9% 42/60 | seed=13 BLOCKED_BA | step 7000/20000 | ETA текущего run 2м 52с | training
ЭТАП 1/2 — обучение ███████████████████░░░░░░░░░  69.0% 42/60 | seed=13 BLOCKED_BA | step 7500/20000 | ETA текущего run 2м 47с | training
ЭТАП 1/2 — обучение ███████████████████░░░░░░░░░  69.0% 42/60 | seed=13 BLOCKED_BA | step 8000/20000 | ETA текущего run 2м 42с | training
ЭТАП 1/2 — обучение ███████████████████░░░░░░░░░  69.0% 42/60 | seed=13 BLOCKED_BA | step 8500/20000 | ETA текущего run 2м 36с | training
ЭТАП 1/2 — обучение ███████████████████░░░░░░░░░  69.1% 42/60 | seed=13 BLOCKED_BA | step 9000/20000 | ETA текущего run 2м 29с | training
ЭТАП 1/2 — обучение ███████████████████░░░░░░░░░  69.1% 42/60 | seed=13 BLOCKED_BA | step 9500/20000 | ETA текущего run 2м 21с | training
ЭТАП 1/2 — обучение ███████████████████░░░░░░░░░  69.2% 42/60 | seed=13 BLOCKED_BA | step 10000/20000 | ETA текущего run 2м 13с | training
ЭТАП 1/2 — обучение ███████████████████░░░░░░░░░  69.2% 42/60 | seed=13 BLOCKED_BA | step 10000/20000 | ETA текущего run 2м 13с | checkpoint
ЭТАП 1/2 — обучение ███████████████████░░░░░░░░░  69.2% 42/60 | seed=13 BLOCKED_BA | step 10500/20000 | ETA текущего run 2м 06с | training
ЭТАП 1/2 — обучение ███████████████████░░░░░░░░░  69.2% 42/60 | seed=13 BLOCKED_BA | step 11000/20000 | ETA текущего run 1м 59с | training
ЭТАП 1/2 — обучение ███████████████████░░░░░░░░░  69.3% 42/60 | seed=13 BLOCKED_BA | step 11500/20000 | ETA текущего run 1м 52с | training
ЭТАП 1/2 — обучение ███████████████████░░░░░░░░░  69.3% 42/60 | seed=13 BLOCKED_BA | step 12000/20000 | ETA текущего run 1м 45с | training
ЭТАП 1/2 — обучение ███████████████████░░░░░░░░░  69.4% 42/60 | seed=13 BLOCKED_BA | step 12500/20000 | ETA текущего run 1м 38с | training
ЭТАП 1/2 — обучение ███████████████████░░░░░░░░░  69.4% 42/60 | seed=13 BLOCKED_BA | step 13000/20000 | ETA текущего run 1м 31с | training
ЭТАП 1/2 — обучение ███████████████████░░░░░░░░░  69.5% 42/60 | seed=13 BLOCKED_BA | step 13500/20000 | ETA текущего run 1м 24с | training
ЭТАП 1/2 — обучение ███████████████████░░░░░░░░░  69.5% 42/60 | seed=13 BLOCKED_BA | step 14000/20000 | ETA текущего run 1м 18с | training
ЭТАП 1/2 — обучение ███████████████████░░░░░░░░░  69.5% 42/60 | seed=13 BLOCKED_BA | step 14500/20000 | ETA текущего run 1м 11с | training
ЭТАП 1/2 — обучение ███████████████████░░░░░░░░░  69.6% 42/60 | seed=13 BLOCKED_BA | step 15000/20000 | ETA текущего run 1м 04с | training
ЭТАП 1/2 — обучение ███████████████████░░░░░░░░░  69.6% 42/60 | seed=13 BLOCKED_BA | step 15500/20000 | ETA текущего run 0м 58с | training
ЭТАП 1/2 — обучение ███████████████████░░░░░░░░░  69.7% 42/60 | seed=13 BLOCKED_BA | step 16000/20000 | ETA текущего run 0м 51с | training
ЭТАП 1/2 — обучение ███████████████████░░░░░░░░░  69.7% 42/60 | seed=13 BLOCKED_BA | step 16500/20000 | ETA текущего run 0м 45с | training
ЭТАП 1/2 — обучение ███████████████████░░░░░░░░░  69.8% 42/60 | seed=13 BLOCKED_BA | step 17000/20000 | ETA текущего run 0м 38с | training
ЭТАП 1/2 — обучение ███████████████████░░░░░░░░░  69.8% 42/60 | seed=13 BLOCKED_BA | step 17500/20000 | ETA текущего run 0м 32с | training
ЭТАП 1/2 — обучение ███████████████████░░░░░░░░░  69.8% 42/60 | seed=13 BLOCKED_BA | step 18000/20000 | ETA текущего run 0м 25с | training
ЭТАП 1/2 — обучение ███████████████████░░░░░░░░░  69.9% 42/60 | seed=13 BLOCKED_BA | step 18500/20000 | ETA текущего run 0м 19с | training
ЭТАП 1/2 — обучение ███████████████████░░░░░░░░░  69.9% 42/60 | seed=13 BLOCKED_BA | step 19000/20000 | ETA текущего run 0м 12с | training
ЭТАП 1/2 — обучение ███████████████████░░░░░░░░░  70.0% 42/60 | seed=13 BLOCKED_BA | step 19500/20000 | ETA текущего run 0м 06с | training
ЭТАП 1/2 — обучение ███████████████████░░░░░░░░░  70.0% 42/60 | seed=13 BLOCKED_BA | step 20000/20000 | ETA текущего run 0м 00с | training
ЭТАП 1/2 — обучение ███████████████████░░░░░░░░░  70.0% 42/60 | seed=13 BLOCKED_BA | step 20000/20000 | ETA текущего run 0м 00с | checkpoint
ЭТАП 1/2 — обучение ███████████████████░░░░░░░░░  70.0% 42/60 | seed=13 BLOCKED_BA | step 20000/20000 | ETA текущего run 0м 00с | completed

--- запуск 43/60: seed=14, condition=INTERLEAVED ---
ЭТАП 1/2 — обучение ███████████████████░░░░░░░░░  70.0% 43/60 | seed=14 INTERLEAVED | step 0/20000 | ETA текущего run 0м 00с | started
ЭТАП 1/2 — обучение ███████████████████░░░░░░░░░  70.0% 43/60 | seed=14 INTERLEAVED | step 500/20000 | ETA текущего run 2м 54с | training
ЭТАП 1/2 — обучение ███████████████████░░░░░░░░░  70.1% 43/60 | seed=14 INTERLEAVED | step 1000/20000 | ETA текущего run 3м 27с | training
ЭТАП 1/2 — обучение ███████████████████░░░░░░░░░  70.1% 43/60 | seed=14 INTERLEAVED | step 1500/20000 | ETA текущего run 3м 35с | training
ЭТАП 1/2 — обучение ███████████████████░░░░░░░░░  70.2% 43/60 | seed=14 INTERLEAVED | step 2000/20000 | ETA текущего run 3м 32с | training
ЭТАП 1/2 — обучение ███████████████████░░░░░░░░░  70.2% 43/60 | seed=14 INTERLEAVED | step 2500/20000 | ETA текущего run 3м 27с | training
ЭТАП 1/2 — обучение ███████████████████░░░░░░░░░  70.2% 43/60 | seed=14 INTERLEAVED | step 3000/20000 | ETA текущего run 3м 24с | training
ЭТАП 1/2 — обучение ███████████████████░░░░░░░░░  70.3% 43/60 | seed=14 INTERLEAVED | step 3500/20000 | ETA текущего run 3м 21с | training
ЭТАП 1/2 — обучение ███████████████████░░░░░░░░░  70.3% 43/60 | seed=14 INTERLEAVED | step 4000/20000 | ETA текущего run 3м 15с | training
ЭТАП 1/2 — обучение ███████████████████░░░░░░░░░  70.3% 43/60 | seed=14 INTERLEAVED | step 4000/20000 | ETA текущего run 3м 15с | checkpoint
ЭТАП 1/2 — обучение ███████████████████░░░░░░░░░  70.4% 43/60 | seed=14 INTERLEAVED | step 4500/20000 | ETA текущего run 3м 10с | training
ЭТАП 1/2 — обучение ███████████████████░░░░░░░░░  70.4% 43/60 | seed=14 INTERLEAVED | step 5000/20000 | ETA текущего run 3м 03с | training
ЭТАП 1/2 — обучение ███████████████████░░░░░░░░░  70.5% 43/60 | seed=14 INTERLEAVED | step 5500/20000 | ETA текущего run 2м 58с | training
ЭТАП 1/2 — обучение ███████████████████░░░░░░░░░  70.5% 43/60 | seed=14 INTERLEAVED | step 6000/20000 | ETA текущего run 2м 53с | training
ЭТАП 1/2 — обучение ███████████████████░░░░░░░░░  70.5% 43/60 | seed=14 INTERLEAVED | step 6500/20000 | ETA текущего run 2м 47с | training
ЭТАП 1/2 — обучение ███████████████████░░░░░░░░░  70.6% 43/60 | seed=14 INTERLEAVED | step 7000/20000 | ETA текущего run 2м 41с | training
ЭТАП 1/2 — обучение ███████████████████░░░░░░░░░  70.6% 43/60 | seed=14 INTERLEAVED | step 7500/20000 | ETA текущего run 2м 35с | training
ЭТАП 1/2 — обучение ███████████████████░░░░░░░░░  70.7% 43/60 | seed=14 INTERLEAVED | step 8000/20000 | ETA текущего run 2м 29с | training
ЭТАП 1/2 — обучение ███████████████████░░░░░░░░░  70.7% 43/60 | seed=14 INTERLEAVED | step 8500/20000 | ETA текущего run 2м 23с | training
ЭТАП 1/2 — обучение ███████████████████░░░░░░░░░  70.8% 43/60 | seed=14 INTERLEAVED | step 9000/20000 | ETA текущего run 2м 17с | training
ЭТАП 1/2 — обучение ███████████████████░░░░░░░░░  70.8% 43/60 | seed=14 INTERLEAVED | step 9500/20000 | ETA текущего run 2м 11с | training
ЭТАП 1/2 — обучение ███████████████████░░░░░░░░░  70.8% 43/60 | seed=14 INTERLEAVED | step 10000/20000 | ETA текущего run 2м 04с | training
ЭТАП 1/2 — обучение ███████████████████░░░░░░░░░  70.8% 43/60 | seed=14 INTERLEAVED | step 10000/20000 | ETA текущего run 2м 04с | checkpoint
ЭТАП 1/2 — обучение ███████████████████░░░░░░░░░  70.9% 43/60 | seed=14 INTERLEAVED | step 10500/20000 | ETA текущего run 1м 58с | training
ЭТАП 1/2 — обучение ███████████████████░░░░░░░░░  70.9% 43/60 | seed=14 INTERLEAVED | step 11000/20000 | ETA текущего run 1м 52с | training
ЭТАП 1/2 — обучение ███████████████████░░░░░░░░░  71.0% 43/60 | seed=14 INTERLEAVED | step 11500/20000 | ETA текущего run 1м 46с | training
ЭТАП 1/2 — обучение ███████████████████░░░░░░░░░  71.0% 43/60 | seed=14 INTERLEAVED | step 12000/20000 | ETA текущего run 1м 40с | training
ЭТАП 1/2 — обучение ███████████████████░░░░░░░░░  71.0% 43/60 | seed=14 INTERLEAVED | step 12500/20000 | ETA текущего run 1м 34с | training
ЭТАП 1/2 — обучение ███████████████████░░░░░░░░░  71.1% 43/60 | seed=14 INTERLEAVED | step 13000/20000 | ETA текущего run 1м 29с | training
ЭТАП 1/2 — обучение ███████████████████░░░░░░░░░  71.1% 43/60 | seed=14 INTERLEAVED | step 13500/20000 | ETA текущего run 1м 23с | training
ЭТАП 1/2 — обучение ███████████████████░░░░░░░░░  71.2% 43/60 | seed=14 INTERLEAVED | step 14000/20000 | ETA текущего run 1м 16с | training
ЭТАП 1/2 — обучение ███████████████████░░░░░░░░░  71.2% 43/60 | seed=14 INTERLEAVED | step 14500/20000 | ETA текущего run 1м 10с | training
ЭТАП 1/2 — обучение ███████████████████░░░░░░░░░  71.2% 43/60 | seed=14 INTERLEAVED | step 15000/20000 | ETA текущего run 1м 04с | training
ЭТАП 1/2 — обучение ███████████████████░░░░░░░░░  71.3% 43/60 | seed=14 INTERLEAVED | step 15500/20000 | ETA текущего run 0м 58с | training
ЭТАП 1/2 — обучение ███████████████████░░░░░░░░░  71.3% 43/60 | seed=14 INTERLEAVED | step 16000/20000 | ETA текущего run 0м 52с | training
ЭТАП 1/2 — обучение ███████████████████░░░░░░░░░  71.4% 43/60 | seed=14 INTERLEAVED | step 16500/20000 | ETA текущего run 0м 45с | training
ЭТАП 1/2 — обучение ███████████████████░░░░░░░░░  71.4% 43/60 | seed=14 INTERLEAVED | step 17000/20000 | ETA текущего run 0м 38с | training
ЭТАП 1/2 — обучение ████████████████████░░░░░░░░  71.5% 43/60 | seed=14 INTERLEAVED | step 17500/20000 | ETA текущего run 0м 32с | training
ЭТАП 1/2 — обучение ████████████████████░░░░░░░░  71.5% 43/60 | seed=14 INTERLEAVED | step 18000/20000 | ETA текущего run 0м 25с | training
ЭТАП 1/2 — обучение ████████████████████░░░░░░░░  71.5% 43/60 | seed=14 INTERLEAVED | step 18500/20000 | ETA текущего run 0м 19с | training
ЭТАП 1/2 — обучение ████████████████████░░░░░░░░  71.6% 43/60 | seed=14 INTERLEAVED | step 19000/20000 | ETA текущего run 0м 12с | training
ЭТАП 1/2 — обучение ████████████████████░░░░░░░░  71.6% 43/60 | seed=14 INTERLEAVED | step 19500/20000 | ETA текущего run 0м 06с | training
ЭТАП 1/2 — обучение ████████████████████░░░░░░░░  71.7% 43/60 | seed=14 INTERLEAVED | step 20000/20000 | ETA текущего run 0м 00с | training
ЭТАП 1/2 — обучение ████████████████████░░░░░░░░  71.7% 43/60 | seed=14 INTERLEAVED | step 20000/20000 | ETA текущего run 0м 00с | checkpoint
ЭТАП 1/2 — обучение ████████████████████░░░░░░░░  71.7% 43/60 | seed=14 INTERLEAVED | step 20000/20000 | ETA текущего run 0м 00с | completed

--- запуск 44/60: seed=14, condition=BLOCKED_AB ---
ЭТАП 1/2 — обучение ████████████████████░░░░░░░░  71.7% 44/60 | seed=14 BLOCKED_AB | step 0/20000 | ETA текущего run 0м 00с | started
ЭТАП 1/2 — обучение ████████████████████░░░░░░░░  71.7% 44/60 | seed=14 BLOCKED_AB | step 500/20000 | ETA текущего run 2м 16с | training
ЭТАП 1/2 — обучение ████████████████████░░░░░░░░  71.7% 44/60 | seed=14 BLOCKED_AB | step 1000/20000 | ETA текущего run 3м 12с | training
ЭТАП 1/2 — обучение ████████████████████░░░░░░░░  71.8% 44/60 | seed=14 BLOCKED_AB | step 1500/20000 | ETA текущего run 3м 11с | training
ЭТАП 1/2 — обучение ████████████████████░░░░░░░░  71.8% 44/60 | seed=14 BLOCKED_AB | step 2000/20000 | ETA текущего run 3м 18с | training
ЭТАП 1/2 — обучение ████████████████████░░░░░░░░  71.9% 44/60 | seed=14 BLOCKED_AB | step 2500/20000 | ETA текущего run 3м 25с | training
ЭТАП 1/2 — обучение ████████████████████░░░░░░░░  71.9% 44/60 | seed=14 BLOCKED_AB | step 3000/20000 | ETA текущего run 3м 28с | training
ЭТАП 1/2 — обучение ████████████████████░░░░░░░░  72.0% 44/60 | seed=14 BLOCKED_AB | step 3500/20000 | ETA текущего run 3м 23с | training
ЭТАП 1/2 — обучение ████████████████████░░░░░░░░  72.0% 44/60 | seed=14 BLOCKED_AB | step 4000/20000 | ETA текущего run 3м 16с | training
ЭТАП 1/2 — обучение ████████████████████░░░░░░░░  72.0% 44/60 | seed=14 BLOCKED_AB | step 4000/20000 | ETA текущего run 3м 16с | checkpoint
ЭТАП 1/2 — обучение ████████████████████░░░░░░░░  72.0% 44/60 | seed=14 BLOCKED_AB | step 4500/20000 | ETA текущего run 3м 09с | training
ЭТАП 1/2 — обучение ████████████████████░░░░░░░░  72.1% 44/60 | seed=14 BLOCKED_AB | step 5000/20000 | ETA текущего run 3м 04с | training
ЭТАП 1/2 — обучение ████████████████████░░░░░░░░  72.1% 44/60 | seed=14 BLOCKED_AB | step 5500/20000 | ETA текущего run 3м 03с | training
ЭТАП 1/2 — обучение ████████████████████░░░░░░░░  72.2% 44/60 | seed=14 BLOCKED_AB | step 6000/20000 | ETA текущего run 2м 57с | training
ЭТАП 1/2 — обучение ████████████████████░░░░░░░░  72.2% 44/60 | seed=14 BLOCKED_AB | step 6500/20000 | ETA текущего run 2м 51с | training
ЭТАП 1/2 — обучение ████████████████████░░░░░░░░  72.2% 44/60 | seed=14 BLOCKED_AB | step 7000/20000 | ETA текущего run 2м 47с | training
ЭТАП 1/2 — обучение ████████████████████░░░░░░░░  72.3% 44/60 | seed=14 BLOCKED_AB | step 7500/20000 | ETA текущего run 2м 42с | training
ЭТАП 1/2 — обучение ████████████████████░░░░░░░░  72.3% 44/60 | seed=14 BLOCKED_AB | step 8000/20000 | ETA текущего run 2м 37с | training
ЭТАП 1/2 — обучение ████████████████████░░░░░░░░  72.4% 44/60 | seed=14 BLOCKED_AB | step 8500/20000 | ETA текущего run 2м 31с | training
ЭТАП 1/2 — обучение ████████████████████░░░░░░░░  72.4% 44/60 | seed=14 BLOCKED_AB | step 9000/20000 | ETA текущего run 2м 25с | training
ЭТАП 1/2 — обучение ████████████████████░░░░░░░░  72.5% 44/60 | seed=14 BLOCKED_AB | step 9500/20000 | ETA текущего run 2м 19с | training
ЭТАП 1/2 — обучение ████████████████████░░░░░░░░  72.5% 44/60 | seed=14 BLOCKED_AB | step 10000/20000 | ETA текущего run 2м 14с | training
ЭТАП 1/2 — обучение ████████████████████░░░░░░░░  72.5% 44/60 | seed=14 BLOCKED_AB | step 10000/20000 | ETA текущего run 2м 14с | checkpoint
ЭТАП 1/2 — обучение ████████████████████░░░░░░░░  72.5% 44/60 | seed=14 BLOCKED_AB | step 10500/20000 | ETA текущего run 2м 08с | training
ЭТАП 1/2 — обучение ████████████████████░░░░░░░░  72.6% 44/60 | seed=14 BLOCKED_AB | step 11000/20000 | ETA текущего run 2м 02с | training
ЭТАП 1/2 — обучение ████████████████████░░░░░░░░  72.6% 44/60 | seed=14 BLOCKED_AB | step 11500/20000 | ETA текущего run 1м 55с | training
ЭТАП 1/2 — обучение ████████████████████░░░░░░░░  72.7% 44/60 | seed=14 BLOCKED_AB | step 12000/20000 | ETA текущего run 1м 49с | training
ЭТАП 1/2 — обучение ████████████████████░░░░░░░░  72.7% 44/60 | seed=14 BLOCKED_AB | step 12500/20000 | ETA текущего run 1м 42с | training
ЭТАП 1/2 — обучение ████████████████████░░░░░░░░  72.7% 44/60 | seed=14 BLOCKED_AB | step 13000/20000 | ETA текущего run 1м 35с | training
ЭТАП 1/2 — обучение ████████████████████░░░░░░░░  72.8% 44/60 | seed=14 BLOCKED_AB | step 13500/20000 | ETA текущего run 1м 29с | training
ЭТАП 1/2 — обучение ████████████████████░░░░░░░░  72.8% 44/60 | seed=14 BLOCKED_AB | step 14000/20000 | ETA текущего run 1м 22с | training
ЭТАП 1/2 — обучение ████████████████████░░░░░░░░  72.9% 44/60 | seed=14 BLOCKED_AB | step 14500/20000 | ETA текущего run 1м 15с | training
ЭТАП 1/2 — обучение ████████████████████░░░░░░░░  72.9% 44/60 | seed=14 BLOCKED_AB | step 15000/20000 | ETA текущего run 1м 08с | training
ЭТАП 1/2 — обучение ████████████████████░░░░░░░░  73.0% 44/60 | seed=14 BLOCKED_AB | step 15500/20000 | ETA текущего run 1м 02с | training
ЭТАП 1/2 — обучение ████████████████████░░░░░░░░  73.0% 44/60 | seed=14 BLOCKED_AB | step 16000/20000 | ETA текущего run 0м 55с | training
ЭТАП 1/2 — обучение ████████████████████░░░░░░░░  73.0% 44/60 | seed=14 BLOCKED_AB | step 16500/20000 | ETA текущего run 0м 48с | training
ЭТАП 1/2 — обучение ████████████████████░░░░░░░░  73.1% 44/60 | seed=14 BLOCKED_AB | step 17000/20000 | ETA текущего run 0м 41с | training
ЭТАП 1/2 — обучение ████████████████████░░░░░░░░  73.1% 44/60 | seed=14 BLOCKED_AB | step 17500/20000 | ETA текущего run 0м 34с | training
ЭТАП 1/2 — обучение ████████████████████░░░░░░░░  73.2% 44/60 | seed=14 BLOCKED_AB | step 18000/20000 | ETA текущего run 0м 27с | training
ЭТАП 1/2 — обучение ████████████████████░░░░░░░░  73.2% 44/60 | seed=14 BLOCKED_AB | step 18500/20000 | ETA текущего run 0м 20с | training
ЭТАП 1/2 — обучение ████████████████████░░░░░░░░  73.2% 44/60 | seed=14 BLOCKED_AB | step 19000/20000 | ETA текущего run 0м 13с | training
ЭТАП 1/2 — обучение ████████████████████░░░░░░░░  73.3% 44/60 | seed=14 BLOCKED_AB | step 19500/20000 | ETA текущего run 0м 06с | training
ЭТАП 1/2 — обучение ████████████████████░░░░░░░░  73.3% 44/60 | seed=14 BLOCKED_AB | step 20000/20000 | ETA текущего run 0м 00с | training
ЭТАП 1/2 — обучение ████████████████████░░░░░░░░  73.3% 44/60 | seed=14 BLOCKED_AB | step 20000/20000 | ETA текущего run 0м 00с | checkpoint
ЭТАП 1/2 — обучение ████████████████████░░░░░░░░  73.3% 44/60 | seed=14 BLOCKED_AB | step 20000/20000 | ETA текущего run 0м 00с | completed

--- запуск 45/60: seed=14, condition=BLOCKED_BA ---
ЭТАП 1/2 — обучение ████████████████████░░░░░░░░  73.3% 45/60 | seed=14 BLOCKED_BA | step 0/20000 | ETA текущего run 0м 00с | started
ЭТАП 1/2 — обучение ████████████████████░░░░░░░░  73.4% 45/60 | seed=14 BLOCKED_BA | step 500/20000 | ETA текущего run 2м 08с | training
ЭТАП 1/2 — обучение ████████████████████░░░░░░░░  73.4% 45/60 | seed=14 BLOCKED_BA | step 1000/20000 | ETA текущего run 1м 51с | training
ЭТАП 1/2 — обучение ████████████████████░░░░░░░░  73.5% 45/60 | seed=14 BLOCKED_BA | step 1500/20000 | ETA текущего run 1м 47с | training
ЭТАП 1/2 — обучение ████████████████████░░░░░░░░  73.5% 45/60 | seed=14 BLOCKED_BA | step 2000/20000 | ETA текущего run 1м 44с | training
ЭТАП 1/2 — обучение ████████████████████░░░░░░░░  73.5% 45/60 | seed=14 BLOCKED_BA | step 2500/20000 | ETA текущего run 1м 40с | training
ЭТАП 1/2 — обучение ████████████████████░░░░░░░░  73.6% 45/60 | seed=14 BLOCKED_BA | step 3000/20000 | ETA текущего run 1м 36с | training
ЭТАП 1/2 — обучение ████████████████████░░░░░░░░  73.6% 45/60 | seed=14 BLOCKED_BA | step 3500/20000 | ETA текущего run 1м 32с | training
ЭТАП 1/2 — обучение ████████████████████░░░░░░░░  73.7% 45/60 | seed=14 BLOCKED_BA | step 4000/20000 | ETA текущего run 1м 30с | training
ЭТАП 1/2 — обучение ████████████████████░░░░░░░░  73.7% 45/60 | seed=14 BLOCKED_BA | step 4000/20000 | ETA текущего run 1м 30с | checkpoint
ЭТАП 1/2 — обучение ████████████████████░░░░░░░░  73.7% 45/60 | seed=14 BLOCKED_BA | step 4500/20000 | ETA текущего run 1м 27с | training
ЭТАП 1/2 — обучение ████████████████████░░░░░░░░  73.8% 45/60 | seed=14 BLOCKED_BA | step 5000/20000 | ETA текущего run 1м 24с | training
ЭТАП 1/2 — обучение ████████████████████░░░░░░░░  73.8% 45/60 | seed=14 BLOCKED_BA | step 5500/20000 | ETA текущего run 1м 21с | training
ЭТАП 1/2 — обучение ████████████████████░░░░░░░░  73.8% 45/60 | seed=14 BLOCKED_BA | step 6000/20000 | ETA текущего run 1м 19с | training
ЭТАП 1/2 — обучение ████████████████████░░░░░░░░  73.9% 45/60 | seed=14 BLOCKED_BA | step 6500/20000 | ETA текущего run 1м 16с | training
ЭТАП 1/2 — обучение ████████████████████░░░░░░░░  73.9% 45/60 | seed=14 BLOCKED_BA | step 7000/20000 | ETA текущего run 1м 13с | training
ЭТАП 1/2 — обучение ████████████████████░░░░░░░░  74.0% 45/60 | seed=14 BLOCKED_BA | step 7500/20000 | ETA текущего run 1м 10с | training
ЭТАП 1/2 — обучение ████████████████████░░░░░░░░  74.0% 45/60 | seed=14 BLOCKED_BA | step 8000/20000 | ETA текущего run 1м 07с | training
ЭТАП 1/2 — обучение ████████████████████░░░░░░░░  74.0% 45/60 | seed=14 BLOCKED_BA | step 8500/20000 | ETA текущего run 1м 04с | training
ЭТАП 1/2 — обучение ████████████████████░░░░░░░░  74.1% 45/60 | seed=14 BLOCKED_BA | step 9000/20000 | ETA текущего run 1м 01с | training
ЭТАП 1/2 — обучение ████████████████████░░░░░░░░  74.1% 45/60 | seed=14 BLOCKED_BA | step 9500/20000 | ETA текущего run 0м 58с | training
ЭТАП 1/2 — обучение ████████████████████░░░░░░░░  74.2% 45/60 | seed=14 BLOCKED_BA | step 10000/20000 | ETA текущего run 0м 56с | training
ЭТАП 1/2 — обучение ████████████████████░░░░░░░░  74.2% 45/60 | seed=14 BLOCKED_BA | step 10000/20000 | ETA текущего run 0м 56с | checkpoint
ЭТАП 1/2 — обучение ████████████████████░░░░░░░░  74.2% 45/60 | seed=14 BLOCKED_BA | step 10500/20000 | ETA текущего run 0м 53с | training
ЭТАП 1/2 — обучение ████████████████████░░░░░░░░  74.2% 45/60 | seed=14 BLOCKED_BA | step 11000/20000 | ETA текущего run 0м 50с | training
ЭТАП 1/2 — обучение ████████████████████░░░░░░░░  74.3% 45/60 | seed=14 BLOCKED_BA | step 11500/20000 | ETA текущего run 0м 47с | training
ЭТАП 1/2 — обучение ████████████████████░░░░░░░░  74.3% 45/60 | seed=14 BLOCKED_BA | step 12000/20000 | ETA текущего run 0м 44с | training
ЭТАП 1/2 — обучение ████████████████████░░░░░░░░  74.4% 45/60 | seed=14 BLOCKED_BA | step 12500/20000 | ETA текущего run 0м 42с | training
ЭТАП 1/2 — обучение ████████████████████░░░░░░░░  74.4% 45/60 | seed=14 BLOCKED_BA | step 13000/20000 | ETA текущего run 0м 39с | training
ЭТАП 1/2 — обучение ████████████████████░░░░░░░░  74.5% 45/60 | seed=14 BLOCKED_BA | step 13500/20000 | ETA текущего run 0м 36с | training
ЭТАП 1/2 — обучение ████████████████████░░░░░░░░  74.5% 45/60 | seed=14 BLOCKED_BA | step 14000/20000 | ETA текущего run 0м 33с | training
ЭТАП 1/2 — обучение ████████████████████░░░░░░░░  74.5% 45/60 | seed=14 BLOCKED_BA | step 14500/20000 | ETA текущего run 0м 30с | training
ЭТАП 1/2 — обучение ████████████████████░░░░░░░░  74.6% 45/60 | seed=14 BLOCKED_BA | step 15000/20000 | ETA текущего run 0м 27с | training
ЭТАП 1/2 — обучение ████████████████████░░░░░░░░  74.6% 45/60 | seed=14 BLOCKED_BA | step 15500/20000 | ETA текущего run 0м 25с | training
ЭТАП 1/2 — обучение ████████████████████░░░░░░░░  74.7% 45/60 | seed=14 BLOCKED_BA | step 16000/20000 | ETA текущего run 0м 22с | training
ЭТАП 1/2 — обучение ████████████████████░░░░░░░░  74.7% 45/60 | seed=14 BLOCKED_BA | step 16500/20000 | ETA текущего run 0м 19с | training
ЭТАП 1/2 — обучение ████████████████████░░░░░░░░  74.8% 45/60 | seed=14 BLOCKED_BA | step 17000/20000 | ETA текущего run 0м 16с | training
ЭТАП 1/2 — обучение ████████████████████░░░░░░░░  74.8% 45/60 | seed=14 BLOCKED_BA | step 17500/20000 | ETA текущего run 0м 13с | training
ЭТАП 1/2 — обучение ████████████████████░░░░░░░░  74.8% 45/60 | seed=14 BLOCKED_BA | step 18000/20000 | ETA текущего run 0м 11с | training
ЭТАП 1/2 — обучение ████████████████████░░░░░░░░  74.9% 45/60 | seed=14 BLOCKED_BA | step 18500/20000 | ETA текущего run 0м 08с | training
ЭТАП 1/2 — обучение ████████████████████░░░░░░░░  74.9% 45/60 | seed=14 BLOCKED_BA | step 19000/20000 | ETA текущего run 0м 05с | training
ЭТАП 1/2 — обучение ████████████████████░░░░░░░░  75.0% 45/60 | seed=14 BLOCKED_BA | step 19500/20000 | ETA текущего run 0м 02с | training
ЭТАП 1/2 — обучение █████████████████████░░░░░░░  75.0% 45/60 | seed=14 BLOCKED_BA | step 20000/20000 | ETA текущего run 0м 00с | training
ЭТАП 1/2 — обучение █████████████████████░░░░░░░  75.0% 45/60 | seed=14 BLOCKED_BA | step 20000/20000 | ETA текущего run 0м 00с | checkpoint
ЭТАП 1/2 — обучение █████████████████████░░░░░░░  75.0% 45/60 | seed=14 BLOCKED_BA | step 20000/20000 | ETA текущего run 0м 00с | completed

--- запуск 46/60: seed=15, condition=INTERLEAVED ---
ЭТАП 1/2 — обучение █████████████████████░░░░░░░  75.0% 46/60 | seed=15 INTERLEAVED | step 0/20000 | ETA текущего run 0м 00с | started
ЭТАП 1/2 — обучение █████████████████████░░░░░░░  75.0% 46/60 | seed=15 INTERLEAVED | step 500/20000 | ETA текущего run 1м 19с | training
ЭТАП 1/2 — обучение █████████████████████░░░░░░░  75.1% 46/60 | seed=15 INTERLEAVED | step 1000/20000 | ETA текущего run 1м 32с | training
ЭТАП 1/2 — обучение █████████████████████░░░░░░░  75.1% 46/60 | seed=15 INTERLEAVED | step 1500/20000 | ETA текущего run 1м 34с | training
ЭТАП 1/2 — обучение █████████████████████░░░░░░░  75.2% 46/60 | seed=15 INTERLEAVED | step 2000/20000 | ETA текущего run 1м 34с | training
ЭТАП 1/2 — обучение █████████████████████░░░░░░░  75.2% 46/60 | seed=15 INTERLEAVED | step 2500/20000 | ETA текущего run 1м 32с | training
ЭТАП 1/2 — обучение █████████████████████░░░░░░░  75.2% 46/60 | seed=15 INTERLEAVED | step 3000/20000 | ETA текущего run 1м 30с | training
ЭТАП 1/2 — обучение █████████████████████░░░░░░░  75.3% 46/60 | seed=15 INTERLEAVED | step 3500/20000 | ETA текущего run 1м 28с | training
ЭТАП 1/2 — обучение █████████████████████░░░░░░░  75.3% 46/60 | seed=15 INTERLEAVED | step 4000/20000 | ETA текущего run 1м 26с | training
ЭТАП 1/2 — обучение █████████████████████░░░░░░░  75.3% 46/60 | seed=15 INTERLEAVED | step 4000/20000 | ETA текущего run 1м 26с | checkpoint
ЭТАП 1/2 — обучение █████████████████████░░░░░░░  75.4% 46/60 | seed=15 INTERLEAVED | step 4500/20000 | ETA текущего run 1м 23с | training
ЭТАП 1/2 — обучение █████████████████████░░░░░░░  75.4% 46/60 | seed=15 INTERLEAVED | step 5000/20000 | ETA текущего run 1м 21с | training
ЭТАП 1/2 — обучение █████████████████████░░░░░░░  75.5% 46/60 | seed=15 INTERLEAVED | step 5500/20000 | ETA текущего run 1м 19с | training
ЭТАП 1/2 — обучение █████████████████████░░░░░░░  75.5% 46/60 | seed=15 INTERLEAVED | step 6000/20000 | ETA текущего run 1м 16с | training
ЭТАП 1/2 — обучение █████████████████████░░░░░░░  75.5% 46/60 | seed=15 INTERLEAVED | step 6500/20000 | ETA текущего run 1м 13с | training
ЭТАП 1/2 — обучение █████████████████████░░░░░░░  75.6% 46/60 | seed=15 INTERLEAVED | step 7000/20000 | ETA текущего run 1м 11с | training
ЭТАП 1/2 — обучение █████████████████████░░░░░░░  75.6% 46/60 | seed=15 INTERLEAVED | step 7500/20000 | ETA текущего run 1м 08с | training
ЭТАП 1/2 — обучение █████████████████████░░░░░░░  75.7% 46/60 | seed=15 INTERLEAVED | step 8000/20000 | ETA текущего run 1м 08с | training
ЭТАП 1/2 — обучение █████████████████████░░░░░░░  75.7% 46/60 | seed=15 INTERLEAVED | step 8500/20000 | ETA текущего run 1м 07с | training
ЭТАП 1/2 — обучение █████████████████████░░░░░░░  75.8% 46/60 | seed=15 INTERLEAVED | step 9000/20000 | ETA текущего run 1м 04с | training
ЭТАП 1/2 — обучение █████████████████████░░░░░░░  75.8% 46/60 | seed=15 INTERLEAVED | step 9500/20000 | ETA текущего run 1м 01с | training
ЭТАП 1/2 — обучение █████████████████████░░░░░░░  75.8% 46/60 | seed=15 INTERLEAVED | step 10000/20000 | ETA текущего run 0м 58с | training
ЭТАП 1/2 — обучение █████████████████████░░░░░░░  75.8% 46/60 | seed=15 INTERLEAVED | step 10000/20000 | ETA текущего run 0м 58с | checkpoint
ЭТАП 1/2 — обучение █████████████████████░░░░░░░  75.9% 46/60 | seed=15 INTERLEAVED | step 10500/20000 | ETA текущего run 0м 55с | training
ЭТАП 1/2 — обучение █████████████████████░░░░░░░  75.9% 46/60 | seed=15 INTERLEAVED | step 11000/20000 | ETA текущего run 0м 52с | training
ЭТАП 1/2 — обучение █████████████████████░░░░░░░  76.0% 46/60 | seed=15 INTERLEAVED | step 11500/20000 | ETA текущего run 0м 49с | training
ЭТАП 1/2 — обучение █████████████████████░░░░░░░  76.0% 46/60 | seed=15 INTERLEAVED | step 12000/20000 | ETA текущего run 0м 46с | training
ЭТАП 1/2 — обучение █████████████████████░░░░░░░  76.0% 46/60 | seed=15 INTERLEAVED | step 12500/20000 | ETA текущего run 0м 45с | training
ЭТАП 1/2 — обучение █████████████████████░░░░░░░  76.1% 46/60 | seed=15 INTERLEAVED | step 13000/20000 | ETA текущего run 0м 43с | training
ЭТАП 1/2 — обучение █████████████████████░░░░░░░  76.1% 46/60 | seed=15 INTERLEAVED | step 13500/20000 | ETA текущего run 0м 40с | training
ЭТАП 1/2 — обучение █████████████████████░░░░░░░  76.2% 46/60 | seed=15 INTERLEAVED | step 14000/20000 | ETA текущего run 0м 37с | training
ЭТАП 1/2 — обучение █████████████████████░░░░░░░  76.2% 46/60 | seed=15 INTERLEAVED | step 14500/20000 | ETA текущего run 0м 35с | training
ЭТАП 1/2 — обучение █████████████████████░░░░░░░  76.2% 46/60 | seed=15 INTERLEAVED | step 15000/20000 | ETA текущего run 0м 33с | training
ЭТАП 1/2 — обучение █████████████████████░░░░░░░  76.3% 46/60 | seed=15 INTERLEAVED | step 15500/20000 | ETA текущего run 0м 30с | training
ЭТАП 1/2 — обучение █████████████████████░░░░░░░  76.3% 46/60 | seed=15 INTERLEAVED | step 16000/20000 | ETA текущего run 0м 27с | training
ЭТАП 1/2 — обучение █████████████████████░░░░░░░  76.4% 46/60 | seed=15 INTERLEAVED | step 16500/20000 | ETA текущего run 0м 24с | training
ЭТАП 1/2 — обучение █████████████████████░░░░░░░  76.4% 46/60 | seed=15 INTERLEAVED | step 17000/20000 | ETA текущего run 0м 21с | training
ЭТАП 1/2 — обучение █████████████████████░░░░░░░  76.5% 46/60 | seed=15 INTERLEAVED | step 17500/20000 | ETA текущего run 0м 18с | training
ЭТАП 1/2 — обучение █████████████████████░░░░░░░  76.5% 46/60 | seed=15 INTERLEAVED | step 18000/20000 | ETA текущего run 0м 15с | training
ЭТАП 1/2 — обучение █████████████████████░░░░░░░  76.5% 46/60 | seed=15 INTERLEAVED | step 18500/20000 | ETA текущего run 0м 11с | training
ЭТАП 1/2 — обучение █████████████████████░░░░░░░  76.6% 46/60 | seed=15 INTERLEAVED | step 19000/20000 | ETA текущего run 0м 07с | training
ЭТАП 1/2 — обучение █████████████████████░░░░░░░  76.6% 46/60 | seed=15 INTERLEAVED | step 19500/20000 | ETA текущего run 0м 03с | training
ЭТАП 1/2 — обучение █████████████████████░░░░░░░  76.7% 46/60 | seed=15 INTERLEAVED | step 20000/20000 | ETA текущего run 0м 00с | training
ЭТАП 1/2 — обучение █████████████████████░░░░░░░  76.7% 46/60 | seed=15 INTERLEAVED | step 20000/20000 | ETA текущего run 0м 00с | checkpoint
ЭТАП 1/2 — обучение █████████████████████░░░░░░░  76.7% 46/60 | seed=15 INTERLEAVED | step 20000/20000 | ETA текущего run 0м 00с | completed

--- запуск 47/60: seed=15, condition=BLOCKED_AB ---
ЭТАП 1/2 — обучение █████████████████████░░░░░░░  76.7% 47/60 | seed=15 BLOCKED_AB | step 0/20000 | ETA текущего run 0м 00с | started
ЭТАП 1/2 — обучение █████████████████████░░░░░░░  76.7% 47/60 | seed=15 BLOCKED_AB | step 500/20000 | ETA текущего run 3м 49с | training
ЭТАП 1/2 — обучение █████████████████████░░░░░░░  76.8% 47/60 | seed=15 BLOCKED_AB | step 1000/20000 | ETA текущего run 4м 14с | training
ЭТАП 1/2 — обучение █████████████████████░░░░░░░  76.8% 47/60 | seed=15 BLOCKED_AB | step 1500/20000 | ETA текущего run 4м 20с | training
ЭТАП 1/2 — обучение █████████████████████░░░░░░░  76.8% 47/60 | seed=15 BLOCKED_AB | step 2000/20000 | ETA текущего run 4м 15с | training
ЭТАП 1/2 — обучение █████████████████████░░░░░░░  76.9% 47/60 | seed=15 BLOCKED_AB | step 2500/20000 | ETA текущего run 4м 03с | training
ЭТАП 1/2 — обучение █████████████████████░░░░░░░  76.9% 47/60 | seed=15 BLOCKED_AB | step 3000/20000 | ETA текущего run 3м 53с | training
ЭТАП 1/2 — обучение █████████████████████░░░░░░░  77.0% 47/60 | seed=15 BLOCKED_AB | step 3500/20000 | ETA текущего run 3м 44с | training
ЭТАП 1/2 — обучение █████████████████████░░░░░░░  77.0% 47/60 | seed=15 BLOCKED_AB | step 4000/20000 | ETA текущего run 3м 35с | training
ЭТАП 1/2 — обучение █████████████████████░░░░░░░  77.0% 47/60 | seed=15 BLOCKED_AB | step 4000/20000 | ETA текущего run 3м 35с | checkpoint
ЭТАП 1/2 — обучение █████████████████████░░░░░░░  77.0% 47/60 | seed=15 BLOCKED_AB | step 4500/20000 | ETA текущего run 3м 20с | training
ЭТАП 1/2 — обучение █████████████████████░░░░░░░  77.1% 47/60 | seed=15 BLOCKED_AB | step 5000/20000 | ETA текущего run 3м 03с | training
ЭТАП 1/2 — обучение █████████████████████░░░░░░░  77.1% 47/60 | seed=15 BLOCKED_AB | step 5500/20000 | ETA текущего run 2м 48с | training
ЭТАП 1/2 — обучение █████████████████████░░░░░░░  77.2% 47/60 | seed=15 BLOCKED_AB | step 6000/20000 | ETA текущего run 2м 35с | training
ЭТАП 1/2 — обучение █████████████████████░░░░░░░  77.2% 47/60 | seed=15 BLOCKED_AB | step 6500/20000 | ETA текущего run 2м 24с | training
ЭТАП 1/2 — обучение █████████████████████░░░░░░░  77.3% 47/60 | seed=15 BLOCKED_AB | step 7000/20000 | ETA текущего run 2м 14с | training
ЭТАП 1/2 — обучение █████████████████████░░░░░░░  77.3% 47/60 | seed=15 BLOCKED_AB | step 7500/20000 | ETA текущего run 2м 06с | training
ЭТАП 1/2 — обучение █████████████████████░░░░░░░  77.3% 47/60 | seed=15 BLOCKED_AB | step 8000/20000 | ETA текущего run 1м 57с | training
ЭТАП 1/2 — обучение █████████████████████░░░░░░░  77.4% 47/60 | seed=15 BLOCKED_AB | step 8500/20000 | ETA текущего run 1м 50с | training
ЭТАП 1/2 — обучение █████████████████████░░░░░░░  77.4% 47/60 | seed=15 BLOCKED_AB | step 9000/20000 | ETA текущего run 1м 42с | training
ЭТАП 1/2 — обучение █████████████████████░░░░░░░  77.5% 47/60 | seed=15 BLOCKED_AB | step 9500/20000 | ETA текущего run 1м 36с | training
ЭТАП 1/2 — обучение █████████████████████░░░░░░░  77.5% 47/60 | seed=15 BLOCKED_AB | step 10000/20000 | ETA текущего run 1м 29с | training
ЭТАП 1/2 — обучение █████████████████████░░░░░░░  77.5% 47/60 | seed=15 BLOCKED_AB | step 10000/20000 | ETA текущего run 1м 29с | checkpoint
ЭТАП 1/2 — обучение █████████████████████░░░░░░░  77.5% 47/60 | seed=15 BLOCKED_AB | step 10500/20000 | ETA текущего run 1м 23с | training
ЭТАП 1/2 — обучение █████████████████████░░░░░░░  77.6% 47/60 | seed=15 BLOCKED_AB | step 11000/20000 | ETA текущего run 1м 18с | training
ЭТАП 1/2 — обучение █████████████████████░░░░░░░  77.6% 47/60 | seed=15 BLOCKED_AB | step 11500/20000 | ETA текущего run 1м 12с | training
ЭТАП 1/2 — обучение █████████████████████░░░░░░░  77.7% 47/60 | seed=15 BLOCKED_AB | step 12000/20000 | ETA текущего run 1м 07с | training
ЭТАП 1/2 — обучение █████████████████████░░░░░░░  77.7% 47/60 | seed=15 BLOCKED_AB | step 12500/20000 | ETA текущего run 1м 02с | training
ЭТАП 1/2 — обучение █████████████████████░░░░░░░  77.8% 47/60 | seed=15 BLOCKED_AB | step 13000/20000 | ETA текущего run 0м 57с | training
ЭТАП 1/2 — обучение █████████████████████░░░░░░░  77.8% 47/60 | seed=15 BLOCKED_AB | step 13500/20000 | ETA текущего run 0м 52с | training
ЭТАП 1/2 — обучение █████████████████████░░░░░░░  77.8% 47/60 | seed=15 BLOCKED_AB | step 14000/20000 | ETA текущего run 0м 48с | training
ЭТАП 1/2 — обучение █████████████████████░░░░░░░  77.9% 47/60 | seed=15 BLOCKED_AB | step 14500/20000 | ETA текущего run 0м 43с | training
ЭТАП 1/2 — обучение █████████████████████░░░░░░░  77.9% 47/60 | seed=15 BLOCKED_AB | step 15000/20000 | ETA текущего run 0м 39с | training
ЭТАП 1/2 — обучение █████████████████████░░░░░░░  78.0% 47/60 | seed=15 BLOCKED_AB | step 15500/20000 | ETA текущего run 0м 35с | training
ЭТАП 1/2 — обучение █████████████████████░░░░░░░  78.0% 47/60 | seed=15 BLOCKED_AB | step 16000/20000 | ETA текущего run 0м 30с | training
ЭТАП 1/2 — обучение █████████████████████░░░░░░░  78.0% 47/60 | seed=15 BLOCKED_AB | step 16500/20000 | ETA текущего run 0м 26с | training
ЭТАП 1/2 — обучение █████████████████████░░░░░░░  78.1% 47/60 | seed=15 BLOCKED_AB | step 17000/20000 | ETA текущего run 0м 22с | training
ЭТАП 1/2 — обучение █████████████████████░░░░░░░  78.1% 47/60 | seed=15 BLOCKED_AB | step 17500/20000 | ETA текущего run 0м 18с | training
ЭТАП 1/2 — обучение █████████████████████░░░░░░░  78.2% 47/60 | seed=15 BLOCKED_AB | step 18000/20000 | ETA текущего run 0м 15с | training
ЭТАП 1/2 — обучение █████████████████████░░░░░░░  78.2% 47/60 | seed=15 BLOCKED_AB | step 18500/20000 | ETA текущего run 0м 11с | training
ЭТАП 1/2 — обучение █████████████████████░░░░░░░  78.3% 47/60 | seed=15 BLOCKED_AB | step 19000/20000 | ETA текущего run 0м 07с | training
ЭТАП 1/2 — обучение █████████████████████░░░░░░░  78.3% 47/60 | seed=15 BLOCKED_AB | step 19500/20000 | ETA текущего run 0м 04с | training
ЭТАП 1/2 — обучение █████████████████████░░░░░░░  78.3% 47/60 | seed=15 BLOCKED_AB | step 20000/20000 | ETA текущего run 0м 00с | training
ЭТАП 1/2 — обучение █████████████████████░░░░░░░  78.3% 47/60 | seed=15 BLOCKED_AB | step 20000/20000 | ETA текущего run 0м 00с | checkpoint
ЭТАП 1/2 — обучение █████████████████████░░░░░░░  78.3% 47/60 | seed=15 BLOCKED_AB | step 20000/20000 | ETA текущего run 0м 00с | completed

--- запуск 48/60: seed=15, condition=BLOCKED_BA ---
ЭТАП 1/2 — обучение █████████████████████░░░░░░░  78.3% 48/60 | seed=15 BLOCKED_BA | step 0/20000 | ETA текущего run 0м 00с | started
ЭТАП 1/2 — обучение █████████████████████░░░░░░░  78.4% 48/60 | seed=15 BLOCKED_BA | step 500/20000 | ETA текущего run 2м 16с | training
ЭТАП 1/2 — обучение █████████████████████░░░░░░░  78.4% 48/60 | seed=15 BLOCKED_BA | step 1000/20000 | ETA текущего run 3м 00с | training
ЭТАП 1/2 — обучение █████████████████████░░░░░░░  78.5% 48/60 | seed=15 BLOCKED_BA | step 1500/20000 | ETA текущего run 3м 09с | training
ЭТАП 1/2 — обучение █████████████████████░░░░░░░  78.5% 48/60 | seed=15 BLOCKED_BA | step 2000/20000 | ETA текущего run 3м 16с | training
ЭТАП 1/2 — обучение █████████████████████░░░░░░░  78.5% 48/60 | seed=15 BLOCKED_BA | step 2500/20000 | ETA текущего run 3м 28с | training
ЭТАП 1/2 — обучение ██████████████████████░░░░░░  78.6% 48/60 | seed=15 BLOCKED_BA | step 3000/20000 | ETA текущего run 3м 25с | training
ЭТАП 1/2 — обучение ██████████████████████░░░░░░  78.6% 48/60 | seed=15 BLOCKED_BA | step 3500/20000 | ETA текущего run 3м 19с | training
ЭТАП 1/2 — обучение ██████████████████████░░░░░░  78.7% 48/60 | seed=15 BLOCKED_BA | step 4000/20000 | ETA текущего run 3м 15с | training
ЭТАП 1/2 — обучение ██████████████████████░░░░░░  78.7% 48/60 | seed=15 BLOCKED_BA | step 4000/20000 | ETA текущего run 3м 15с | checkpoint
ЭТАП 1/2 — обучение ██████████████████████░░░░░░  78.7% 48/60 | seed=15 BLOCKED_BA | step 4500/20000 | ETA текущего run 3м 10с | training
ЭТАП 1/2 — обучение ██████████████████████░░░░░░  78.8% 48/60 | seed=15 BLOCKED_BA | step 5000/20000 | ETA текущего run 3м 07с | training
ЭТАП 1/2 — обучение ██████████████████████░░░░░░  78.8% 48/60 | seed=15 BLOCKED_BA | step 5500/20000 | ETA текущего run 3м 02с | training
ЭТАП 1/2 — обучение ██████████████████████░░░░░░  78.8% 48/60 | seed=15 BLOCKED_BA | step 6000/20000 | ETA текущего run 2м 56с | training
ЭТАП 1/2 — обучение ██████████████████████░░░░░░  78.9% 48/60 | seed=15 BLOCKED_BA | step 6500/20000 | ETA текущего run 2м 49с | training
ЭТАП 1/2 — обучение ██████████████████████░░░░░░  78.9% 48/60 | seed=15 BLOCKED_BA | step 7000/20000 | ETA текущего run 2м 42с | training
ЭТАП 1/2 — обучение ██████████████████████░░░░░░  79.0% 48/60 | seed=15 BLOCKED_BA | step 7500/20000 | ETA текущего run 2м 36с | training
ЭТАП 1/2 — обучение ██████████████████████░░░░░░  79.0% 48/60 | seed=15 BLOCKED_BA | step 8000/20000 | ETA текущего run 2м 29с | training
ЭТАП 1/2 — обучение ██████████████████████░░░░░░  79.0% 48/60 | seed=15 BLOCKED_BA | step 8500/20000 | ETA текущего run 2м 22с | training
ЭТАП 1/2 — обучение ██████████████████████░░░░░░  79.1% 48/60 | seed=15 BLOCKED_BA | step 9000/20000 | ETA текущего run 2м 16с | training
ЭТАП 1/2 — обучение ██████████████████████░░░░░░  79.1% 48/60 | seed=15 BLOCKED_BA | step 9500/20000 | ETA текущего run 2м 09с | training
ЭТАП 1/2 — обучение ██████████████████████░░░░░░  79.2% 48/60 | seed=15 BLOCKED_BA | step 10000/20000 | ETA текущего run 1м 59с | training
ЭТАП 1/2 — обучение ██████████████████████░░░░░░  79.2% 48/60 | seed=15 BLOCKED_BA | step 10000/20000 | ETA текущего run 1м 59с | checkpoint
ЭТАП 1/2 — обучение ██████████████████████░░░░░░  79.2% 48/60 | seed=15 BLOCKED_BA | step 10500/20000 | ETA текущего run 1м 52с | training
ЭТАП 1/2 — обучение ██████████████████████░░░░░░  79.2% 48/60 | seed=15 BLOCKED_BA | step 11000/20000 | ETA текущего run 1м 46с | training
ЭТАП 1/2 — обучение ██████████████████████░░░░░░  79.3% 48/60 | seed=15 BLOCKED_BA | step 11500/20000 | ETA текущего run 1м 41с | training
ЭТАП 1/2 — обучение ██████████████████████░░░░░░  79.3% 48/60 | seed=15 BLOCKED_BA | step 12000/20000 | ETA текущего run 1м 35с | training
ЭТАП 1/2 — обучение ██████████████████████░░░░░░  79.4% 48/60 | seed=15 BLOCKED_BA | step 12500/20000 | ETA текущего run 1м 30с | training
ЭТАП 1/2 — обучение ██████████████████████░░░░░░  79.4% 48/60 | seed=15 BLOCKED_BA | step 13000/20000 | ETA текущего run 1м 24с | training
ЭТАП 1/2 — обучение ██████████████████████░░░░░░  79.5% 48/60 | seed=15 BLOCKED_BA | step 13500/20000 | ETA текущего run 1м 18с | training
ЭТАП 1/2 — обучение ██████████████████████░░░░░░  79.5% 48/60 | seed=15 BLOCKED_BA | step 14000/20000 | ETA текущего run 1м 12с | training
ЭТАП 1/2 — обучение ██████████████████████░░░░░░  79.5% 48/60 | seed=15 BLOCKED_BA | step 14500/20000 | ETA текущего run 1м 06с | training
ЭТАП 1/2 — обучение ██████████████████████░░░░░░  79.6% 48/60 | seed=15 BLOCKED_BA | step 15000/20000 | ETA текущего run 1м 00с | training
ЭТАП 1/2 — обучение ██████████████████████░░░░░░  79.6% 48/60 | seed=15 BLOCKED_BA | step 15500/20000 | ETA текущего run 0м 53с | training
ЭТАП 1/2 — обучение ██████████████████████░░░░░░  79.7% 48/60 | seed=15 BLOCKED_BA | step 16000/20000 | ETA текущего run 0м 47с | training
ЭТАП 1/2 — обучение ██████████████████████░░░░░░  79.7% 48/60 | seed=15 BLOCKED_BA | step 16500/20000 | ETA текущего run 0м 41с | training
ЭТАП 1/2 — обучение ██████████████████████░░░░░░  79.8% 48/60 | seed=15 BLOCKED_BA | step 17000/20000 | ETA текущего run 0м 35с | training
ЭТАП 1/2 — обучение ██████████████████████░░░░░░  79.8% 48/60 | seed=15 BLOCKED_BA | step 17500/20000 | ETA текущего run 0м 29с | training
ЭТАП 1/2 — обучение ██████████████████████░░░░░░  79.8% 48/60 | seed=15 BLOCKED_BA | step 18000/20000 | ETA текущего run 0м 23с | training
ЭТАП 1/2 — обучение ██████████████████████░░░░░░  79.9% 48/60 | seed=15 BLOCKED_BA | step 18500/20000 | ETA текущего run 0м 18с | training
ЭТАП 1/2 — обучение ██████████████████████░░░░░░  79.9% 48/60 | seed=15 BLOCKED_BA | step 19000/20000 | ETA текущего run 0м 12с | training
ЭТАП 1/2 — обучение ██████████████████████░░░░░░  80.0% 48/60 | seed=15 BLOCKED_BA | step 19500/20000 | ETA текущего run 0м 06с | training
ЭТАП 1/2 — обучение ██████████████████████░░░░░░  80.0% 48/60 | seed=15 BLOCKED_BA | step 20000/20000 | ETA текущего run 0м 00с | training
ЭТАП 1/2 — обучение ██████████████████████░░░░░░  80.0% 48/60 | seed=15 BLOCKED_BA | step 20000/20000 | ETA текущего run 0м 00с | checkpoint
ЭТАП 1/2 — обучение ██████████████████████░░░░░░  80.0% 48/60 | seed=15 BLOCKED_BA | step 20000/20000 | ETA текущего run 0м 00с | completed

--- запуск 49/60: seed=16, condition=INTERLEAVED ---
ЭТАП 1/2 — обучение ██████████████████████░░░░░░  80.0% 49/60 | seed=16 INTERLEAVED | step 0/20000 | ETA текущего run 0м 00с | started
ЭТАП 1/2 — обучение ██████████████████████░░░░░░  80.0% 49/60 | seed=16 INTERLEAVED | step 500/20000 | ETA текущего run 1м 30с | training
ЭТАП 1/2 — обучение ██████████████████████░░░░░░  80.1% 49/60 | seed=16 INTERLEAVED | step 1000/20000 | ETA текущего run 1м 31с | training
ЭТАП 1/2 — обучение ██████████████████████░░░░░░  80.1% 49/60 | seed=16 INTERLEAVED | step 1500/20000 | ETA текущего run 1м 30с | training
ЭТАП 1/2 — обучение ██████████████████████░░░░░░  80.2% 49/60 | seed=16 INTERLEAVED | step 2000/20000 | ETA текущего run 1м 32с | training
ЭТАП 1/2 — обучение ██████████████████████░░░░░░  80.2% 49/60 | seed=16 INTERLEAVED | step 2500/20000 | ETA текущего run 1м 32с | training
ЭТАП 1/2 — обучение ██████████████████████░░░░░░  80.2% 49/60 | seed=16 INTERLEAVED | step 3000/20000 | ETA текущего run 1м 30с | training
ЭТАП 1/2 — обучение ██████████████████████░░░░░░  80.3% 49/60 | seed=16 INTERLEAVED | step 3500/20000 | ETA текущего run 1м 29с | training
ЭТАП 1/2 — обучение ██████████████████████░░░░░░  80.3% 49/60 | seed=16 INTERLEAVED | step 4000/20000 | ETA текущего run 1м 27с | training
ЭТАП 1/2 — обучение ██████████████████████░░░░░░  80.3% 49/60 | seed=16 INTERLEAVED | step 4000/20000 | ETA текущего run 1м 27с | checkpoint
ЭТАП 1/2 — обучение ██████████████████████░░░░░░  80.4% 49/60 | seed=16 INTERLEAVED | step 4500/20000 | ETA текущего run 1м 25с | training
ЭТАП 1/2 — обучение ██████████████████████░░░░░░  80.4% 49/60 | seed=16 INTERLEAVED | step 5000/20000 | ETA текущего run 1м 23с | training
ЭТАП 1/2 — обучение ██████████████████████░░░░░░  80.5% 49/60 | seed=16 INTERLEAVED | step 5500/20000 | ETA текущего run 1м 20с | training
ЭТАП 1/2 — обучение ██████████████████████░░░░░░  80.5% 49/60 | seed=16 INTERLEAVED | step 6000/20000 | ETA текущего run 1м 18с | training
ЭТАП 1/2 — обучение ██████████████████████░░░░░░  80.5% 49/60 | seed=16 INTERLEAVED | step 6500/20000 | ETA текущего run 1м 15с | training
ЭТАП 1/2 — обучение ██████████████████████░░░░░░  80.6% 49/60 | seed=16 INTERLEAVED | step 7000/20000 | ETA текущего run 1м 13с | training
ЭТАП 1/2 — обучение ██████████████████████░░░░░░  80.6% 49/60 | seed=16 INTERLEAVED | step 7500/20000 | ETA текущего run 1м 10с | training
ЭТАП 1/2 — обучение ██████████████████████░░░░░░  80.7% 49/60 | seed=16 INTERLEAVED | step 8000/20000 | ETA текущего run 1м 07с | training
ЭТАП 1/2 — обучение ██████████████████████░░░░░░  80.7% 49/60 | seed=16 INTERLEAVED | step 8500/20000 | ETA текущего run 1м 05с | training
ЭТАП 1/2 — обучение ██████████████████████░░░░░░  80.8% 49/60 | seed=16 INTERLEAVED | step 9000/20000 | ETA текущего run 1м 02с | training
ЭТАП 1/2 — обучение ██████████████████████░░░░░░  80.8% 49/60 | seed=16 INTERLEAVED | step 9500/20000 | ETA текущего run 0м 59с | training
ЭТАП 1/2 — обучение ██████████████████████░░░░░░  80.8% 49/60 | seed=16 INTERLEAVED | step 10000/20000 | ETA текущего run 0м 56с | training
ЭТАП 1/2 — обучение ██████████████████████░░░░░░  80.8% 49/60 | seed=16 INTERLEAVED | step 10000/20000 | ETA текущего run 0м 56с | checkpoint
ЭТАП 1/2 — обучение ██████████████████████░░░░░░  80.9% 49/60 | seed=16 INTERLEAVED | step 10500/20000 | ETA текущего run 0м 54с | training
ЭТАП 1/2 — обучение ██████████████████████░░░░░░  80.9% 49/60 | seed=16 INTERLEAVED | step 11000/20000 | ETA текущего run 0м 51с | training
ЭТАП 1/2 — обучение ██████████████████████░░░░░░  81.0% 49/60 | seed=16 INTERLEAVED | step 11500/20000 | ETA текущего run 0м 48с | training
ЭТАП 1/2 — обучение ██████████████████████░░░░░░  81.0% 49/60 | seed=16 INTERLEAVED | step 12000/20000 | ETA текущего run 0м 45с | training
ЭТАП 1/2 — обучение ██████████████████████░░░░░░  81.0% 49/60 | seed=16 INTERLEAVED | step 12500/20000 | ETA текущего run 0м 42с | training
ЭТАП 1/2 — обучение ██████████████████████░░░░░░  81.1% 49/60 | seed=16 INTERLEAVED | step 13000/20000 | ETA текущего run 0м 40с | training
ЭТАП 1/2 — обучение ██████████████████████░░░░░░  81.1% 49/60 | seed=16 INTERLEAVED | step 13500/20000 | ETA текущего run 0м 37с | training
ЭТАП 1/2 — обучение ██████████████████████░░░░░░  81.2% 49/60 | seed=16 INTERLEAVED | step 14000/20000 | ETA текущего run 0м 34с | training
ЭТАП 1/2 — обучение ██████████████████████░░░░░░  81.2% 49/60 | seed=16 INTERLEAVED | step 14500/20000 | ETA текущего run 0м 31с | training
ЭТАП 1/2 — обучение ██████████████████████░░░░░░  81.2% 49/60 | seed=16 INTERLEAVED | step 15000/20000 | ETA текущего run 0м 28с | training
ЭТАП 1/2 — обучение ██████████████████████░░░░░░  81.3% 49/60 | seed=16 INTERLEAVED | step 15500/20000 | ETA текущего run 0м 25с | training
ЭТАП 1/2 — обучение ██████████████████████░░░░░░  81.3% 49/60 | seed=16 INTERLEAVED | step 16000/20000 | ETA текущего run 0м 22с | training
ЭТАП 1/2 — обучение ██████████████████████░░░░░░  81.4% 49/60 | seed=16 INTERLEAVED | step 16500/20000 | ETA текущего run 0м 20с | training
ЭТАП 1/2 — обучение ██████████████████████░░░░░░  81.4% 49/60 | seed=16 INTERLEAVED | step 17000/20000 | ETA текущего run 0м 17с | training
ЭТАП 1/2 — обучение ██████████████████████░░░░░░  81.5% 49/60 | seed=16 INTERLEAVED | step 17500/20000 | ETA текущего run 0м 14с | training
ЭТАП 1/2 — обучение ██████████████████████░░░░░░  81.5% 49/60 | seed=16 INTERLEAVED | step 18000/20000 | ETA текущего run 0м 11с | training
ЭТАП 1/2 — обучение ██████████████████████░░░░░░  81.5% 49/60 | seed=16 INTERLEAVED | step 18500/20000 | ETA текущего run 0м 08с | training
ЭТАП 1/2 — обучение ██████████████████████░░░░░░  81.6% 49/60 | seed=16 INTERLEAVED | step 19000/20000 | ETA текущего run 0м 05с | training
ЭТАП 1/2 — обучение ██████████████████████░░░░░░  81.6% 49/60 | seed=16 INTERLEAVED | step 19500/20000 | ETA текущего run 0м 02с | training
ЭТАП 1/2 — обучение ██████████████████████░░░░░░  81.7% 49/60 | seed=16 INTERLEAVED | step 20000/20000 | ETA текущего run 0м 00с | training
ЭТАП 1/2 — обучение ██████████████████████░░░░░░  81.7% 49/60 | seed=16 INTERLEAVED | step 20000/20000 | ETA текущего run 0м 00с | checkpoint
ЭТАП 1/2 — обучение ██████████████████████░░░░░░  81.7% 49/60 | seed=16 INTERLEAVED | step 20000/20000 | ETA текущего run 0м 00с | completed

--- запуск 50/60: seed=16, condition=BLOCKED_AB ---
ЭТАП 1/2 — обучение ██████████████████████░░░░░░  81.7% 50/60 | seed=16 BLOCKED_AB | step 0/20000 | ETA текущего run 0м 00с | started
ЭТАП 1/2 — обучение ██████████████████████░░░░░░  81.7% 50/60 | seed=16 BLOCKED_AB | step 500/20000 | ETA текущего run 1м 17с | training
ЭТАП 1/2 — обучение ██████████████████████░░░░░░  81.8% 50/60 | seed=16 BLOCKED_AB | step 1000/20000 | ETA текущего run 1м 34с | training
ЭТАП 1/2 — обучение ██████████████████████░░░░░░  81.8% 50/60 | seed=16 BLOCKED_AB | step 1500/20000 | ETA текущего run 1м 38с | training
ЭТАП 1/2 — обучение ██████████████████████░░░░░░  81.8% 50/60 | seed=16 BLOCKED_AB | step 2000/20000 | ETA текущего run 1м 34с | training
ЭТАП 1/2 — обучение ██████████████████████░░░░░░  81.9% 50/60 | seed=16 BLOCKED_AB | step 2500/20000 | ETA текущего run 1м 31с | training
ЭТАП 1/2 — обучение ██████████████████████░░░░░░  81.9% 50/60 | seed=16 BLOCKED_AB | step 3000/20000 | ETA текущего run 1м 27с | training
ЭТАП 1/2 — обучение ██████████████████████░░░░░░  82.0% 50/60 | seed=16 BLOCKED_AB | step 3500/20000 | ETA текущего run 1м 24с | training
ЭТАП 1/2 — обучение ██████████████████████░░░░░░  82.0% 50/60 | seed=16 BLOCKED_AB | step 4000/20000 | ETA текущего run 1м 23с | training
ЭТАП 1/2 — обучение ██████████████████████░░░░░░  82.0% 50/60 | seed=16 BLOCKED_AB | step 4000/20000 | ETA текущего run 1м 23с | checkpoint
ЭТАП 1/2 — обучение ██████████████████████░░░░░░  82.0% 50/60 | seed=16 BLOCKED_AB | step 4500/20000 | ETA текущего run 1м 21с | training
ЭТАП 1/2 — обучение ██████████████████████░░░░░░  82.1% 50/60 | seed=16 BLOCKED_AB | step 5000/20000 | ETA текущего run 1м 18с | training
ЭТАП 1/2 — обучение ██████████████████████░░░░░░  82.1% 50/60 | seed=16 BLOCKED_AB | step 5500/20000 | ETA текущего run 1м 16с | training
ЭТАП 1/2 — обучение ███████████████████████░░░░░  82.2% 50/60 | seed=16 BLOCKED_AB | step 6000/20000 | ETA текущего run 1м 13с | training
ЭТАП 1/2 — обучение ███████████████████████░░░░░  82.2% 50/60 | seed=16 BLOCKED_AB | step 6500/20000 | ETA текущего run 1м 10с | training
ЭТАП 1/2 — обучение ███████████████████████░░░░░  82.2% 50/60 | seed=16 BLOCKED_AB | step 7000/20000 | ETA текущего run 1м 08с | training
ЭТАП 1/2 — обучение ███████████████████████░░░░░  82.3% 50/60 | seed=16 BLOCKED_AB | step 7500/20000 | ETA текущего run 1м 05с | training
ЭТАП 1/2 — обучение ███████████████████████░░░░░  82.3% 50/60 | seed=16 BLOCKED_AB | step 8000/20000 | ETA текущего run 1м 03с | training
ЭТАП 1/2 — обучение ███████████████████████░░░░░  82.4% 50/60 | seed=16 BLOCKED_AB | step 8500/20000 | ETA текущего run 1м 00с | training
ЭТАП 1/2 — обучение ███████████████████████░░░░░  82.4% 50/60 | seed=16 BLOCKED_AB | step 9000/20000 | ETA текущего run 0м 58с | training
ЭТАП 1/2 — обучение ███████████████████████░░░░░  82.5% 50/60 | seed=16 BLOCKED_AB | step 9500/20000 | ETA текущего run 0м 55с | training
ЭТАП 1/2 — обучение ███████████████████████░░░░░  82.5% 50/60 | seed=16 BLOCKED_AB | step 10000/20000 | ETA текущего run 0м 53с | training
ЭТАП 1/2 — обучение ███████████████████████░░░░░  82.5% 50/60 | seed=16 BLOCKED_AB | step 10000/20000 | ETA текущего run 0м 53с | checkpoint
ЭТАП 1/2 — обучение ███████████████████████░░░░░  82.5% 50/60 | seed=16 BLOCKED_AB | step 10500/20000 | ETA текущего run 0м 50с | training
ЭТАП 1/2 — обучение ███████████████████████░░░░░  82.6% 50/60 | seed=16 BLOCKED_AB | step 11000/20000 | ETA текущего run 0м 48с | training
ЭТАП 1/2 — обучение ███████████████████████░░░░░  82.6% 50/60 | seed=16 BLOCKED_AB | step 11500/20000 | ETA текущего run 0м 45с | training
ЭТАП 1/2 — обучение ███████████████████████░░░░░  82.7% 50/60 | seed=16 BLOCKED_AB | step 12000/20000 | ETA текущего run 0м 43с | training
ЭТАП 1/2 — обучение ███████████████████████░░░░░  82.7% 50/60 | seed=16 BLOCKED_AB | step 12500/20000 | ETA текущего run 0м 40с | training
ЭТАП 1/2 — обучение ███████████████████████░░░░░  82.8% 50/60 | seed=16 BLOCKED_AB | step 13000/20000 | ETA текущего run 0м 37с | training
ЭТАП 1/2 — обучение ███████████████████████░░░░░  82.8% 50/60 | seed=16 BLOCKED_AB | step 13500/20000 | ETA текущего run 0м 35с | training
ЭТАП 1/2 — обучение ███████████████████████░░░░░  82.8% 50/60 | seed=16 BLOCKED_AB | step 14000/20000 | ETA текущего run 0м 32с | training
ЭТАП 1/2 — обучение ███████████████████████░░░░░  82.9% 50/60 | seed=16 BLOCKED_AB | step 14500/20000 | ETA текущего run 0м 29с | training
ЭТАП 1/2 — обучение ███████████████████████░░░░░  82.9% 50/60 | seed=16 BLOCKED_AB | step 15000/20000 | ETA текущего run 0м 27с | training
ЭТАП 1/2 — обучение ███████████████████████░░░░░  83.0% 50/60 | seed=16 BLOCKED_AB | step 15500/20000 | ETA текущего run 0м 24с | training
ЭТАП 1/2 — обучение ███████████████████████░░░░░  83.0% 50/60 | seed=16 BLOCKED_AB | step 16000/20000 | ETA текущего run 0м 21с | training
ЭТАП 1/2 — обучение ███████████████████████░░░░░  83.0% 50/60 | seed=16 BLOCKED_AB | step 16500/20000 | ETA текущего run 0м 19с | training
ЭТАП 1/2 — обучение ███████████████████████░░░░░  83.1% 50/60 | seed=16 BLOCKED_AB | step 17000/20000 | ETA текущего run 0м 16с | training
ЭТАП 1/2 — обучение ███████████████████████░░░░░  83.1% 50/60 | seed=16 BLOCKED_AB | step 17500/20000 | ETA текущего run 0м 13с | training
ЭТАП 1/2 — обучение ███████████████████████░░░░░  83.2% 50/60 | seed=16 BLOCKED_AB | step 18000/20000 | ETA текущего run 0м 10с | training
ЭТАП 1/2 — обучение ███████████████████████░░░░░  83.2% 50/60 | seed=16 BLOCKED_AB | step 18500/20000 | ETA текущего run 0м 08с | training
ЭТАП 1/2 — обучение ███████████████████████░░░░░  83.2% 50/60 | seed=16 BLOCKED_AB | step 19000/20000 | ETA текущего run 0м 05с | training
ЭТАП 1/2 — обучение ███████████████████████░░░░░  83.3% 50/60 | seed=16 BLOCKED_AB | step 19500/20000 | ETA текущего run 0м 02с | training
ЭТАП 1/2 — обучение ███████████████████████░░░░░  83.3% 50/60 | seed=16 BLOCKED_AB | step 20000/20000 | ETA текущего run 0м 00с | training
ЭТАП 1/2 — обучение ███████████████████████░░░░░  83.3% 50/60 | seed=16 BLOCKED_AB | step 20000/20000 | ETA текущего run 0м 00с | checkpoint
ЭТАП 1/2 — обучение ███████████████████████░░░░░  83.3% 50/60 | seed=16 BLOCKED_AB | step 20000/20000 | ETA текущего run 0м 00с | completed

--- запуск 51/60: seed=16, condition=BLOCKED_BA ---
ЭТАП 1/2 — обучение ███████████████████████░░░░░  83.3% 51/60 | seed=16 BLOCKED_BA | step 0/20000 | ETA текущего run 0м 00с | started
ЭТАП 1/2 — обучение ███████████████████████░░░░░  83.4% 51/60 | seed=16 BLOCKED_BA | step 500/20000 | ETA текущего run 1м 24с | training
ЭТАП 1/2 — обучение ███████████████████████░░░░░  83.4% 51/60 | seed=16 BLOCKED_BA | step 1000/20000 | ETA текущего run 1м 35с | training
ЭТАП 1/2 — обучение ███████████████████████░░░░░  83.5% 51/60 | seed=16 BLOCKED_BA | step 1500/20000 | ETA текущего run 1м 37с | training
ЭТАП 1/2 — обучение ███████████████████████░░░░░  83.5% 51/60 | seed=16 BLOCKED_BA | step 2000/20000 | ETA текущего run 1м 36с | training
ЭТАП 1/2 — обучение ███████████████████████░░░░░  83.5% 51/60 | seed=16 BLOCKED_BA | step 2500/20000 | ETA текущего run 1м 35с | training
ЭТАП 1/2 — обучение ███████████████████████░░░░░  83.6% 51/60 | seed=16 BLOCKED_BA | step 3000/20000 | ETA текущего run 1м 32с | training
ЭТАП 1/2 — обучение ███████████████████████░░░░░  83.6% 51/60 | seed=16 BLOCKED_BA | step 3500/20000 | ETA текущего run 1м 28с | training
ЭТАП 1/2 — обучение ███████████████████████░░░░░  83.7% 51/60 | seed=16 BLOCKED_BA | step 4000/20000 | ETA текущего run 1м 25с | training
ЭТАП 1/2 — обучение ███████████████████████░░░░░  83.7% 51/60 | seed=16 BLOCKED_BA | step 4000/20000 | ETA текущего run 1м 25с | checkpoint
ЭТАП 1/2 — обучение ███████████████████████░░░░░  83.7% 51/60 | seed=16 BLOCKED_BA | step 4500/20000 | ETA текущего run 1м 23с | training
ЭТАП 1/2 — обучение ███████████████████████░░░░░  83.8% 51/60 | seed=16 BLOCKED_BA | step 5000/20000 | ETA текущего run 1м 20с | training
ЭТАП 1/2 — обучение ███████████████████████░░░░░  83.8% 51/60 | seed=16 BLOCKED_BA | step 5500/20000 | ETA текущего run 1м 17с | training
ЭТАП 1/2 — обучение ███████████████████████░░░░░  83.8% 51/60 | seed=16 BLOCKED_BA | step 6000/20000 | ETA текущего run 1м 14с | training
ЭТАП 1/2 — обучение ███████████████████████░░░░░  83.9% 51/60 | seed=16 BLOCKED_BA | step 6500/20000 | ETA текущего run 1м 10с | training
ЭТАП 1/2 — обучение ███████████████████████░░░░░  83.9% 51/60 | seed=16 BLOCKED_BA | step 7000/20000 | ETA текущего run 1м 07с | training
ЭТАП 1/2 — обучение ███████████████████████░░░░░  84.0% 51/60 | seed=16 BLOCKED_BA | step 7500/20000 | ETA текущего run 1м 04с | training
ЭТАП 1/2 — обучение ███████████████████████░░░░░  84.0% 51/60 | seed=16 BLOCKED_BA | step 8000/20000 | ETA текущего run 1м 01с | training
ЭТАП 1/2 — обучение ███████████████████████░░░░░  84.0% 51/60 | seed=16 BLOCKED_BA | step 8500/20000 | ETA текущего run 0м 57с | training
ЭТАП 1/2 — обучение ███████████████████████░░░░░  84.1% 51/60 | seed=16 BLOCKED_BA | step 9000/20000 | ETA текущего run 0м 54с | training
ЭТАП 1/2 — обучение ███████████████████████░░░░░  84.1% 51/60 | seed=16 BLOCKED_BA | step 9500/20000 | ETA текущего run 0м 52с | training
ЭТАП 1/2 — обучение ███████████████████████░░░░░  84.2% 51/60 | seed=16 BLOCKED_BA | step 10000/20000 | ETA текущего run 0м 48с | training
ЭТАП 1/2 — обучение ███████████████████████░░░░░  84.2% 51/60 | seed=16 BLOCKED_BA | step 10000/20000 | ETA текущего run 0м 48с | checkpoint
ЭТАП 1/2 — обучение ███████████████████████░░░░░  84.2% 51/60 | seed=16 BLOCKED_BA | step 10500/20000 | ETA текущего run 0м 45с | training
ЭТАП 1/2 — обучение ███████████████████████░░░░░  84.2% 51/60 | seed=16 BLOCKED_BA | step 11000/20000 | ETA текущего run 0м 43с | training
ЭТАП 1/2 — обучение ███████████████████████░░░░░  84.3% 51/60 | seed=16 BLOCKED_BA | step 11500/20000 | ETA текущего run 0м 40с | training
ЭТАП 1/2 — обучение ███████████████████████░░░░░  84.3% 51/60 | seed=16 BLOCKED_BA | step 12000/20000 | ETA текущего run 0м 37с | training
ЭТАП 1/2 — обучение ███████████████████████░░░░░  84.4% 51/60 | seed=16 BLOCKED_BA | step 12500/20000 | ETA текущего run 0м 34с | training
ЭТАП 1/2 — обучение ███████████████████████░░░░░  84.4% 51/60 | seed=16 BLOCKED_BA | step 13000/20000 | ETA текущего run 0м 32с | training
ЭТАП 1/2 — обучение ███████████████████████░░░░░  84.5% 51/60 | seed=16 BLOCKED_BA | step 13500/20000 | ETA текущего run 0м 30с | training
ЭТАП 1/2 — обучение ███████████████████████░░░░░  84.5% 51/60 | seed=16 BLOCKED_BA | step 14000/20000 | ETA текущего run 0м 27с | training
ЭТАП 1/2 — обучение ███████████████████████░░░░░  84.5% 51/60 | seed=16 BLOCKED_BA | step 14500/20000 | ETA текущего run 0м 25с | training
ЭТАП 1/2 — обучение ███████████████████████░░░░░  84.6% 51/60 | seed=16 BLOCKED_BA | step 15000/20000 | ETA текущего run 0м 23с | training
ЭТАП 1/2 — обучение ███████████████████████░░░░░  84.6% 51/60 | seed=16 BLOCKED_BA | step 15500/20000 | ETA текущего run 0м 21с | training
ЭТАП 1/2 — обучение ███████████████████████░░░░░  84.7% 51/60 | seed=16 BLOCKED_BA | step 16000/20000 | ETA текущего run 0м 18с | training
ЭТАП 1/2 — обучение ███████████████████████░░░░░  84.7% 51/60 | seed=16 BLOCKED_BA | step 16500/20000 | ETA текущего run 0м 16с | training
ЭТАП 1/2 — обучение ███████████████████████░░░░░  84.8% 51/60 | seed=16 BLOCKED_BA | step 17000/20000 | ETA текущего run 0м 14с | training
ЭТАП 1/2 — обучение ███████████████████████░░░░░  84.8% 51/60 | seed=16 BLOCKED_BA | step 17500/20000 | ETA текущего run 0м 11с | training
ЭТАП 1/2 — обучение ███████████████████████░░░░░  84.8% 51/60 | seed=16 BLOCKED_BA | step 18000/20000 | ETA текущего run 0м 09с | training
ЭТАП 1/2 — обучение ███████████████████████░░░░░  84.9% 51/60 | seed=16 BLOCKED_BA | step 18500/20000 | ETA текущего run 0м 07с | training
ЭТАП 1/2 — обучение ███████████████████████░░░░░  84.9% 51/60 | seed=16 BLOCKED_BA | step 19000/20000 | ETA текущего run 0м 04с | training
ЭТАП 1/2 — обучение ███████████████████████░░░░░  85.0% 51/60 | seed=16 BLOCKED_BA | step 19500/20000 | ETA текущего run 0м 02с | training
ЭТАП 1/2 — обучение ███████████████████████░░░░░  85.0% 51/60 | seed=16 BLOCKED_BA | step 20000/20000 | ETA текущего run 0м 00с | training
ЭТАП 1/2 — обучение ███████████████████████░░░░░  85.0% 51/60 | seed=16 BLOCKED_BA | step 20000/20000 | ETA текущего run 0м 00с | checkpoint
ЭТАП 1/2 — обучение ███████████████████████░░░░░  85.0% 51/60 | seed=16 BLOCKED_BA | step 20000/20000 | ETA текущего run 0м 00с | completed

--- запуск 52/60: seed=17, condition=INTERLEAVED ---
ЭТАП 1/2 — обучение ███████████████████████░░░░░  85.0% 52/60 | seed=17 INTERLEAVED | step 0/20000 | ETA текущего run 0м 00с | started
ЭТАП 1/2 — обучение ███████████████████████░░░░░  85.0% 52/60 | seed=17 INTERLEAVED | step 500/20000 | ETA текущего run 1м 26с | training
ЭТАП 1/2 — обучение ███████████████████████░░░░░  85.1% 52/60 | seed=17 INTERLEAVED | step 1000/20000 | ETA текущего run 1м 36с | training
ЭТАП 1/2 — обучение ███████████████████████░░░░░  85.1% 52/60 | seed=17 INTERLEAVED | step 1500/20000 | ETA текущего run 1м 29с | training
ЭТАП 1/2 — обучение ███████████████████████░░░░░  85.2% 52/60 | seed=17 INTERLEAVED | step 2000/20000 | ETA текущего run 1м 26с | training
ЭТАП 1/2 — обучение ███████████████████████░░░░░  85.2% 52/60 | seed=17 INTERLEAVED | step 2500/20000 | ETA текущего run 1м 21с | training
ЭТАП 1/2 — обучение ███████████████████████░░░░░  85.2% 52/60 | seed=17 INTERLEAVED | step 3000/20000 | ETA текущего run 1м 18с | training
ЭТАП 1/2 — обучение ███████████████████████░░░░░  85.3% 52/60 | seed=17 INTERLEAVED | step 3500/20000 | ETA текущего run 1м 17с | training
ЭТАП 1/2 — обучение ███████████████████████░░░░░  85.3% 52/60 | seed=17 INTERLEAVED | step 4000/20000 | ETA текущего run 1м 17с | training
ЭТАП 1/2 — обучение ███████████████████████░░░░░  85.3% 52/60 | seed=17 INTERLEAVED | step 4000/20000 | ETA текущего run 1м 17с | checkpoint
ЭТАП 1/2 — обучение ███████████████████████░░░░░  85.4% 52/60 | seed=17 INTERLEAVED | step 4500/20000 | ETA текущего run 1м 15с | training
ЭТАП 1/2 — обучение ███████████████████████░░░░░  85.4% 52/60 | seed=17 INTERLEAVED | step 5000/20000 | ETA текущего run 1м 14с | training
ЭТАП 1/2 — обучение ███████████████████████░░░░░  85.5% 52/60 | seed=17 INTERLEAVED | step 5500/20000 | ETA текущего run 1м 12с | training
ЭТАП 1/2 — обучение ███████████████████████░░░░░  85.5% 52/60 | seed=17 INTERLEAVED | step 6000/20000 | ETA текущего run 1м 09с | training
ЭТАП 1/2 — обучение ███████████████████████░░░░░  85.5% 52/60 | seed=17 INTERLEAVED | step 6500/20000 | ETA текущего run 1м 07с | training
ЭТАП 1/2 — обучение ███████████████████████░░░░░  85.6% 52/60 | seed=17 INTERLEAVED | step 7000/20000 | ETA текущего run 1м 05с | training
ЭТАП 1/2 — обучение ███████████████████████░░░░░  85.6% 52/60 | seed=17 INTERLEAVED | step 7500/20000 | ETA текущего run 1м 03с | training
ЭТАП 1/2 — обучение ███████████████████████░░░░░  85.7% 52/60 | seed=17 INTERLEAVED | step 8000/20000 | ETA текущего run 1м 00с | training
ЭТАП 1/2 — обучение ███████████████████████░░░░░  85.7% 52/60 | seed=17 INTERLEAVED | step 8500/20000 | ETA текущего run 0м 58с | training
ЭТАП 1/2 — обучение ████████████████████████░░░░  85.8% 52/60 | seed=17 INTERLEAVED | step 9000/20000 | ETA текущего run 0м 56с | training
ЭТАП 1/2 — обучение ████████████████████████░░░░  85.8% 52/60 | seed=17 INTERLEAVED | step 9500/20000 | ETA текущего run 0м 53с | training
ЭТАП 1/2 — обучение ████████████████████████░░░░  85.8% 52/60 | seed=17 INTERLEAVED | step 10000/20000 | ETA текущего run 0м 51с | training
ЭТАП 1/2 — обучение ████████████████████████░░░░  85.8% 52/60 | seed=17 INTERLEAVED | step 10000/20000 | ETA текущего run 0м 51с | checkpoint
ЭТАП 1/2 — обучение ████████████████████████░░░░  85.9% 52/60 | seed=17 INTERLEAVED | step 10500/20000 | ETA текущего run 0м 49с | training
ЭТАП 1/2 — обучение ████████████████████████░░░░  85.9% 52/60 | seed=17 INTERLEAVED | step 11000/20000 | ETA текущего run 0м 46с | training
ЭТАП 1/2 — обучение ████████████████████████░░░░  86.0% 52/60 | seed=17 INTERLEAVED | step 11500/20000 | ETA текущего run 0м 44с | training
ЭТАП 1/2 — обучение ████████████████████████░░░░  86.0% 52/60 | seed=17 INTERLEAVED | step 12000/20000 | ETA текущего run 0м 41с | training
ЭТАП 1/2 — обучение ████████████████████████░░░░  86.0% 52/60 | seed=17 INTERLEAVED | step 12500/20000 | ETA текущего run 0м 38с | training
ЭТАП 1/2 — обучение ████████████████████████░░░░  86.1% 52/60 | seed=17 INTERLEAVED | step 13000/20000 | ETA текущего run 0м 36с | training
ЭТАП 1/2 — обучение ████████████████████████░░░░  86.1% 52/60 | seed=17 INTERLEAVED | step 13500/20000 | ETA текущего run 0м 33с | training
ЭТАП 1/2 — обучение ████████████████████████░░░░  86.2% 52/60 | seed=17 INTERLEAVED | step 14000/20000 | ETA текущего run 0м 31с | training
ЭТАП 1/2 — обучение ████████████████████████░░░░  86.2% 52/60 | seed=17 INTERLEAVED | step 14500/20000 | ETA текущего run 0м 28с | training
ЭТАП 1/2 — обучение ████████████████████████░░░░  86.2% 52/60 | seed=17 INTERLEAVED | step 15000/20000 | ETA текущего run 0м 25с | training
ЭТАП 1/2 — обучение ████████████████████████░░░░  86.3% 52/60 | seed=17 INTERLEAVED | step 15500/20000 | ETA текущего run 0м 23с | training
ЭТАП 1/2 — обучение ████████████████████████░░░░  86.3% 52/60 | seed=17 INTERLEAVED | step 16000/20000 | ETA текущего run 0м 20с | training
ЭТАП 1/2 — обучение ████████████████████████░░░░  86.4% 52/60 | seed=17 INTERLEAVED | step 16500/20000 | ETA текущего run 0м 18с | training
ЭТАП 1/2 — обучение ████████████████████████░░░░  86.4% 52/60 | seed=17 INTERLEAVED | step 17000/20000 | ETA текущего run 0м 15с | training
ЭТАП 1/2 — обучение ████████████████████████░░░░  86.5% 52/60 | seed=17 INTERLEAVED | step 17500/20000 | ETA текущего run 0м 12с | training
ЭТАП 1/2 — обучение ████████████████████████░░░░  86.5% 52/60 | seed=17 INTERLEAVED | step 18000/20000 | ETA текущего run 0м 10с | training
ЭТАП 1/2 — обучение ████████████████████████░░░░  86.5% 52/60 | seed=17 INTERLEAVED | step 18500/20000 | ETA текущего run 0м 07с | training
ЭТАП 1/2 — обучение ████████████████████████░░░░  86.6% 52/60 | seed=17 INTERLEAVED | step 19000/20000 | ETA текущего run 0м 05с | training
ЭТАП 1/2 — обучение ████████████████████████░░░░  86.6% 52/60 | seed=17 INTERLEAVED | step 19500/20000 | ETA текущего run 0м 02с | training
ЭТАП 1/2 — обучение ████████████████████████░░░░  86.7% 52/60 | seed=17 INTERLEAVED | step 20000/20000 | ETA текущего run 0м 00с | training
ЭТАП 1/2 — обучение ████████████████████████░░░░  86.7% 52/60 | seed=17 INTERLEAVED | step 20000/20000 | ETA текущего run 0м 00с | checkpoint
ЭТАП 1/2 — обучение ████████████████████████░░░░  86.7% 52/60 | seed=17 INTERLEAVED | step 20000/20000 | ETA текущего run 0м 00с | completed

--- запуск 53/60: seed=17, condition=BLOCKED_AB ---
ЭТАП 1/2 — обучение ████████████████████████░░░░  86.7% 53/60 | seed=17 BLOCKED_AB | step 0/20000 | ETA текущего run 0м 00с | started
ЭТАП 1/2 — обучение ████████████████████████░░░░  86.7% 53/60 | seed=17 BLOCKED_AB | step 500/20000 | ETA текущего run 1м 14с | training
ЭТАП 1/2 — обучение ████████████████████████░░░░  86.8% 53/60 | seed=17 BLOCKED_AB | step 1000/20000 | ETA текущего run 1м 32с | training
ЭТАП 1/2 — обучение ████████████████████████░░░░  86.8% 53/60 | seed=17 BLOCKED_AB | step 1500/20000 | ETA текущего run 1м 36с | training
ЭТАП 1/2 — обучение ████████████████████████░░░░  86.8% 53/60 | seed=17 BLOCKED_AB | step 2000/20000 | ETA текущего run 1м 34с | training
ЭТАП 1/2 — обучение ████████████████████████░░░░  86.9% 53/60 | seed=17 BLOCKED_AB | step 2500/20000 | ETA текущего run 1м 52с | training
ЭТАП 1/2 — обучение ████████████████████████░░░░  86.9% 53/60 | seed=17 BLOCKED_AB | step 3000/20000 | ETA текущего run 2м 03с | training
ЭТАП 1/2 — обучение ████████████████████████░░░░  87.0% 53/60 | seed=17 BLOCKED_AB | step 3500/20000 | ETA текущего run 2м 12с | training
ЭТАП 1/2 — обучение ████████████████████████░░░░  87.0% 53/60 | seed=17 BLOCKED_AB | step 4000/20000 | ETA текущего run 2м 23с | training
ЭТАП 1/2 — обучение ████████████████████████░░░░  87.0% 53/60 | seed=17 BLOCKED_AB | step 4000/20000 | ETA текущего run 2м 24с | checkpoint
ЭТАП 1/2 — обучение ████████████████████████░░░░  87.0% 53/60 | seed=17 BLOCKED_AB | step 4500/20000 | ETA текущего run 2м 28с | training
ЭТАП 1/2 — обучение ████████████████████████░░░░  87.1% 53/60 | seed=17 BLOCKED_AB | step 5000/20000 | ETA текущего run 2м 32с | training
ЭТАП 1/2 — обучение ████████████████████████░░░░  87.1% 53/60 | seed=17 BLOCKED_AB | step 5500/20000 | ETA текущего run 2м 33с | training
ЭТАП 1/2 — обучение ████████████████████████░░░░  87.2% 53/60 | seed=17 BLOCKED_AB | step 6000/20000 | ETA текущего run 2м 32с | training
ЭТАП 1/2 — обучение ████████████████████████░░░░  87.2% 53/60 | seed=17 BLOCKED_AB | step 6500/20000 | ETA текущего run 2м 32с | training
ЭТАП 1/2 — обучение ████████████████████████░░░░  87.2% 53/60 | seed=17 BLOCKED_AB | step 7000/20000 | ETA текущего run 2м 30с | training
ЭТАП 1/2 — обучение ████████████████████████░░░░  87.3% 53/60 | seed=17 BLOCKED_AB | step 7500/20000 | ETA текущего run 2м 25с | training
ЭТАП 1/2 — обучение ████████████████████████░░░░  87.3% 53/60 | seed=17 BLOCKED_AB | step 8000/20000 | ETA текущего run 2м 22с | training
ЭТАП 1/2 — обучение ████████████████████████░░░░  87.4% 53/60 | seed=17 BLOCKED_AB | step 8500/20000 | ETA текущего run 2м 18с | training
ЭТАП 1/2 — обучение ████████████████████████░░░░  87.4% 53/60 | seed=17 BLOCKED_AB | step 9000/20000 | ETA текущего run 2м 13с | training
ЭТАП 1/2 — обучение ████████████████████████░░░░  87.5% 53/60 | seed=17 BLOCKED_AB | step 9500/20000 | ETA текущего run 2м 09с | training
ЭТАП 1/2 — обучение ████████████████████████░░░░  87.5% 53/60 | seed=17 BLOCKED_AB | step 10000/20000 | ETA текущего run 2м 04с | training
ЭТАП 1/2 — обучение ████████████████████████░░░░  87.5% 53/60 | seed=17 BLOCKED_AB | step 10000/20000 | ETA текущего run 2м 04с | checkpoint
ЭТАП 1/2 — обучение ████████████████████████░░░░  87.5% 53/60 | seed=17 BLOCKED_AB | step 10500/20000 | ETA текущего run 1м 58с | training
ЭТАП 1/2 — обучение ████████████████████████░░░░  87.6% 53/60 | seed=17 BLOCKED_AB | step 11000/20000 | ETA текущего run 1м 52с | training
ЭТАП 1/2 — обучение ████████████████████████░░░░  87.6% 53/60 | seed=17 BLOCKED_AB | step 11500/20000 | ETA текущего run 1м 45с | training
ЭТАП 1/2 — обучение ████████████████████████░░░░  87.7% 53/60 | seed=17 BLOCKED_AB | step 12000/20000 | ETA текущего run 1м 39с | training
ЭТАП 1/2 — обучение ████████████████████████░░░░  87.7% 53/60 | seed=17 BLOCKED_AB | step 12500/20000 | ETA текущего run 1м 33с | training
ЭТАП 1/2 — обучение ████████████████████████░░░░  87.8% 53/60 | seed=17 BLOCKED_AB | step 13000/20000 | ETA текущего run 1м 25с | training
ЭТАП 1/2 — обучение ████████████████████████░░░░  87.8% 53/60 | seed=17 BLOCKED_AB | step 13500/20000 | ETA текущего run 1м 18с | training
ЭТАП 1/2 — обучение ████████████████████████░░░░  87.8% 53/60 | seed=17 BLOCKED_AB | step 14000/20000 | ETA текущего run 1м 10с | training
ЭТАП 1/2 — обучение ████████████████████████░░░░  87.9% 53/60 | seed=17 BLOCKED_AB | step 14500/20000 | ETA текущего run 1м 04с | training
ЭТАП 1/2 — обучение ████████████████████████░░░░  87.9% 53/60 | seed=17 BLOCKED_AB | step 15000/20000 | ETA текущего run 0м 57с | training
ЭТАП 1/2 — обучение ████████████████████████░░░░  88.0% 53/60 | seed=17 BLOCKED_AB | step 15500/20000 | ETA текущего run 0м 51с | training
ЭТАП 1/2 — обучение ████████████████████████░░░░  88.0% 53/60 | seed=17 BLOCKED_AB | step 16000/20000 | ETA текущего run 0м 44с | training
ЭТАП 1/2 — обучение ████████████████████████░░░░  88.0% 53/60 | seed=17 BLOCKED_AB | step 16500/20000 | ETA текущего run 0м 38с | training
ЭТАП 1/2 — обучение ████████████████████████░░░░  88.1% 53/60 | seed=17 BLOCKED_AB | step 17000/20000 | ETA текущего run 0м 32с | training
ЭТАП 1/2 — обучение ████████████████████████░░░░  88.1% 53/60 | seed=17 BLOCKED_AB | step 17500/20000 | ETA текущего run 0м 26с | training
ЭТАП 1/2 — обучение ████████████████████████░░░░  88.2% 53/60 | seed=17 BLOCKED_AB | step 18000/20000 | ETA текущего run 0м 21с | training
ЭТАП 1/2 — обучение ████████████████████████░░░░  88.2% 53/60 | seed=17 BLOCKED_AB | step 18500/20000 | ETA текущего run 0м 15с | training
ЭТАП 1/2 — обучение ████████████████████████░░░░  88.2% 53/60 | seed=17 BLOCKED_AB | step 19000/20000 | ETA текущего run 0м 10с | training
ЭТАП 1/2 — обучение ████████████████████████░░░░  88.3% 53/60 | seed=17 BLOCKED_AB | step 19500/20000 | ETA текущего run 0м 05с | training
ЭТАП 1/2 — обучение ████████████████████████░░░░  88.3% 53/60 | seed=17 BLOCKED_AB | step 20000/20000 | ETA текущего run 0м 00с | training
ЭТАП 1/2 — обучение ████████████████████████░░░░  88.3% 53/60 | seed=17 BLOCKED_AB | step 20000/20000 | ETA текущего run 0м 00с | checkpoint
ЭТАП 1/2 — обучение ████████████████████████░░░░  88.3% 53/60 | seed=17 BLOCKED_AB | step 20000/20000 | ETA текущего run 0м 00с | completed

--- запуск 54/60: seed=17, condition=BLOCKED_BA ---
ЭТАП 1/2 — обучение ████████████████████████░░░░  88.3% 54/60 | seed=17 BLOCKED_BA | step 0/20000 | ETA текущего run 0м 00с | started
ЭТАП 1/2 — обучение ████████████████████████░░░░  88.4% 54/60 | seed=17 BLOCKED_BA | step 500/20000 | ETA текущего run 1м 11с | training
ЭТАП 1/2 — обучение ████████████████████████░░░░  88.4% 54/60 | seed=17 BLOCKED_BA | step 1000/20000 | ETA текущего run 1м 27с | training
ЭТАП 1/2 — обучение ████████████████████████░░░░  88.5% 54/60 | seed=17 BLOCKED_BA | step 1500/20000 | ETA текущего run 1м 31с | training
ЭТАП 1/2 — обучение ████████████████████████░░░░  88.5% 54/60 | seed=17 BLOCKED_BA | step 2000/20000 | ETA текущего run 1м 31с | training
ЭТАП 1/2 — обучение ████████████████████████░░░░  88.5% 54/60 | seed=17 BLOCKED_BA | step 2500/20000 | ETA текущего run 1м 31с | training
ЭТАП 1/2 — обучение ████████████████████████░░░░  88.6% 54/60 | seed=17 BLOCKED_BA | step 3000/20000 | ETA текущего run 1м 29с | training
ЭТАП 1/2 — обучение ████████████████████████░░░░  88.6% 54/60 | seed=17 BLOCKED_BA | step 3500/20000 | ETA текущего run 1м 27с | training
ЭТАП 1/2 — обучение ████████████████████████░░░░  88.7% 54/60 | seed=17 BLOCKED_BA | step 4000/20000 | ETA текущего run 1м 25с | training
ЭТАП 1/2 — обучение ████████████████████████░░░░  88.7% 54/60 | seed=17 BLOCKED_BA | step 4000/20000 | ETA текущего run 1м 25с | checkpoint
ЭТАП 1/2 — обучение ████████████████████████░░░░  88.7% 54/60 | seed=17 BLOCKED_BA | step 4500/20000 | ETA текущего run 1м 23с | training
ЭТАП 1/2 — обучение ████████████████████████░░░░  88.8% 54/60 | seed=17 BLOCKED_BA | step 5000/20000 | ETA текущего run 1м 21с | training
ЭТАП 1/2 — обучение ████████████████████████░░░░  88.8% 54/60 | seed=17 BLOCKED_BA | step 5500/20000 | ETA текущего run 1м 18с | training
ЭТАП 1/2 — обучение ████████████████████████░░░░  88.8% 54/60 | seed=17 BLOCKED_BA | step 6000/20000 | ETA текущего run 1м 15с | training
ЭТАП 1/2 — обучение ████████████████████████░░░░  88.9% 54/60 | seed=17 BLOCKED_BA | step 6500/20000 | ETA текущего run 1м 13с | training
ЭТАП 1/2 — обучение ████████████████████████░░░░  88.9% 54/60 | seed=17 BLOCKED_BA | step 7000/20000 | ETA текущего run 1м 10с | training
ЭТАП 1/2 — обучение ████████████████████████░░░░  89.0% 54/60 | seed=17 BLOCKED_BA | step 7500/20000 | ETA текущего run 1м 08с | training
ЭТАП 1/2 — обучение ████████████████████████░░░░  89.0% 54/60 | seed=17 BLOCKED_BA | step 8000/20000 | ETA текущего run 1м 05с | training
ЭТАП 1/2 — обучение ████████████████████████░░░░  89.0% 54/60 | seed=17 BLOCKED_BA | step 8500/20000 | ETA текущего run 1м 02с | training
ЭТАП 1/2 — обучение ████████████████████████░░░░  89.1% 54/60 | seed=17 BLOCKED_BA | step 9000/20000 | ETA текущего run 1м 00с | training
ЭТАП 1/2 — обучение ████████████████████████░░░░  89.1% 54/60 | seed=17 BLOCKED_BA | step 9500/20000 | ETA текущего run 0м 57с | training
ЭТАП 1/2 — обучение ████████████████████████░░░░  89.2% 54/60 | seed=17 BLOCKED_BA | step 10000/20000 | ETA текущего run 0м 54с | training
ЭТАП 1/2 — обучение ████████████████████████░░░░  89.2% 54/60 | seed=17 BLOCKED_BA | step 10000/20000 | ETA текущего run 0м 54с | checkpoint
ЭТАП 1/2 — обучение ████████████████████████░░░░  89.2% 54/60 | seed=17 BLOCKED_BA | step 10500/20000 | ETA текущего run 0м 52с | training
ЭТАП 1/2 — обучение ████████████████████████░░░░  89.2% 54/60 | seed=17 BLOCKED_BA | step 11000/20000 | ETA текущего run 0м 49с | training
ЭТАП 1/2 — обучение █████████████████████████░░░  89.3% 54/60 | seed=17 BLOCKED_BA | step 11500/20000 | ETA текущего run 0м 46с | training
ЭТАП 1/2 — обучение █████████████████████████░░░  89.3% 54/60 | seed=17 BLOCKED_BA | step 12000/20000 | ETA текущего run 0м 44с | training
ЭТАП 1/2 — обучение █████████████████████████░░░  89.4% 54/60 | seed=17 BLOCKED_BA | step 12500/20000 | ETA текущего run 0м 41с | training
ЭТАП 1/2 — обучение █████████████████████████░░░  89.4% 54/60 | seed=17 BLOCKED_BA | step 13000/20000 | ETA текущего run 0м 38с | training
ЭТАП 1/2 — обучение █████████████████████████░░░  89.5% 54/60 | seed=17 BLOCKED_BA | step 13500/20000 | ETA текущего run 0м 35с | training
ЭТАП 1/2 — обучение █████████████████████████░░░  89.5% 54/60 | seed=17 BLOCKED_BA | step 14000/20000 | ETA текущего run 0м 33с | training
ЭТАП 1/2 — обучение █████████████████████████░░░  89.5% 54/60 | seed=17 BLOCKED_BA | step 14500/20000 | ETA текущего run 0м 30с | training
ЭТАП 1/2 — обучение █████████████████████████░░░  89.6% 54/60 | seed=17 BLOCKED_BA | step 15000/20000 | ETA текущего run 0м 27с | training
ЭТАП 1/2 — обучение █████████████████████████░░░  89.6% 54/60 | seed=17 BLOCKED_BA | step 15500/20000 | ETA текущего run 0м 24с | training
ЭТАП 1/2 — обучение █████████████████████████░░░  89.7% 54/60 | seed=17 BLOCKED_BA | step 16000/20000 | ETA текущего run 0м 22с | training
ЭТАП 1/2 — обучение █████████████████████████░░░  89.7% 54/60 | seed=17 BLOCKED_BA | step 16500/20000 | ETA текущего run 0м 19с | training
ЭТАП 1/2 — обучение █████████████████████████░░░  89.8% 54/60 | seed=17 BLOCKED_BA | step 17000/20000 | ETA текущего run 0м 16с | training
ЭТАП 1/2 — обучение █████████████████████████░░░  89.8% 54/60 | seed=17 BLOCKED_BA | step 17500/20000 | ETA текущего run 0м 13с | training
ЭТАП 1/2 — обучение █████████████████████████░░░  89.8% 54/60 | seed=17 BLOCKED_BA | step 18000/20000 | ETA текущего run 0м 11с | training
ЭТАП 1/2 — обучение █████████████████████████░░░  89.9% 54/60 | seed=17 BLOCKED_BA | step 18500/20000 | ETA текущего run 0м 08с | training
ЭТАП 1/2 — обучение █████████████████████████░░░  89.9% 54/60 | seed=17 BLOCKED_BA | step 19000/20000 | ETA текущего run 0м 05с | training
ЭТАП 1/2 — обучение █████████████████████████░░░  90.0% 54/60 | seed=17 BLOCKED_BA | step 19500/20000 | ETA текущего run 0м 02с | training
ЭТАП 1/2 — обучение █████████████████████████░░░  90.0% 54/60 | seed=17 BLOCKED_BA | step 20000/20000 | ETA текущего run 0м 00с | training
ЭТАП 1/2 — обучение █████████████████████████░░░  90.0% 54/60 | seed=17 BLOCKED_BA | step 20000/20000 | ETA текущего run 0м 00с | checkpoint
ЭТАП 1/2 — обучение █████████████████████████░░░  90.0% 54/60 | seed=17 BLOCKED_BA | step 20000/20000 | ETA текущего run 0м 00с | completed

--- запуск 55/60: seed=18, condition=INTERLEAVED ---
ЭТАП 1/2 — обучение █████████████████████████░░░  90.0% 55/60 | seed=18 INTERLEAVED | step 0/20000 | ETA текущего run 0м 00с | started
ЭТАП 1/2 — обучение █████████████████████████░░░  90.0% 55/60 | seed=18 INTERLEAVED | step 500/20000 | ETA текущего run 1м 08с | training
ЭТАП 1/2 — обучение █████████████████████████░░░  90.1% 55/60 | seed=18 INTERLEAVED | step 1000/20000 | ETA текущего run 1м 27с | training
ЭТАП 1/2 — обучение █████████████████████████░░░  90.1% 55/60 | seed=18 INTERLEAVED | step 1500/20000 | ETA текущего run 1м 32с | training
ЭТАП 1/2 — обучение █████████████████████████░░░  90.2% 55/60 | seed=18 INTERLEAVED | step 2000/20000 | ETA текущего run 1м 32с | training
ЭТАП 1/2 — обучение █████████████████████████░░░  90.2% 55/60 | seed=18 INTERLEAVED | step 2500/20000 | ETA текущего run 1м 31с | training
ЭТАП 1/2 — обучение █████████████████████████░░░  90.2% 55/60 | seed=18 INTERLEAVED | step 3000/20000 | ETA текущего run 1м 29с | training
ЭТАП 1/2 — обучение █████████████████████████░░░  90.3% 55/60 | seed=18 INTERLEAVED | step 3500/20000 | ETA текущего run 1м 27с | training
ЭТАП 1/2 — обучение █████████████████████████░░░  90.3% 55/60 | seed=18 INTERLEAVED | step 4000/20000 | ETA текущего run 1м 25с | training
ЭТАП 1/2 — обучение █████████████████████████░░░  90.3% 55/60 | seed=18 INTERLEAVED | step 4000/20000 | ETA текущего run 1м 25с | checkpoint
ЭТАП 1/2 — обучение █████████████████████████░░░  90.4% 55/60 | seed=18 INTERLEAVED | step 4500/20000 | ETA текущего run 1м 23с | training
ЭТАП 1/2 — обучение █████████████████████████░░░  90.4% 55/60 | seed=18 INTERLEAVED | step 5000/20000 | ETA текущего run 1м 20с | training
ЭТАП 1/2 — обучение █████████████████████████░░░  90.5% 55/60 | seed=18 INTERLEAVED | step 5500/20000 | ETA текущего run 1м 18с | training
ЭТАП 1/2 — обучение █████████████████████████░░░  90.5% 55/60 | seed=18 INTERLEAVED | step 6000/20000 | ETA текущего run 1м 15с | training
ЭТАП 1/2 — обучение █████████████████████████░░░  90.5% 55/60 | seed=18 INTERLEAVED | step 6500/20000 | ETA текущего run 1м 13с | training
ЭТАП 1/2 — обучение █████████████████████████░░░  90.6% 55/60 | seed=18 INTERLEAVED | step 7000/20000 | ETA текущего run 1м 10с | training
ЭТАП 1/2 — обучение █████████████████████████░░░  90.6% 55/60 | seed=18 INTERLEAVED | step 7500/20000 | ETA текущего run 1м 08с | training
ЭТАП 1/2 — обучение █████████████████████████░░░  90.7% 55/60 | seed=18 INTERLEAVED | step 8000/20000 | ETA текущего run 1м 05с | training
ЭТАП 1/2 — обучение █████████████████████████░░░  90.7% 55/60 | seed=18 INTERLEAVED | step 8500/20000 | ETA текущего run 1м 02с | training
ЭТАП 1/2 — обучение █████████████████████████░░░  90.8% 55/60 | seed=18 INTERLEAVED | step 9000/20000 | ETA текущего run 1м 00с | training
ЭТАП 1/2 — обучение █████████████████████████░░░  90.8% 55/60 | seed=18 INTERLEAVED | step 9500/20000 | ETA текущего run 0м 57с | training
ЭТАП 1/2 — обучение █████████████████████████░░░  90.8% 55/60 | seed=18 INTERLEAVED | step 10000/20000 | ETA текущего run 0м 54с | training
ЭТАП 1/2 — обучение █████████████████████████░░░  90.8% 55/60 | seed=18 INTERLEAVED | step 10000/20000 | ETA текущего run 0м 54с | checkpoint
ЭТАП 1/2 — обучение █████████████████████████░░░  90.9% 55/60 | seed=18 INTERLEAVED | step 10500/20000 | ETA текущего run 0м 52с | training
ЭТАП 1/2 — обучение █████████████████████████░░░  90.9% 55/60 | seed=18 INTERLEAVED | step 11000/20000 | ETA текущего run 0м 49с | training
ЭТАП 1/2 — обучение █████████████████████████░░░  91.0% 55/60 | seed=18 INTERLEAVED | step 11500/20000 | ETA текущего run 0м 46с | training
ЭТАП 1/2 — обучение █████████████████████████░░░  91.0% 55/60 | seed=18 INTERLEAVED | step 12000/20000 | ETA текущего run 0м 43с | training
ЭТАП 1/2 — обучение █████████████████████████░░░  91.0% 55/60 | seed=18 INTERLEAVED | step 12500/20000 | ETA текущего run 0м 41с | training
ЭТАП 1/2 — обучение █████████████████████████░░░  91.1% 55/60 | seed=18 INTERLEAVED | step 13000/20000 | ETA текущего run 0м 38с | training
ЭТАП 1/2 — обучение █████████████████████████░░░  91.1% 55/60 | seed=18 INTERLEAVED | step 13500/20000 | ETA текущего run 0м 35с | training
ЭТАП 1/2 — обучение █████████████████████████░░░  91.2% 55/60 | seed=18 INTERLEAVED | step 14000/20000 | ETA текущего run 0м 33с | training
ЭТАП 1/2 — обучение █████████████████████████░░░  91.2% 55/60 | seed=18 INTERLEAVED | step 14500/20000 | ETA текущего run 0м 30с | training
ЭТАП 1/2 — обучение █████████████████████████░░░  91.2% 55/60 | seed=18 INTERLEAVED | step 15000/20000 | ETA текущего run 0м 27с | training
ЭТАП 1/2 — обучение █████████████████████████░░░  91.3% 55/60 | seed=18 INTERLEAVED | step 15500/20000 | ETA текущего run 0м 24с | training
ЭТАП 1/2 — обучение █████████████████████████░░░  91.3% 55/60 | seed=18 INTERLEAVED | step 16000/20000 | ETA текущего run 0м 22с | training
ЭТАП 1/2 — обучение █████████████████████████░░░  91.4% 55/60 | seed=18 INTERLEAVED | step 16500/20000 | ETA текущего run 0м 19с | training
ЭТАП 1/2 — обучение █████████████████████████░░░  91.4% 55/60 | seed=18 INTERLEAVED | step 17000/20000 | ETA текущего run 0м 16с | training
ЭТАП 1/2 — обучение █████████████████████████░░░  91.5% 55/60 | seed=18 INTERLEAVED | step 17500/20000 | ETA текущего run 0м 13с | training
ЭТАП 1/2 — обучение █████████████████████████░░░  91.5% 55/60 | seed=18 INTERLEAVED | step 18000/20000 | ETA текущего run 0м 11с | training
ЭТАП 1/2 — обучение █████████████████████████░░░  91.5% 55/60 | seed=18 INTERLEAVED | step 18500/20000 | ETA текущего run 0м 08с | training
ЭТАП 1/2 — обучение █████████████████████████░░░  91.6% 55/60 | seed=18 INTERLEAVED | step 19000/20000 | ETA текущего run 0м 05с | training
ЭТАП 1/2 — обучение █████████████████████████░░░  91.6% 55/60 | seed=18 INTERLEAVED | step 19500/20000 | ETA текущего run 0м 02с | training
ЭТАП 1/2 — обучение █████████████████████████░░░  91.7% 55/60 | seed=18 INTERLEAVED | step 20000/20000 | ETA текущего run 0м 00с | training
ЭТАП 1/2 — обучение █████████████████████████░░░  91.7% 55/60 | seed=18 INTERLEAVED | step 20000/20000 | ETA текущего run 0м 00с | checkpoint
ЭТАП 1/2 — обучение █████████████████████████░░░  91.7% 55/60 | seed=18 INTERLEAVED | step 20000/20000 | ETA текущего run 0м 00с | completed

--- запуск 56/60: seed=18, condition=BLOCKED_AB ---
ЭТАП 1/2 — обучение █████████████████████████░░░  91.7% 56/60 | seed=18 BLOCKED_AB | step 0/20000 | ETA текущего run 0м 00с | started
ЭТАП 1/2 — обучение █████████████████████████░░░  91.7% 56/60 | seed=18 BLOCKED_AB | step 500/20000 | ETA текущего run 1м 17с | training
ЭТАП 1/2 — обучение █████████████████████████░░░  91.8% 56/60 | seed=18 BLOCKED_AB | step 1000/20000 | ETA текущего run 1м 30с | training
ЭТАП 1/2 — обучение █████████████████████████░░░  91.8% 56/60 | seed=18 BLOCKED_AB | step 1500/20000 | ETA текущего run 1м 32с | training
ЭТАП 1/2 — обучение █████████████████████████░░░  91.8% 56/60 | seed=18 BLOCKED_AB | step 2000/20000 | ETA текущего run 1м 32с | training
ЭТАП 1/2 — обучение █████████████████████████░░░  91.9% 56/60 | seed=18 BLOCKED_AB | step 2500/20000 | ETA текущего run 1м 31с | training
ЭТАП 1/2 — обучение █████████████████████████░░░  91.9% 56/60 | seed=18 BLOCKED_AB | step 3000/20000 | ETA текущего run 1м 30с | training
ЭТАП 1/2 — обучение █████████████████████████░░░  92.0% 56/60 | seed=18 BLOCKED_AB | step 3500/20000 | ETA текущего run 1м 28с | training
ЭТАП 1/2 — обучение █████████████████████████░░░  92.0% 56/60 | seed=18 BLOCKED_AB | step 4000/20000 | ETA текущего run 1м 25с | training
ЭТАП 1/2 — обучение █████████████████████████░░░  92.0% 56/60 | seed=18 BLOCKED_AB | step 4000/20000 | ETA текущего run 1м 26с | checkpoint
ЭТАП 1/2 — обучение █████████████████████████░░░  92.0% 56/60 | seed=18 BLOCKED_AB | step 4500/20000 | ETA текущего run 1м 23с | training
ЭТАП 1/2 — обучение █████████████████████████░░░  92.1% 56/60 | seed=18 BLOCKED_AB | step 5000/20000 | ETA текущего run 1м 21с | training
ЭТАП 1/2 — обучение █████████████████████████░░░  92.1% 56/60 | seed=18 BLOCKED_AB | step 5500/20000 | ETA текущего run 1м 18с | training
ЭТАП 1/2 — обучение █████████████████████████░░░  92.2% 56/60 | seed=18 BLOCKED_AB | step 6000/20000 | ETA текущего run 1м 16с | training
ЭТАП 1/2 — обучение █████████████████████████░░░  92.2% 56/60 | seed=18 BLOCKED_AB | step 6500/20000 | ETA текущего run 1м 13с | training
ЭТАП 1/2 — обучение █████████████████████████░░░  92.2% 56/60 | seed=18 BLOCKED_AB | step 7000/20000 | ETA текущего run 1м 10с | training
ЭТАП 1/2 — обучение █████████████████████████░░░  92.3% 56/60 | seed=18 BLOCKED_AB | step 7500/20000 | ETA текущего run 1м 08с | training
ЭТАП 1/2 — обучение █████████████████████████░░░  92.3% 56/60 | seed=18 BLOCKED_AB | step 8000/20000 | ETA текущего run 1м 05с | training
ЭТАП 1/2 — обучение █████████████████████████░░░  92.4% 56/60 | seed=18 BLOCKED_AB | step 8500/20000 | ETA текущего run 1м 02с | training
ЭТАП 1/2 — обучение █████████████████████████░░░  92.4% 56/60 | seed=18 BLOCKED_AB | step 9000/20000 | ETA текущего run 1м 00с | training
ЭТАП 1/2 — обучение █████████████████████████░░░  92.5% 56/60 | seed=18 BLOCKED_AB | step 9500/20000 | ETA текущего run 0м 57с | training
ЭТАП 1/2 — обучение █████████████████████████░░░  92.5% 56/60 | seed=18 BLOCKED_AB | step 10000/20000 | ETA текущего run 0м 54с | training
ЭТАП 1/2 — обучение █████████████████████████░░░  92.5% 56/60 | seed=18 BLOCKED_AB | step 10000/20000 | ETA текущего run 0м 54с | checkpoint
ЭТАП 1/2 — обучение █████████████████████████░░░  92.5% 56/60 | seed=18 BLOCKED_AB | step 10500/20000 | ETA текущего run 0м 52с | training
ЭТАП 1/2 — обучение █████████████████████████░░░  92.6% 56/60 | seed=18 BLOCKED_AB | step 11000/20000 | ETA текущего run 0м 49с | training
ЭТАП 1/2 — обучение █████████████████████████░░░  92.6% 56/60 | seed=18 BLOCKED_AB | step 11500/20000 | ETA текущего run 0м 46с | training
ЭТАП 1/2 — обучение █████████████████████████░░░  92.7% 56/60 | seed=18 BLOCKED_AB | step 12000/20000 | ETA текущего run 0м 45с | training
ЭТАП 1/2 — обучение █████████████████████████░░░  92.7% 56/60 | seed=18 BLOCKED_AB | step 12500/20000 | ETA текущего run 0м 44с | training
ЭТАП 1/2 — обучение █████████████████████████░░░  92.8% 56/60 | seed=18 BLOCKED_AB | step 13000/20000 | ETA текущего run 0м 43с | training
ЭТАП 1/2 — обучение █████████████████████████░░░  92.8% 56/60 | seed=18 BLOCKED_AB | step 13500/20000 | ETA текущего run 0м 41с | training
ЭТАП 1/2 — обучение █████████████████████████░░░  92.8% 56/60 | seed=18 BLOCKED_AB | step 14000/20000 | ETA текущего run 0м 39с | training
ЭТАП 1/2 — обучение ██████████████████████████░░  92.9% 56/60 | seed=18 BLOCKED_AB | step 14500/20000 | ETA текущего run 0м 36с | training
ЭТАП 1/2 — обучение ██████████████████████████░░  92.9% 56/60 | seed=18 BLOCKED_AB | step 15000/20000 | ETA текущего run 0м 34с | training
ЭТАП 1/2 — обучение ██████████████████████████░░  93.0% 56/60 | seed=18 BLOCKED_AB | step 15500/20000 | ETA текущего run 0м 31с | training
ЭТАП 1/2 — обучение ██████████████████████████░░  93.0% 56/60 | seed=18 BLOCKED_AB | step 16000/20000 | ETA текущего run 0м 28с | training
ЭТАП 1/2 — обучение ██████████████████████████░░  93.0% 56/60 | seed=18 BLOCKED_AB | step 16500/20000 | ETA текущего run 0м 25с | training
ЭТАП 1/2 — обучение ██████████████████████████░░  93.1% 56/60 | seed=18 BLOCKED_AB | step 17000/20000 | ETA текущего run 0м 22с | training
ЭТАП 1/2 — обучение ██████████████████████████░░  93.1% 56/60 | seed=18 BLOCKED_AB | step 17500/20000 | ETA текущего run 0м 18с | training
ЭТАП 1/2 — обучение ██████████████████████████░░  93.2% 56/60 | seed=18 BLOCKED_AB | step 18000/20000 | ETA текущего run 0м 15с | training
ЭТАП 1/2 — обучение ██████████████████████████░░  93.2% 56/60 | seed=18 BLOCKED_AB | step 18500/20000 | ETA текущего run 0м 11с | training
ЭТАП 1/2 — обучение ██████████████████████████░░  93.2% 56/60 | seed=18 BLOCKED_AB | step 19000/20000 | ETA текущего run 0м 08с | training
ЭТАП 1/2 — обучение ██████████████████████████░░  93.3% 56/60 | seed=18 BLOCKED_AB | step 19500/20000 | ETA текущего run 0м 04с | training
ЭТАП 1/2 — обучение ██████████████████████████░░  93.3% 56/60 | seed=18 BLOCKED_AB | step 20000/20000 | ETA текущего run 0м 00с | training
ЭТАП 1/2 — обучение ██████████████████████████░░  93.3% 56/60 | seed=18 BLOCKED_AB | step 20000/20000 | ETA текущего run 0м 00с | checkpoint
ЭТАП 1/2 — обучение ██████████████████████████░░  93.3% 56/60 | seed=18 BLOCKED_AB | step 20000/20000 | ETA текущего run 0м 00с | completed

--- запуск 57/60: seed=18, condition=BLOCKED_BA ---
ЭТАП 1/2 — обучение ██████████████████████████░░  93.3% 57/60 | seed=18 BLOCKED_BA | step 0/20000 | ETA текущего run 0м 00с | started
ЭТАП 1/2 — обучение ██████████████████████████░░  93.4% 57/60 | seed=18 BLOCKED_BA | step 500/20000 | ETA текущего run 2м 13с | training
ЭТАП 1/2 — обучение ██████████████████████████░░  93.4% 57/60 | seed=18 BLOCKED_BA | step 1000/20000 | ETA текущего run 3м 10с | training
ЭТАП 1/2 — обучение ██████████████████████████░░  93.5% 57/60 | seed=18 BLOCKED_BA | step 1500/20000 | ETA текущего run 2м 47с | training
ЭТАП 1/2 — обучение ██████████████████████████░░  93.5% 57/60 | seed=18 BLOCKED_BA | step 2000/20000 | ETA текущего run 2м 27с | training
ЭТАП 1/2 — обучение ██████████████████████████░░  93.5% 57/60 | seed=18 BLOCKED_BA | step 2500/20000 | ETA текущего run 2м 16с | training
ЭТАП 1/2 — обучение ██████████████████████████░░  93.6% 57/60 | seed=18 BLOCKED_BA | step 3000/20000 | ETA текущего run 2м 07с | training
ЭТАП 1/2 — обучение ██████████████████████████░░  93.6% 57/60 | seed=18 BLOCKED_BA | step 3500/20000 | ETA текущего run 2м 00с | training
ЭТАП 1/2 — обучение ██████████████████████████░░  93.7% 57/60 | seed=18 BLOCKED_BA | step 4000/20000 | ETA текущего run 1м 53с | training
ЭТАП 1/2 — обучение ██████████████████████████░░  93.7% 57/60 | seed=18 BLOCKED_BA | step 4000/20000 | ETA текущего run 1м 53с | checkpoint
ЭТАП 1/2 — обучение ██████████████████████████░░  93.7% 57/60 | seed=18 BLOCKED_BA | step 4500/20000 | ETA текущего run 1м 48с | training
ЭТАП 1/2 — обучение ██████████████████████████░░  93.8% 57/60 | seed=18 BLOCKED_BA | step 5000/20000 | ETA текущего run 1м 43с | training
ЭТАП 1/2 — обучение ██████████████████████████░░  93.8% 57/60 | seed=18 BLOCKED_BA | step 5500/20000 | ETA текущего run 1м 39с | training
ЭТАП 1/2 — обучение ██████████████████████████░░  93.8% 57/60 | seed=18 BLOCKED_BA | step 6000/20000 | ETA текущего run 1м 34с | training
ЭТАП 1/2 — обучение ██████████████████████████░░  93.9% 57/60 | seed=18 BLOCKED_BA | step 6500/20000 | ETA текущего run 1м 30с | training
ЭТАП 1/2 — обучение ██████████████████████████░░  93.9% 57/60 | seed=18 BLOCKED_BA | step 7000/20000 | ETA текущего run 1м 26с | training
ЭТАП 1/2 — обучение ██████████████████████████░░  94.0% 57/60 | seed=18 BLOCKED_BA | step 7500/20000 | ETA текущего run 1м 22с | training
ЭТАП 1/2 — обучение ██████████████████████████░░  94.0% 57/60 | seed=18 BLOCKED_BA | step 8000/20000 | ETA текущего run 1м 19с | training
ЭТАП 1/2 — обучение ██████████████████████████░░  94.0% 57/60 | seed=18 BLOCKED_BA | step 8500/20000 | ETA текущего run 1м 15с | training
ЭТАП 1/2 — обучение ██████████████████████████░░  94.1% 57/60 | seed=18 BLOCKED_BA | step 9000/20000 | ETA текущего run 1м 11с | training
ЭТАП 1/2 — обучение ██████████████████████████░░  94.1% 57/60 | seed=18 BLOCKED_BA | step 9500/20000 | ETA текущего run 1м 07с | training
ЭТАП 1/2 — обучение ██████████████████████████░░  94.2% 57/60 | seed=18 BLOCKED_BA | step 10000/20000 | ETA текущего run 1м 04с | training
ЭТАП 1/2 — обучение ██████████████████████████░░  94.2% 57/60 | seed=18 BLOCKED_BA | step 10000/20000 | ETA текущего run 1м 04с | checkpoint
ЭТАП 1/2 — обучение ██████████████████████████░░  94.2% 57/60 | seed=18 BLOCKED_BA | step 10500/20000 | ETA текущего run 1м 00с | training
ЭТАП 1/2 — обучение ██████████████████████████░░  94.2% 57/60 | seed=18 BLOCKED_BA | step 11000/20000 | ETA текущего run 0м 57с | training
ЭТАП 1/2 — обучение ██████████████████████████░░  94.3% 57/60 | seed=18 BLOCKED_BA | step 11500/20000 | ETA текущего run 0м 53с | training
ЭТАП 1/2 — обучение ██████████████████████████░░  94.3% 57/60 | seed=18 BLOCKED_BA | step 12000/20000 | ETA текущего run 0м 50с | training
ЭТАП 1/2 — обучение ██████████████████████████░░  94.4% 57/60 | seed=18 BLOCKED_BA | step 12500/20000 | ETA текущего run 0м 47с | training
ЭТАП 1/2 — обучение ██████████████████████████░░  94.4% 57/60 | seed=18 BLOCKED_BA | step 13000/20000 | ETA текущего run 0м 43с | training
ЭТАП 1/2 — обучение ██████████████████████████░░  94.5% 57/60 | seed=18 BLOCKED_BA | step 13500/20000 | ETA текущего run 0м 40с | training
ЭТАП 1/2 — обучение ██████████████████████████░░  94.5% 57/60 | seed=18 BLOCKED_BA | step 14000/20000 | ETA текущего run 0м 37с | training
ЭТАП 1/2 — обучение ██████████████████████████░░  94.5% 57/60 | seed=18 BLOCKED_BA | step 14500/20000 | ETA текущего run 0м 34с | training
ЭТАП 1/2 — обучение ██████████████████████████░░  94.6% 57/60 | seed=18 BLOCKED_BA | step 15000/20000 | ETA текущего run 0м 30с | training
ЭТАП 1/2 — обучение ██████████████████████████░░  94.6% 57/60 | seed=18 BLOCKED_BA | step 15500/20000 | ETA текущего run 0м 28с | training
ЭТАП 1/2 — обучение ██████████████████████████░░  94.7% 57/60 | seed=18 BLOCKED_BA | step 16000/20000 | ETA текущего run 0м 26с | training
ЭТАП 1/2 — обучение ██████████████████████████░░  94.7% 57/60 | seed=18 BLOCKED_BA | step 16500/20000 | ETA текущего run 0м 23с | training
ЭТАП 1/2 — обучение ██████████████████████████░░  94.8% 57/60 | seed=18 BLOCKED_BA | step 17000/20000 | ETA текущего run 0м 20с | training
ЭТАП 1/2 — обучение ██████████████████████████░░  94.8% 57/60 | seed=18 BLOCKED_BA | step 17500/20000 | ETA текущего run 0м 17с | training
ЭТАП 1/2 — обучение ██████████████████████████░░  94.8% 57/60 | seed=18 BLOCKED_BA | step 18000/20000 | ETA текущего run 0м 14с | training
ЭТАП 1/2 — обучение ██████████████████████████░░  94.9% 57/60 | seed=18 BLOCKED_BA | step 18500/20000 | ETA текущего run 0м 10с | training
ЭТАП 1/2 — обучение ██████████████████████████░░  94.9% 57/60 | seed=18 BLOCKED_BA | step 19000/20000 | ETA текущего run 0м 07с | training
ЭТАП 1/2 — обучение ██████████████████████████░░  95.0% 57/60 | seed=18 BLOCKED_BA | step 19500/20000 | ETA текущего run 0м 03с | training
ЭТАП 1/2 — обучение ██████████████████████████░░  95.0% 57/60 | seed=18 BLOCKED_BA | step 20000/20000 | ETA текущего run 0м 00с | training
ЭТАП 1/2 — обучение ██████████████████████████░░  95.0% 57/60 | seed=18 BLOCKED_BA | step 20000/20000 | ETA текущего run 0м 00с | checkpoint
ЭТАП 1/2 — обучение ██████████████████████████░░  95.0% 57/60 | seed=18 BLOCKED_BA | step 20000/20000 | ETA текущего run 0м 00с | completed

--- запуск 58/60: seed=19, condition=INTERLEAVED ---
ЭТАП 1/2 — обучение ██████████████████████████░░  95.0% 58/60 | seed=19 INTERLEAVED | step 0/20000 | ETA текущего run 0м 00с | started
ЭТАП 1/2 — обучение ██████████████████████████░░  95.0% 58/60 | seed=19 INTERLEAVED | step 500/20000 | ETA текущего run 2м 09с | training
ЭТАП 1/2 — обучение ██████████████████████████░░  95.1% 58/60 | seed=19 INTERLEAVED | step 1000/20000 | ETA текущего run 2м 02с | training
ЭТАП 1/2 — обучение ██████████████████████████░░  95.1% 58/60 | seed=19 INTERLEAVED | step 1500/20000 | ETA текущего run 1м 56с | training
ЭТАП 1/2 — обучение ██████████████████████████░░  95.2% 58/60 | seed=19 INTERLEAVED | step 2000/20000 | ETA текущего run 1м 53с | training
ЭТАП 1/2 — обучение ██████████████████████████░░  95.2% 58/60 | seed=19 INTERLEAVED | step 2500/20000 | ETA текущего run 1м 47с | training
ЭТАП 1/2 — обучение ██████████████████████████░░  95.2% 58/60 | seed=19 INTERLEAVED | step 3000/20000 | ETA текущего run 1м 42с | training
ЭТАП 1/2 — обучение ██████████████████████████░░  95.3% 58/60 | seed=19 INTERLEAVED | step 3500/20000 | ETA текущего run 1м 45с | training
ЭТАП 1/2 — обучение ██████████████████████████░░  95.3% 58/60 | seed=19 INTERLEAVED | step 4000/20000 | ETA текущего run 1м 51с | training
ЭТАП 1/2 — обучение ██████████████████████████░░  95.3% 58/60 | seed=19 INTERLEAVED | step 4000/20000 | ETA текущего run 1м 51с | checkpoint
ЭТАП 1/2 — обучение ██████████████████████████░░  95.4% 58/60 | seed=19 INTERLEAVED | step 4500/20000 | ETA текущего run 1м 45с | training
ЭТАП 1/2 — обучение ██████████████████████████░░  95.4% 58/60 | seed=19 INTERLEAVED | step 5000/20000 | ETA текущего run 1м 40с | training
ЭТАП 1/2 — обучение ██████████████████████████░░  95.5% 58/60 | seed=19 INTERLEAVED | step 5500/20000 | ETA текущего run 1м 37с | training
ЭТАП 1/2 — обучение ██████████████████████████░░  95.5% 58/60 | seed=19 INTERLEAVED | step 6000/20000 | ETA текущего run 1м 36с | training
ЭТАП 1/2 — обучение ██████████████████████████░░  95.5% 58/60 | seed=19 INTERLEAVED | step 6500/20000 | ETA текущего run 1м 36с | training
ЭТАП 1/2 — обучение ██████████████████████████░░  95.6% 58/60 | seed=19 INTERLEAVED | step 7000/20000 | ETA текущего run 1м 31с | training
ЭТАП 1/2 — обучение ██████████████████████████░░  95.6% 58/60 | seed=19 INTERLEAVED | step 7500/20000 | ETA текущего run 1м 32с | training
ЭТАП 1/2 — обучение ██████████████████████████░░  95.7% 58/60 | seed=19 INTERLEAVED | step 8000/20000 | ETA текущего run 1м 32с | training
ЭТАП 1/2 — обучение ██████████████████████████░░  95.7% 58/60 | seed=19 INTERLEAVED | step 8500/20000 | ETA текущего run 1м 31с | training
ЭТАП 1/2 — обучение ██████████████████████████░░  95.8% 58/60 | seed=19 INTERLEAVED | step 9000/20000 | ETA текущего run 1м 29с | training
ЭТАП 1/2 — обучение ██████████████████████████░░  95.8% 58/60 | seed=19 INTERLEAVED | step 9500/20000 | ETA текущего run 1м 28с | training
ЭТАП 1/2 — обучение ██████████████████████████░░  95.8% 58/60 | seed=19 INTERLEAVED | step 10000/20000 | ETA текущего run 1м 26с | training
ЭТАП 1/2 — обучение ██████████████████████████░░  95.8% 58/60 | seed=19 INTERLEAVED | step 10000/20000 | ETA текущего run 1м 26с | checkpoint
ЭТАП 1/2 — обучение ██████████████████████████░░  95.9% 58/60 | seed=19 INTERLEAVED | step 10500/20000 | ETA текущего run 1м 24с | training
ЭТАП 1/2 — обучение ██████████████████████████░░  95.9% 58/60 | seed=19 INTERLEAVED | step 11000/20000 | ETA текущего run 1м 22с | training
ЭТАП 1/2 — обучение ██████████████████████████░░  96.0% 58/60 | seed=19 INTERLEAVED | step 11500/20000 | ETA текущего run 1м 19с | training
ЭТАП 1/2 — обучение ██████████████████████████░░  96.0% 58/60 | seed=19 INTERLEAVED | step 12000/20000 | ETA текущего run 1м 14с | training
ЭТАП 1/2 — обучение ██████████████████████████░░  96.0% 58/60 | seed=19 INTERLEAVED | step 12500/20000 | ETA текущего run 1м 09с | training
ЭТАП 1/2 — обучение ██████████████████████████░░  96.1% 58/60 | seed=19 INTERLEAVED | step 13000/20000 | ETA текущего run 1м 03с | training
ЭТАП 1/2 — обучение ██████████████████████████░░  96.1% 58/60 | seed=19 INTERLEAVED | step 13500/20000 | ETA текущего run 0м 58с | training
ЭТАП 1/2 — обучение ██████████████████████████░░  96.2% 58/60 | seed=19 INTERLEAVED | step 14000/20000 | ETA текущего run 0м 53с | training
ЭТАП 1/2 — обучение ██████████████████████████░░  96.2% 58/60 | seed=19 INTERLEAVED | step 14500/20000 | ETA текущего run 0м 48с | training
ЭТАП 1/2 — обучение ██████████████████████████░░  96.2% 58/60 | seed=19 INTERLEAVED | step 15000/20000 | ETA текущего run 0м 43с | training
ЭТАП 1/2 — обучение ██████████████████████████░░  96.3% 58/60 | seed=19 INTERLEAVED | step 15500/20000 | ETA текущего run 0м 39с | training
ЭТАП 1/2 — обучение ██████████████████████████░░  96.3% 58/60 | seed=19 INTERLEAVED | step 16000/20000 | ETA текущего run 0м 34с | training
ЭТАП 1/2 — обучение ██████████████████████████░░  96.4% 58/60 | seed=19 INTERLEAVED | step 16500/20000 | ETA текущего run 0м 30с | training
ЭТАП 1/2 — обучение ██████████████████████████░░  96.4% 58/60 | seed=19 INTERLEAVED | step 17000/20000 | ETA текущего run 0м 25с | training
ЭТАП 1/2 — обучение ███████████████████████████░  96.5% 58/60 | seed=19 INTERLEAVED | step 17500/20000 | ETA текущего run 0м 21с | training
ЭТАП 1/2 — обучение ███████████████████████████░  96.5% 58/60 | seed=19 INTERLEAVED | step 18000/20000 | ETA текущего run 0м 16с | training
ЭТАП 1/2 — обучение ███████████████████████████░  96.5% 58/60 | seed=19 INTERLEAVED | step 18500/20000 | ETA текущего run 0м 12с | training
ЭТАП 1/2 — обучение ███████████████████████████░  96.6% 58/60 | seed=19 INTERLEAVED | step 19000/20000 | ETA текущего run 0м 08с | training
ЭТАП 1/2 — обучение ███████████████████████████░  96.6% 58/60 | seed=19 INTERLEAVED | step 19500/20000 | ETA текущего run 0м 04с | training
ЭТАП 1/2 — обучение ███████████████████████████░  96.7% 58/60 | seed=19 INTERLEAVED | step 20000/20000 | ETA текущего run 0м 00с | training
ЭТАП 1/2 — обучение ███████████████████████████░  96.7% 58/60 | seed=19 INTERLEAVED | step 20000/20000 | ETA текущего run 0м 00с | checkpoint
ЭТАП 1/2 — обучение ███████████████████████████░  96.7% 58/60 | seed=19 INTERLEAVED | step 20000/20000 | ETA текущего run 0м 00с | completed

--- запуск 59/60: seed=19, condition=BLOCKED_AB ---
ЭТАП 1/2 — обучение ███████████████████████████░  96.7% 59/60 | seed=19 BLOCKED_AB | step 0/20000 | ETA текущего run 0м 00с | started
ЭТАП 1/2 — обучение ███████████████████████████░  96.7% 59/60 | seed=19 BLOCKED_AB | step 500/20000 | ETA текущего run 1м 25с | training
ЭТАП 1/2 — обучение ███████████████████████████░  96.7% 59/60 | seed=19 BLOCKED_AB | step 1000/20000 | ETA текущего run 1м 42с | training
ЭТАП 1/2 — обучение ███████████████████████████░  96.8% 59/60 | seed=19 BLOCKED_AB | step 1500/20000 | ETA текущего run 1м 47с | training
ЭТАП 1/2 — обучение ███████████████████████████░  96.8% 59/60 | seed=19 BLOCKED_AB | step 2000/20000 | ETA текущего run 1м 44с | training
ЭТАП 1/2 — обучение ███████████████████████████░  96.9% 59/60 | seed=19 BLOCKED_AB | step 2500/20000 | ETA текущего run 1м 44с | training
ЭТАП 1/2 — обучение ███████████████████████████░  96.9% 59/60 | seed=19 BLOCKED_AB | step 3000/20000 | ETA текущего run 1м 42с | training
ЭТАП 1/2 — обучение ███████████████████████████░  97.0% 59/60 | seed=19 BLOCKED_AB | step 3500/20000 | ETA текущего run 1м 41с | training
ЭТАП 1/2 — обучение ███████████████████████████░  97.0% 59/60 | seed=19 BLOCKED_AB | step 4000/20000 | ETA текущего run 1м 38с | training
ЭТАП 1/2 — обучение ███████████████████████████░  97.0% 59/60 | seed=19 BLOCKED_AB | step 4000/20000 | ETA текущего run 1м 38с | checkpoint
ЭТАП 1/2 — обучение ███████████████████████████░  97.0% 59/60 | seed=19 BLOCKED_AB | step 4500/20000 | ETA текущего run 1м 36с | training
ЭТАП 1/2 — обучение ███████████████████████████░  97.1% 59/60 | seed=19 BLOCKED_AB | step 5000/20000 | ETA текущего run 1м 33с | training
ЭТАП 1/2 — обучение ███████████████████████████░  97.1% 59/60 | seed=19 BLOCKED_AB | step 5500/20000 | ETA текущего run 1м 30с | training
ЭТАП 1/2 — обучение ███████████████████████████░  97.2% 59/60 | seed=19 BLOCKED_AB | step 6000/20000 | ETA текущего run 1м 27с | training
ЭТАП 1/2 — обучение ███████████████████████████░  97.2% 59/60 | seed=19 BLOCKED_AB | step 6500/20000 | ETA текущего run 1м 24с | training
ЭТАП 1/2 — обучение ███████████████████████████░  97.2% 59/60 | seed=19 BLOCKED_AB | step 7000/20000 | ETA текущего run 1м 21с | training
ЭТАП 1/2 — обучение ███████████████████████████░  97.3% 59/60 | seed=19 BLOCKED_AB | step 7500/20000 | ETA текущего run 1м 18с | training
ЭТАП 1/2 — обучение ███████████████████████████░  97.3% 59/60 | seed=19 BLOCKED_AB | step 8000/20000 | ETA текущего run 1м 15с | training
ЭТАП 1/2 — обучение ███████████████████████████░  97.4% 59/60 | seed=19 BLOCKED_AB | step 8500/20000 | ETA текущего run 1м 12с | training
ЭТАП 1/2 — обучение ███████████████████████████░  97.4% 59/60 | seed=19 BLOCKED_AB | step 9000/20000 | ETA текущего run 1м 09с | training
ЭТАП 1/2 — обучение ███████████████████████████░  97.5% 59/60 | seed=19 BLOCKED_AB | step 9500/20000 | ETA текущего run 1м 05с | training
ЭТАП 1/2 — обучение ███████████████████████████░  97.5% 59/60 | seed=19 BLOCKED_AB | step 10000/20000 | ETA текущего run 1м 02с | training
ЭТАП 1/2 — обучение ███████████████████████████░  97.5% 59/60 | seed=19 BLOCKED_AB | step 10000/20000 | ETA текущего run 1м 02с | checkpoint
ЭТАП 1/2 — обучение ███████████████████████████░  97.5% 59/60 | seed=19 BLOCKED_AB | step 10500/20000 | ETA текущего run 0м 59с | training
ЭТАП 1/2 — обучение ███████████████████████████░  97.6% 59/60 | seed=19 BLOCKED_AB | step 11000/20000 | ETA текущего run 0м 56с | training
ЭТАП 1/2 — обучение ███████████████████████████░  97.6% 59/60 | seed=19 BLOCKED_AB | step 11500/20000 | ETA текущего run 0м 52с | training
ЭТАП 1/2 — обучение ███████████████████████████░  97.7% 59/60 | seed=19 BLOCKED_AB | step 12000/20000 | ETA текущего run 0м 49с | training
ЭТАП 1/2 — обучение ███████████████████████████░  97.7% 59/60 | seed=19 BLOCKED_AB | step 12500/20000 | ETA текущего run 0м 46с | training
ЭТАП 1/2 — обучение ███████████████████████████░  97.7% 59/60 | seed=19 BLOCKED_AB | step 13000/20000 | ETA текущего run 0м 43с | training
ЭТАП 1/2 — обучение ███████████████████████████░  97.8% 59/60 | seed=19 BLOCKED_AB | step 13500/20000 | ETA текущего run 0м 40с | training
ЭТАП 1/2 — обучение ███████████████████████████░  97.8% 59/60 | seed=19 BLOCKED_AB | step 14000/20000 | ETA текущего run 0м 37с | training
ЭТАП 1/2 — обучение ███████████████████████████░  97.9% 59/60 | seed=19 BLOCKED_AB | step 14500/20000 | ETA текущего run 0м 33с | training
ЭТАП 1/2 — обучение ███████████████████████████░  97.9% 59/60 | seed=19 BLOCKED_AB | step 15000/20000 | ETA текущего run 0м 30с | training
ЭТАП 1/2 — обучение ███████████████████████████░  98.0% 59/60 | seed=19 BLOCKED_AB | step 15500/20000 | ETA текущего run 0м 27с | training
ЭТАП 1/2 — обучение ███████████████████████████░  98.0% 59/60 | seed=19 BLOCKED_AB | step 16000/20000 | ETA текущего run 0м 24с | training
ЭТАП 1/2 — обучение ███████████████████████████░  98.0% 59/60 | seed=19 BLOCKED_AB | step 16500/20000 | ETA текущего run 0м 21с | training
ЭТАП 1/2 — обучение ███████████████████████████░  98.1% 59/60 | seed=19 BLOCKED_AB | step 17000/20000 | ETA текущего run 0м 18с | training
ЭТАП 1/2 — обучение ███████████████████████████░  98.1% 59/60 | seed=19 BLOCKED_AB | step 17500/20000 | ETA текущего run 0м 15с | training
ЭТАП 1/2 — обучение ███████████████████████████░  98.2% 59/60 | seed=19 BLOCKED_AB | step 18000/20000 | ETA текущего run 0м 12с | training
ЭТАП 1/2 — обучение ███████████████████████████░  98.2% 59/60 | seed=19 BLOCKED_AB | step 18500/20000 | ETA текущего run 0м 09с | training
ЭТАП 1/2 — обучение ███████████████████████████░  98.2% 59/60 | seed=19 BLOCKED_AB | step 19000/20000 | ETA текущего run 0м 06с | training
ЭТАП 1/2 — обучение ███████████████████████████░  98.3% 59/60 | seed=19 BLOCKED_AB | step 19500/20000 | ETA текущего run 0м 03с | training
ЭТАП 1/2 — обучение ███████████████████████████░  98.3% 59/60 | seed=19 BLOCKED_AB | step 20000/20000 | ETA текущего run 0м 00с | training
ЭТАП 1/2 — обучение ███████████████████████████░  98.3% 59/60 | seed=19 BLOCKED_AB | step 20000/20000 | ETA текущего run 0м 00с | checkpoint
ЭТАП 1/2 — обучение ███████████████████████████░  98.3% 59/60 | seed=19 BLOCKED_AB | step 20000/20000 | ETA текущего run 0м 00с | completed

--- запуск 60/60: seed=19, condition=BLOCKED_BA ---
ЭТАП 1/2 — обучение ███████████████████████████░  98.3% 60/60 | seed=19 BLOCKED_BA | step 0/20000 | ETA текущего run 0м 00с | started
ЭТАП 1/2 — обучение ███████████████████████████░  98.4% 60/60 | seed=19 BLOCKED_BA | step 500/20000 | ETA текущего run 1м 33с | training
ЭТАП 1/2 — обучение ███████████████████████████░  98.4% 60/60 | seed=19 BLOCKED_BA | step 1000/20000 | ETA текущего run 1м 41с | training
ЭТАП 1/2 — обучение ███████████████████████████░  98.5% 60/60 | seed=19 BLOCKED_BA | step 1500/20000 | ETA текущего run 1м 41с | training
ЭТАП 1/2 — обучение ███████████████████████████░  98.5% 60/60 | seed=19 BLOCKED_BA | step 2000/20000 | ETA текущего run 1м 39с | training
ЭТАП 1/2 — обучение ███████████████████████████░  98.5% 60/60 | seed=19 BLOCKED_BA | step 2500/20000 | ETA текущего run 1м 38с | training
ЭТАП 1/2 — обучение ███████████████████████████░  98.6% 60/60 | seed=19 BLOCKED_BA | step 3000/20000 | ETA текущего run 1м 36с | training
ЭТАП 1/2 — обучение ███████████████████████████░  98.6% 60/60 | seed=19 BLOCKED_BA | step 3500/20000 | ETA текущего run 1м 33с | training
ЭТАП 1/2 — обучение ███████████████████████████░  98.7% 60/60 | seed=19 BLOCKED_BA | step 4000/20000 | ETA текущего run 1м 30с | training
ЭТАП 1/2 — обучение ███████████████████████████░  98.7% 60/60 | seed=19 BLOCKED_BA | step 4000/20000 | ETA текущего run 1м 31с | checkpoint
ЭТАП 1/2 — обучение ███████████████████████████░  98.7% 60/60 | seed=19 BLOCKED_BA | step 4500/20000 | ETA текущего run 1м 28с | training
ЭТАП 1/2 — обучение ███████████████████████████░  98.8% 60/60 | seed=19 BLOCKED_BA | step 5000/20000 | ETA текущего run 1м 25с | training
ЭТАП 1/2 — обучение ███████████████████████████░  98.8% 60/60 | seed=19 BLOCKED_BA | step 5500/20000 | ETA текущего run 1м 22с | training
ЭТАП 1/2 — обучение ███████████████████████████░  98.8% 60/60 | seed=19 BLOCKED_BA | step 6000/20000 | ETA текущего run 1м 19с | training
ЭТАП 1/2 — обучение ███████████████████████████░  98.9% 60/60 | seed=19 BLOCKED_BA | step 6500/20000 | ETA текущего run 1м 17с | training
ЭТАП 1/2 — обучение ███████████████████████████░  98.9% 60/60 | seed=19 BLOCKED_BA | step 7000/20000 | ETA текущего run 1м 14с | training
ЭТАП 1/2 — обучение ███████████████████████████░  99.0% 60/60 | seed=19 BLOCKED_BA | step 7500/20000 | ETA текущего run 1м 11с | training
ЭТАП 1/2 — обучение ███████████████████████████░  99.0% 60/60 | seed=19 BLOCKED_BA | step 8000/20000 | ETA текущего run 1м 07с | training
ЭТАП 1/2 — обучение ███████████████████████████░  99.0% 60/60 | seed=19 BLOCKED_BA | step 8500/20000 | ETA текущего run 1м 04с | training
ЭТАП 1/2 — обучение ███████████████████████████░  99.1% 60/60 | seed=19 BLOCKED_BA | step 9000/20000 | ETA текущего run 1м 01с | training
ЭТАП 1/2 — обучение ███████████████████████████░  99.1% 60/60 | seed=19 BLOCKED_BA | step 9500/20000 | ETA текущего run 0м 58с | training
ЭТАП 1/2 — обучение ███████████████████████████░  99.2% 60/60 | seed=19 BLOCKED_BA | step 10000/20000 | ETA текущего run 0м 55с | training
ЭТАП 1/2 — обучение ███████████████████████████░  99.2% 60/60 | seed=19 BLOCKED_BA | step 10000/20000 | ETA текущего run 0м 55с | checkpoint
ЭТАП 1/2 — обучение ███████████████████████████░  99.2% 60/60 | seed=19 BLOCKED_BA | step 10500/20000 | ETA текущего run 0м 52с | training
ЭТАП 1/2 — обучение ███████████████████████████░  99.2% 60/60 | seed=19 BLOCKED_BA | step 11000/20000 | ETA текущего run 0м 50с | training
ЭТАП 1/2 — обучение ███████████████████████████░  99.3% 60/60 | seed=19 BLOCKED_BA | step 11500/20000 | ETA текущего run 0м 47с | training
ЭТАП 1/2 — обучение ███████████████████████████░  99.3% 60/60 | seed=19 BLOCKED_BA | step 12000/20000 | ETA текущего run 0м 44с | training
ЭТАП 1/2 — обучение ███████████████████████████░  99.4% 60/60 | seed=19 BLOCKED_BA | step 12500/20000 | ETA текущего run 0м 41с | training
ЭТАП 1/2 — обучение ███████████████████████████░  99.4% 60/60 | seed=19 BLOCKED_BA | step 13000/20000 | ETA текущего run 0м 38с | training
ЭТАП 1/2 — обучение ███████████████████████████░  99.5% 60/60 | seed=19 BLOCKED_BA | step 13500/20000 | ETA текущего run 0м 36с | training
ЭТАП 1/2 — обучение ███████████████████████████░  99.5% 60/60 | seed=19 BLOCKED_BA | step 14000/20000 | ETA текущего run 0м 33с | training
ЭТАП 1/2 — обучение ███████████████████████████░  99.5% 60/60 | seed=19 BLOCKED_BA | step 14500/20000 | ETA текущего run 0м 30с | training
ЭТАП 1/2 — обучение ███████████████████████████░  99.6% 60/60 | seed=19 BLOCKED_BA | step 15000/20000 | ETA текущего run 0м 27с | training
ЭТАП 1/2 — обучение ███████████████████████████░  99.6% 60/60 | seed=19 BLOCKED_BA | step 15500/20000 | ETA текущего run 0м 25с | training
ЭТАП 1/2 — обучение ███████████████████████████░  99.7% 60/60 | seed=19 BLOCKED_BA | step 16000/20000 | ETA текущего run 0м 22с | training
ЭТАП 1/2 — обучение ███████████████████████████░  99.7% 60/60 | seed=19 BLOCKED_BA | step 16500/20000 | ETA текущего run 0м 19с | training
ЭТАП 1/2 — обучение ███████████████████████████░  99.8% 60/60 | seed=19 BLOCKED_BA | step 17000/20000 | ETA текущего run 0м 16с | training
ЭТАП 1/2 — обучение ███████████████████████████░  99.8% 60/60 | seed=19 BLOCKED_BA | step 17500/20000 | ETA текущего run 0м 13с | training
ЭТАП 1/2 — обучение ███████████████████████████░  99.8% 60/60 | seed=19 BLOCKED_BA | step 18000/20000 | ETA текущего run 0м 11с | training
ЭТАП 1/2 — обучение ███████████████████████████░  99.9% 60/60 | seed=19 BLOCKED_BA | step 18500/20000 | ETA текущего run 0м 08с | training
ЭТАП 1/2 — обучение ███████████████████████████░  99.9% 60/60 | seed=19 BLOCKED_BA | step 19000/20000 | ETA текущего run 0м 05с | training
ЭТАП 1/2 — обучение ███████████████████████████░ 100.0% 60/60 | seed=19 BLOCKED_BA | step 19500/20000 | ETA текущего run 0м 02с | training
ЭТАП 1/2 — обучение ████████████████████████████ 100.0% 60/60 | seed=19 BLOCKED_BA | step 20000/20000 | ETA текущего run 0м 00с | training
ЭТАП 1/2 — обучение ████████████████████████████ 100.0% 60/60 | seed=19 BLOCKED_BA | step 20000/20000 | ETA текущего run 0м 00с | checkpoint
ЭТАП 1/2 — обучение ████████████████████████████ 100.0% 60/60 | seed=19 BLOCKED_BA | step 20000/20000 | ETA текущего run 0м 00с | completed
ЭТАП 2/2 — анализ и отчёт: 60/60 моделей завершено
